pole_id,lat,lon,feeder_id,dt_id,seq_on_line,parent_pole_id,pole_type,ward,pincode,device_id
P-000001,12.955769,77.579231,F-07-03,D-0001,1,,LT-8m-PCC,W-80,560078,KSPDB-SD07-D-0001-1
P-000002,12.955664,77.579168,F-07-03,D-0001,2,P-000001,LT-8m-Steel,W-57,560078,KSPDB-SD07-D-0001-2
P-000003,12.95586,77.579302,F-07-03,D-0001,2,P-000001,LT-9m-PCC,W-17,560078,KSPDB-SD07-D-0001-3
P-000004,12.955945,77.579325,F-07-03,D-0001,3,P-000003,LT-9m-PCC,W-80,560078,KSPDB-SD07-D-0001-4
P-000005,12.955575,77.579087,F-07-03,D-0001,3,P-000002,LT-8m-PCC,W-83,560078,KSPDB-SD07-D-0001-5
P-000006,12.955708,77.579201,F-07-03,D-0001,3,P-000003,LT-8m-Steel,W-45,560078,KSPDB-SD07-D-0001-6
P-000007,12.955867,77.579284,F-07-03,D-0001,4,P-000006,LT-8m-PCC,W-67,560078,KSPDB-SD07-D-0001-7
P-000008,12.955533,77.579315,F-07-03,D-0001,4,P-000006,LT-8m-Steel,W-63,560078,KSPDB-SD07-D-0001-8
P-000009,12.955396,77.579105,F-07-03,D-0001,4,P-000005,LT-8m-PCC,W-92,560078,KSPDB-SD07-D-0001-9
P-000010,12.955529,77.579209,F-07-03,D-0001,4,P-000006,LT-9m-PCC,W-66,560078,KSPDB-SD07-D-0001-10
P-000011,12.955354,77.579334,F-07-03,D-0001,5,P-000008,LT-8m-Steel,W-98,560078,KSPDB-SD07-D-0001-11
P-000012,12.956002,77.579125,F-07-03,D-0001,5,P-000007,LT-8m-PCC,W-54,560078,KSPDB-SD07-D-0001-12
P-000013,12.955613,77.579229,F-07-03,D-0001,5,P-000008,LT-9m-PCC,W-65,560078,KSPDB-SD07-D-0001-13
P-000014,12.955347,77.579125,F-07-03,D-0001,5,P-000010,LT-9m-PCC,W-75,560078,KSPDB-SD07-D-0001-14
P-000015,12.956014,77.579134,F-07-03,D-0001,6,P-000012,LT-9m-PCC,W-15,560078,
P-000016,12.956066,77.579012,F-07-03,D-0001,7,P-000015,LT-9m-PCC,W-74,560078,KSPDB-SD07-D-0001-16
P-000017,12.95607,77.579224,F-07-03,D-0001,7,P-000015,LT-9m-PCC,W-59,560078,KSPDB-SD07-D-0001-17
P-000018,12.955386,77.579017,F-07-03,D-0001,6,P-000014,LT-8m-PCC,W-20,560078,KSPDB-SD07-D-0001-18
P-000019,12.955869,77.579121,F-07-03,D-0001,7,P-000015,LT-8m-PCC,W-56,560078,KSPDB-SD07-D-0001-19
P-000020,12.956072,77.579203,F-07-03,D-0001,8,P-000016,LT-9m-PCC,W-69,560078,KSPDB-SD07-D-0001-20
P-000021,12.955573,77.5789,F-07-03,D-0001,7,P-000018,LT-9m-PCC,W-73,560078,KSPDB-SD07-D-0001-21
P-000022,12.956036,77.579312,F-07-03,D-0001,8,P-000019,LT-8m-PCC,W-20,560078,KSPDB-SD07-D-0001-22
P-000023,12.956168,77.57912,F-07-03,D-0001,9,P-000020,LT-9m-PCC,W-21,560078,KSPDB-SD07-D-0001-23
P-000024,12.955449,77.578845,F-07-03,D-0001,8,P-000021,LT-9m-PCC,W-74,560078,KSPDB-SD07-D-0001-24
P-000025,12.95605,77.579118,F-07-03,D-0001,9,P-000020,LT-9m-PCC,W-58,560078,KSPDB-SD07-D-0001-25
P-000026,12.955989,77.579357,F-07-03,D-0001,9,P-000022,LT-8m-PCC,W-45,560078,KSPDB-SD07-D-0001-26
P-000027,12.955344,77.578861,F-07-03,D-0001,9,P-000024,LT-8m-PCC,W-84,560078,KSPDB-SD07-D-0001-27
P-000028,12.955899,77.579296,F-07-03,D-0001,10,P-000026,LT-8m-Steel,W-77,560078,KSPDB-SD07-D-0001-28
P-000029,12.955525,77.578691,F-07-03,D-0001,10,P-000027,LT-8m-PCC,W-89,,KSPDB-SD07-D-0001-29
P-000030,12.955949,77.579279,F-07-03,D-0001,11,P-000028,LT-8m-Steel,W-63,560078,
P-000031,12.955489,77.57888,F-07-03,D-0001,10,P-000027,LT-8m-Steel,W-35,560078,KSPDB-SD07-D-0001-31
P-000032,12.955419,77.578767,F-07-03,D-0001,11,P-000031,LT-8m-PCC,W-61,560078,KSPDB-SD07-D-0001-32
P-000033,12.955584,77.578742,F-07-03,D-0001,11,P-000031,LT-8m-Steel,W-24,560078,KSPDB-SD07-D-0001-33
P-000034,12.955515,77.578654,F-07-03,D-0001,12,P-000033,LT-9m-PCC,W-86,560078,KSPDB-SD07-D-0001-34
P-000035,12.955629,77.578543,F-07-03,D-0001,13,P-000034,LT-9m-PCC,W-13,560078,KSPDB-SD07-D-0001-35
P-000036,12.955524,77.578782,F-07-03,D-0001,12,P-000032,LT-9m-PCC,W-93,560078,KSPDB-SD07-D-0001-36
P-000037,12.955533,77.578781,F-07-03,D-0001,13,P-000036,LT-8m-Steel,W-39,560078,KSPDB-SD07-D-0001-37
P-000038,12.955424,77.578972,F-07-03,D-0001,13,P-000036,LT-9m-PCC,W-43,560078,KSPDB-SD07-D-0001-38
P-000039,12.955418,77.578621,F-07-03,D-0001,13,P-000036,LT-9m-PCC,W-46,560078,KSPDB-SD07-D-0001-39
P-000040,12.955646,77.578856,F-07-03,D-0001,13,P-000036,LT-8m-PCC,W-85,560078,KSPDB-SD07-D-0001-40
P-000041,12.955362,77.578832,F-07-03,D-0001,14,P-000037,LT-8m-Steel,W-79,560078,KSPDB-SD07-D-0001-41
P-000042,12.955763,77.57901,F-07-03,D-0001,14,P-000040,LT-8m-Steel,W-27,560078,KSPDB-SD07-D-0001-42
P-000043,12.955476,77.57893,F-07-03,D-0001,15,P-000041,LT-8m-PCC,W-52,,KSPDB-SD07-D-0001-43
P-000044,12.955863,77.57903,F-07-03,D-0001,15,P-000042,LT-8m-PCC,W-54,560078,KSPDB-SD07-D-0001-44
P-000045,12.955924,77.579155,F-07-03,D-0001,16,P-000044,LT-8m-Steel,W-92,560078,
P-000046,12.955749,77.579033,F-07-03,D-0001,17,P-000045,LT-8m-PCC,W-73,560078,KSPDB-SD07-D-0001-46
P-000047,12.955653,77.579022,F-07-03,D-0001,18,P-000046,LT-9m-PCC,W-67,560078,KSPDB-SD07-D-0001-47
P-000048,12.956034,77.578976,F-07-03,D-0001,16,P-000044,LT-8m-Steel,W-32,560078,KSPDB-SD07-D-0001-48
P-000049,12.956097,77.579056,F-07-03,D-0001,17,P-000048,LT-8m-PCC,W-23,560078,KSPDB-SD07-D-0001-49
P-000050,12.955705,77.579101,F-07-03,D-0001,18,P-000046,LT-9m-PCC,W-73,560078,
P-000051,12.955979,77.579006,F-07-03,D-0001,17,P-000048,LT-8m-Steel,W-27,560078,KSPDB-SD07-D-0001-51
P-000052,12.955792,77.579083,F-07-03,D-0001,18,P-000051,LT-9m-PCC,W-85,560078,KSPDB-SD07-D-0001-52
P-000053,12.955802,77.578934,F-07-03,D-0001,19,P-000050,LT-9m-PCC,W-87,560078,KSPDB-SD07-D-0001-53
P-000054,12.95579,77.579144,F-07-03,D-0001,19,P-000052,LT-8m-PCC,W-76,560078,KSPDB-SD07-D-0001-54
P-000055,12.955753,77.579098,F-07-03,D-0001,19,P-000050,LT-8m-PCC,W-35,560078,KSPDB-SD07-D-0001-55
P-000056,12.956055,77.579011,F-07-03,D-0001,18,P-000051,LT-8m-PCC,W-32,560078,
P-000057,12.955798,77.579107,F-07-03,D-0001,20,P-000053,LT-8m-Steel,W-59,560078,KSPDB-SD07-D-0001-57
P-000058,12.9559,77.578962,F-07-03,D-0001,20,P-000054,LT-8m-Steel,W-48,560078,KSPDB-SD07-D-0001-58
P-000059,12.95579,77.579074,F-07-03,D-0001,21,P-000057,LT-8m-PCC,W-47,560078,KSPDB-SD07-D-0001-59
P-000060,12.955868,77.578844,F-07-03,D-0001,19,P-000056,LT-8m-PCC,W-43,560078,KSPDB-SD07-D-0001-60
P-000061,12.95591,77.579115,F-07-03,D-0001,22,P-000059,LT-9m-PCC,W-89,560078,KSPDB-SD07-D-0001-61
P-000062,12.955879,77.578897,F-07-03,D-0001,21,P-000058,LT-8m-Steel,W-70,560078,KSPDB-SD07-D-0001-62
P-000063,12.955948,77.579077,F-07-03,D-0001,23,P-000061,LT-8m-PCC,W-87,560078,KSPDB-SD07-D-0001-63
P-000064,12.955783,77.578797,F-07-03,D-0001,20,P-000060,LT-8m-PCC,W-74,560078,KSPDB-SD07-D-0001-64
P-000065,12.956023,77.579,F-07-03,D-0001,20,P-000060,LT-8m-Steel,W-29,560078,KSPDB-SD07-D-0001-65
P-000066,12.955968,77.57899,F-07-03,D-0001,21,P-000064,LT-8m-Steel,W-55,560078,KSPDB-SD07-D-0001-66
P-000067,12.955775,77.578904,F-07-03,D-0001,22,P-000066,LT-8m-PCC,W-17,,KSPDB-SD07-D-0001-67
P-000068,12.955772,77.578968,F-07-03,D-0001,22,P-000066,LT-8m-PCC,W-81,560078,KSPDB-SD07-D-0001-68
P-000069,12.955662,77.57892,F-07-03,D-0001,21,P-000064,LT-9m-PCC,W-90,560078,KSPDB-SD07-D-0001-69
P-000070,12.955672,77.579044,F-07-03,D-0001,22,P-000069,LT-9m-PCC,W-56,560078,KSPDB-SD07-D-0001-70
P-000071,12.955859,77.578863,F-07-03,D-0001,22,P-000066,LT-8m-PCC,W-64,560078,KSPDB-SD07-D-0001-71
P-000072,12.955863,77.579165,F-07-03,D-0001,23,P-000070,LT-8m-PCC,W-78,560078,KSPDB-SD07-D-0001-72
P-000073,12.955833,77.579232,F-07-03,D-0001,24,P-000072,LT-8m-Steel,W-13,560078,KSPDB-SD07-D-0001-73
P-000074,12.955953,77.579329,F-07-03,D-0001,24,P-000072,LT-8m-PCC,W-14,560078,KSPDB-SD07-D-0001-74
P-000075,12.956021,77.578858,F-07-03,D-0001,23,P-000071,LT-9m-PCC,W-12,560078,KSPDB-SD07-D-0001-75
P-000076,12.956112,77.579396,F-07-03,D-0001,25,P-000074,LT-8m-PCC,W-59,560078,KSPDB-SD07-D-0001-76
P-000077,12.955772,77.579517,F-07-03,D-0001,25,P-000074,LT-9m-PCC,W-47,560078,KSPDB-SD07-D-0001-77
P-000078,12.9558,77.579539,F-07-03,D-0001,26,P-000077,LT-8m-PCC,W-98,560078,KSPDB-SD07-D-0001-78
P-000079,12.95617,77.579502,F-07-03,D-0001,26,P-000076,LT-8m-PCC,W-71,560078,KSPDB-SD07-D-0001-79
P-000080,12.955768,77.579499,F-07-03,D-0001,26,P-000077,LT-8m-Steel,W-38,560078,KSPDB-SD07-D-0001-80
P-000081,12.955695,77.57936,F-07-03,D-0001,27,P-000080,LT-9m-PCC,W-54,560078,KSPDB-SD07-D-0001-81
P-000082,12.955696,77.5796,F-07-03,D-0001,27,P-000080,LT-9m-PCC,W-24,560078,KSPDB-SD07-D-0001-82
P-000083,12.955539,77.579219,F-07-03,D-0001,28,P-000081,LT-8m-PCC,W-85,560078,KSPDB-SD07-D-0001-83
P-000084,12.95534,77.579364,F-07-03,D-0001,29,P-000083,LT-9m-PCC,W-10,560078,KSPDB-SD07-D-0001-84
P-000085,12.955637,77.579504,F-07-03,D-0001,27,P-000080,LT-8m-PCC,W-98,560078,KSPDB-SD07-D-0001-85
P-000086,12.955631,77.579262,F-07-03,D-0001,28,P-000081,LT-9m-PCC,W-94,560078,KSPDB-SD07-D-0001-86
P-000087,12.955483,77.579103,F-07-03,D-0001,29,P-000083,LT-8m-PCC,W-10,560078,KSPDB-SD07-D-0001-87
P-000088,12.955475,77.579021,F-07-03,D-0001,29,P-000083,LT-8m-PCC,W-27,560078,KSPDB-SD07-D-0001-88
P-000089,12.955801,77.579671,F-07-03,D-0001,28,P-000085,LT-8m-Steel,W-76,560078,KSPDB-SD07-D-0001-89
P-000090,12.955494,77.57937,F-07-03,D-0001,29,P-000086,LT-8m-Steel,W-38,560078,KSPDB-SD07-D-0001-90
P-000091,12.955389,77.57891,F-07-03,D-0001,30,P-000087,LT-8m-PCC,W-60,560078,KSPDB-SD07-D-0001-91
P-000092,12.955513,77.578849,F-07-03,D-0001,30,P-000088,LT-9m-PCC,W-51,560078,KSPDB-SD07-D-0001-92
P-000093,12.955561,77.579464,F-07-03,D-0001,30,P-000090,LT-8m-PCC,W-50,560078,KSPDB-SD07-D-0001-93
P-000094,12.955333,77.578723,F-07-03,D-0001,31,P-000091,LT-9m-PCC,W-39,560078,KSPDB-SD07-D-0001-94
P-000095,12.955291,77.578879,F-07-03,D-0001,31,P-000091,LT-9m-PCC,W-17,560078,KSPDB-SD07-D-0001-95
P-000096,12.955448,77.578813,F-07-03,D-0001,31,P-000091,LT-8m-PCC,W-58,560078,KSPDB-SD07-D-0001-96
P-000097,12.955325,77.578946,F-07-03,D-0001,31,P-000092,LT-9m-PCC,W-88,560078,KSPDB-SD07-D-0001-97
P-000098,12.955409,77.578803,F-07-03,D-0001,32,P-000094,LT-8m-PCC,W-97,560078,
P-000099,12.955519,77.578684,F-07-03,D-0001,32,P-000094,LT-8m-Steel,W-79,560078,
P-000100,12.969786,77.613107,F-07-02,D-0002,1,,LT-9m-PCC,W-87,560078,KSPDB-SD07-D-0002-100
P-000101,12.969712,77.612977,F-07-02,D-0002,2,P-000100,LT-8m-PCC,W-60,560078,
P-000102,12.969684,77.613024,F-07-02,D-0002,3,P-000101,LT-8m-Steel,W-23,560078,KSPDB-SD07-D-0002-102
P-000103,12.969776,77.613061,F-07-02,D-0002,3,P-000101,LT-8m-Steel,W-63,560078,KSPDB-SD07-D-0002-103
P-000104,12.969605,77.613211,F-07-02,D-0002,2,P-000100,LT-9m-PCC,W-35,560078,KSPDB-SD07-D-0002-104
P-000105,12.969672,77.612889,F-07-02,D-0002,4,P-000102,LT-8m-PCC,W-25,560078,KSPDB-SD07-D-0002-105
P-000106,12.969713,77.613086,F-07-02,D-0002,3,P-000104,LT-9m-PCC,W-75,560078,KSPDB-SD07-D-0002-106
P-000107,12.969592,77.613194,F-07-02,D-0002,4,P-000103,LT-8m-Steel,W-56,560078,KSPDB-SD07-D-0002-107
P-000108,12.969818,77.613153,F-07-02,D-0002,4,P-000106,LT-8m-Steel,W-21,560078,KSPDB-SD07-D-0002-108
P-000109,12.969541,77.612907,F-07-02,D-0002,4,P-000106,LT-9m-PCC,W-71,560078,KSPDB-SD07-D-0002-109
P-000110,12.969515,77.613051,F-07-02,D-0002,5,P-000109,LT-8m-Steel,W-82,560078,KSPDB-SD07-D-0002-110
P-000111,12.969567,77.612991,F-07-02,D-0002,6,P-000110,LT-8m-Steel,W-90,560078,KSPDB-SD07-D-0002-111
P-000112,12.969375,77.613135,F-07-02,D-0002,7,P-000111,LT-9m-PCC,W-17,560078,KSPDB-SD07-D-0002-112
P-000113,12.969377,77.613157,F-07-02,D-0002,7,P-000111,LT-9m-PCC,W-81,560078,KSPDB-SD07-D-0002-113
P-000114,12.969495,77.613071,F-07-02,D-0002,7,P-000111,LT-8m-PCC,W-31,560078,KSPDB-SD07-D-0002-114
P-000115,12.969356,77.613043,F-07-02,D-0002,8,P-000114,LT-8m-PCC,W-21,560078,KSPDB-SD07-D-0002-115
P-000116,12.969358,77.613265,F-07-02,D-0002,8,P-000113,LT-9m-PCC,W-12,,
P-000117,12.969228,77.613139,F-07-02,D-0002,8,P-000113,LT-8m-PCC,W-77,560078,KSPDB-SD07-D-0002-117
P-000118,12.969538,77.612997,F-07-02,D-0002,8,P-000113,LT-8m-PCC,W-94,560078,KSPDB-SD07-D-0002-118
P-000119,12.969719,77.613059,F-07-02,D-0002,9,P-000118,LT-8m-PCC,W-17,560078,KSPDB-SD07-D-0002-119
P-000120,12.969816,77.612966,F-07-02,D-0002,10,P-000119,LT-8m-PCC,W-72,560078,KSPDB-SD07-D-0002-120
P-000121,12.969397,77.6133,F-07-02,D-0002,9,P-000116,LT-8m-Steel,W-89,560078,KSPDB-SD07-D-0002-121
P-000122,12.969705,77.613081,F-07-02,D-0002,9,P-000118,LT-8m-PCC,W-14,560078,KSPDB-SD07-D-0002-122
P-000123,12.969862,77.612992,F-07-02,D-0002,11,P-000120,LT-8m-PCC,W-90,560078,KSPDB-SD07-D-0002-123
P-000124,12.969681,77.612807,F-07-02,D-0002,12,P-000123,LT-9m-PCC,W-34,560078,KSPDB-SD07-D-0002-124
P-000125,12.969719,77.612776,F-07-02,D-0002,11,P-000120,LT-9m-PCC,W-87,560078,KSPDB-SD07-D-0002-125
P-000126,12.969824,77.612753,F-07-02,D-0002,13,P-000124,LT-9m-PCC,W-51,560078,KSPDB-SD07-D-0002-126
P-000127,12.969871,77.612838,F-07-02,D-0002,12,P-000125,LT-8m-Steel,W-52,560078,KSPDB-SD07-D-0002-127
P-000128,12.969876,77.612585,F-07-02,D-0002,12,P-000125,LT-8m-PCC,W-56,560078,KSPDB-SD07-D-0002-128
P-000129,12.969818,77.612909,F-07-02,D-0002,14,P-000126,LT-8m-Steel,W-57,560078,
P-000130,12.96956,77.612786,F-07-02,D-0002,12,P-000125,LT-9m-PCC,W-65,560078,KSPDB-SD07-D-0002-130
P-000131,12.969842,77.612748,F-07-02,D-0002,13,P-000128,LT-8m-PCC,W-93,560078,KSPDB-SD07-D-0002-131
P-000132,12.969988,77.612441,F-07-02,D-0002,13,P-000128,LT-8m-PCC,W-46,560078,KSPDB-SD07-D-0002-132
P-000133,12.970022,77.612483,F-07-02,D-0002,14,P-000132,LT-9m-PCC,W-86,560078,KSPDB-SD07-D-0002-133
P-000134,12.969502,77.612773,F-07-02,D-0002,13,P-000130,LT-8m-PCC,W-58,560078,KSPDB-SD07-D-0002-134
P-000135,12.969925,77.612401,F-07-02,D-0002,15,P-000133,LT-8m-PCC,W-14,560078,KSPDB-SD07-D-0002-135
P-000136,12.970085,77.612321,F-07-02,D-0002,15,P-000133,LT-9m-PCC,W-95,560078,KSPDB-SD07-D-0002-136
P-000137,12.969361,77.612578,F-07-02,D-0002,14,P-000134,LT-8m-PCC,W-53,560078,
P-000138,12.969403,77.612645,F-07-02,D-0002,15,P-000137,LT-8m-PCC,W-65,560078,KSPDB-SD07-D-0002-138
P-000139,12.970004,77.612532,F-07-02,D-0002,16,P-000135,LT-9m-PCC,W-61,560078,KSPDB-SD07-D-0002-139
P-000140,12.969458,77.612759,F-07-02,D-0002,15,P-000137,LT-8m-PCC,W-87,560078,KSPDB-SD07-D-0002-140
P-000141,12.969488,77.612606,F-07-02,D-0002,15,P-000137,LT-9m-PCC,W-29,560078,KSPDB-SD07-D-0002-141
P-000142,12.969316,77.612744,F-07-02,D-0002,16,P-000138,LT-9m-PCC,W-23,560078,KSPDB-SD07-D-0002-142
P-000143,12.969561,77.612633,F-07-02,D-0002,16,P-000141,LT-8m-Steel,W-12,560078,KSPDB-SD07-D-0002-143
P-000144,12.969655,77.612451,F-07-02,D-0002,16,P-000141,LT-8m-PCC,W-98,560078,KSPDB-SD07-D-0002-144
P-000145,12.969209,77.612694,F-07-02,D-0002,17,P-000142,LT-8m-Steel,W-15,560078,KSPDB-SD07-D-0002-145
P-000146,12.969745,77.612574,F-07-02,D-0002,17,P-000143,LT-8m-PCC,W-11,560078,KSPDB-SD07-D-0002-146
P-000147,12.969361,77.612845,F-07-02,D-0002,17,P-000142,LT-8m-Steel,W-92,560078,KSPDB-SD07-D-0002-147
P-000148,12.984057,77.58513,F-07-03,D-0003,1,,LT-8m-PCC,W-51,560078,KSPDB-SD07-D-0003-148
P-000149,12.984211,77.585077,F-07-03,D-0003,2,P-000148,LT-8m-PCC,W-70,560078,KSPDB-SD07-D-0003-149
P-000150,12.984195,77.585264,F-07-03,D-0003,2,P-000148,LT-8m-Steel,W-79,560078,KSPDB-SD07-D-0003-150
P-000151,12.984253,77.585069,F-07-03,D-0003,3,P-000150,LT-8m-Steel,W-43,560078,KSPDB-SD07-D-0003-151
P-000152,12.9843,77.58496,F-07-03,D-0003,4,P-000151,LT-9m-PCC,W-57,560078,KSPDB-SD07-D-0003-152
P-000153,12.984073,77.58525,F-07-03,D-0003,4,P-000151,LT-9m-PCC,W-40,560078,KSPDB-SD07-D-0003-153
P-000154,12.984214,77.585085,F-07-03,D-0003,3,P-000149,LT-8m-Steel,W-58,560078,KSPDB-SD07-D-0003-154
P-000155,12.984219,77.585023,F-07-03,D-0003,4,P-000151,LT-8m-PCC,W-83,560078,KSPDB-SD07-D-0003-155
P-000156,12.984194,77.585153,F-07-03,D-0003,4,P-000151,LT-8m-Steel,W-30,560078,KSPDB-SD07-D-0003-156
P-000157,12.98423,77.58516,F-07-03,D-0003,5,P-000153,LT-8m-Steel,W-78,560078,
P-000158,12.984381,77.585171,F-07-03,D-0003,5,P-000155,LT-9m-PCC,W-39,560078,KSPDB-SD07-D-0003-158
P-000159,12.984346,77.585179,F-07-03,D-0003,4,P-000154,LT-9m-PCC,W-13,560078,KSPDB-SD07-D-0003-159
P-000160,12.984079,77.585313,F-07-03,D-0003,5,P-000156,LT-9m-PCC,W-55,560078,KSPDB-SD07-D-0003-160
P-000161,12.984351,77.585118,F-07-03,D-0003,5,P-000156,LT-8m-Steel,W-69,560078,KSPDB-SD07-D-0003-161
P-000162,12.984333,77.5851,F-07-03,D-0003,6,P-000158,LT-9m-PCC,W-84,560078,KSPDB-SD07-D-0003-162
P-000163,12.984365,77.58526,F-07-03,D-0003,6,P-000158,LT-8m-PCC,W-72,560078,KSPDB-SD07-D-0003-163
P-000164,12.984507,77.585299,F-07-03,D-0003,7,P-000163,LT-9m-PCC,W-85,560078,KSPDB-SD07-D-0003-164
P-000165,12.984076,77.585287,F-07-03,D-0003,6,P-000160,LT-9m-PCC,W-38,560078,KSPDB-SD07-D-0003-165
P-000166,12.984251,77.584941,F-07-03,D-0003,6,P-000161,LT-8m-Steel,W-99,560078,KSPDB-SD07-D-0003-166
P-000167,12.98441,77.585126,F-07-03,D-0003,7,P-000166,LT-8m-Steel,W-12,560078,KSPDB-SD07-D-0003-167
P-000168,12.984395,77.585049,F-07-03,D-0003,8,P-000167,LT-9m-PCC,W-24,560078,
P-000169,12.984563,77.585485,F-07-03,D-0003,8,P-000164,LT-8m-PCC,W-78,560078,KSPDB-SD07-D-0003-169
P-000170,12.984072,77.585473,F-07-03,D-0003,7,P-000165,LT-8m-PCC,W-64,560078,KSPDB-SD07-D-0003-170
P-000171,12.984542,77.585012,F-07-03,D-0003,8,P-000167,LT-9m-PCC,W-65,560078,KSPDB-SD07-D-0003-171
P-000172,12.984532,77.585292,F-07-03,D-0003,9,P-000169,LT-9m-PCC,W-24,560078,KSPDB-SD07-D-0003-172
P-000173,12.984396,77.585233,F-07-03,D-0003,10,P-000172,LT-9m-PCC,W-90,560078,KSPDB-SD07-D-0003-173
P-000174,12.984487,77.585095,F-07-03,D-0003,10,P-000172,LT-9m-PCC,W-77,560078,
P-000175,12.983982,77.585664,F-07-03,D-0003,8,P-000170,LT-8m-Steel,W-96,560078,KSPDB-SD07-D-0003-175
P-000176,12.984462,77.584982,F-07-03,D-0003,11,P-000174,LT-8m-PCC,W-69,560078,KSPDB-SD07-D-0003-176
P-000177,12.984539,77.58485,F-07-03,D-0003,12,P-000176,LT-8m-PCC,W-99,560078,KSPDB-SD07-D-0003-177
P-000178,12.984574,77.584906,F-07-03,D-0003,12,P-000176,LT-8m-PCC,W-42,560078,KSPDB-SD07-D-0003-178
P-000179,12.984099,77.585612,F-07-03,D-0003,9,P-000175,LT-8m-PCC,W-65,560078,KSPDB-SD07-D-0003-179
P-000180,12.984641,77.584917,F-07-03,D-0003,13,P-000178,LT-8m-Steel,W-20,560078,KSPDB-SD07-D-0003-180
P-000181,12.984701,77.584985,F-07-03,D-0003,14,P-000180,LT-8m-Steel,W-98,560078,KSPDB-SD07-D-0003-181
P-000182,12.984449,77.584928,F-07-03,D-0003,13,P-000178,LT-8m-Steel,W-88,560078,KSPDB-SD07-D-0003-182
P-000183,12.984553,77.58499,F-07-03,D-0003,13,P-000178,LT-8m-Steel,W-44,560078,
P-000184,12.984282,77.585655,F-07-03,D-0003,10,P-000179,LT-9m-PCC,W-87,560078,KSPDB-SD07-D-0003-184
P-000185,12.984434,77.58514,F-07-03,D-0003,14,P-000183,LT-9m-PCC,W-19,560078,KSPDB-SD07-D-0003-185
P-000186,12.984358,77.585548,F-07-03,D-0003,11,P-000184,LT-9m-PCC,W-17,560078,KSPDB-SD07-D-0003-186
P-000187,12.984403,77.585461,F-07-03,D-0003,12,P-000186,LT-9m-PCC,W-93,560078,KSPDB-SD07-D-0003-187
P-000188,12.984546,77.585522,F-07-03,D-0003,13,P-000187,LT-8m-Steel,W-21,560078,KSPDB-SD07-D-0003-188
P-000189,12.984441,77.585513,F-07-03,D-0003,14,P-000188,LT-8m-Steel,W-38,560078,KSPDB-SD07-D-0003-189
P-000190,12.984468,77.585144,F-07-03,D-0003,15,P-000185,LT-9m-PCC,W-56,560078,KSPDB-SD07-D-0003-190
P-000191,12.98449,77.585456,F-07-03,D-0003,14,P-000188,LT-9m-PCC,W-89,560078,KSPDB-SD07-D-0003-191
P-000192,12.959962,77.581303,F-07-02,D-0004,1,,LT-8m-Steel,W-18,560078,KSPDB-SD07-D-0004-192
P-000193,12.960012,77.581256,F-07-02,D-0004,2,P-000192,LT-8m-Steel,W-16,560078,KSPDB-SD07-D-0004-193
P-000194,12.959924,77.581398,F-07-02,D-0004,3,P-000193,LT-8m-PCC,W-33,560078,
P-000195,12.95999,77.581455,F-07-02,D-0004,3,P-000193,LT-8m-Steel,W-19,560078,KSPDB-SD07-D-0004-195
P-000196,12.960159,77.581333,F-07-02,D-0004,4,P-000195,LT-9m-PCC,W-60,560078,KSPDB-SD07-D-0004-196
P-000197,12.959962,77.581335,F-07-02,D-0004,5,P-000196,LT-9m-PCC,W-60,560078,
P-000198,12.960155,77.581217,F-07-02,D-0004,6,P-000197,LT-9m-PCC,W-87,560078,KSPDB-SD07-D-0004-198
P-000199,12.959744,77.581484,F-07-02,D-0004,4,P-000194,LT-8m-PCC,W-41,560078,KSPDB-SD07-D-0004-199
P-000200,12.959866,77.581518,F-07-02,D-0004,4,P-000195,LT-8m-Steel,W-80,560078,KSPDB-SD07-D-0004-200
P-000201,12.960207,77.581227,F-07-02,D-0004,5,P-000196,LT-8m-Steel,W-42,560078,
P-000202,12.95978,77.581701,F-07-02,D-0004,5,P-000200,LT-8m-Steel,W-10,560078,KSPDB-SD07-D-0004-202
P-000203,12.960076,77.581225,F-07-02,D-0004,6,P-000201,LT-8m-PCC,W-25,560078,KSPDB-SD07-D-0004-203
P-000204,12.959831,77.581524,F-07-02,D-0004,5,P-000200,LT-8m-Steel,W-21,560078,KSPDB-SD07-D-0004-204
P-000205,12.959822,77.581459,F-07-02,D-0004,6,P-000204,LT-8m-Steel,W-51,560078,KSPDB-SD07-D-0004-205
P-000206,12.960073,77.581135,F-07-02,D-0004,7,P-000203,LT-8m-Steel,W-65,560078,KSPDB-SD07-D-0004-206
P-000207,12.959875,77.581282,F-07-02,D-0004,8,P-000206,LT-8m-PCC,W-36,560078,KSPDB-SD07-D-0004-207
P-000208,12.959911,77.580979,F-07-02,D-0004,8,P-000206,LT-8m-Steel,W-69,560078,KSPDB-SD07-D-0004-208
P-000209,12.96019,77.581296,F-07-02,D-0004,8,P-000206,LT-8m-Steel,W-80,560078,KSPDB-SD07-D-0004-209
P-000210,12.959783,77.581606,F-07-02,D-0004,7,P-000205,LT-9m-PCC,W-43,560078,KSPDB-SD07-D-0004-210
P-000211,12.960037,77.581142,F-07-02,D-0004,9,P-000207,LT-8m-PCC,W-44,560078,
P-000212,12.959726,77.580805,F-07-02,D-0004,9,P-000208,LT-9m-PCC,W-65,560078,KSPDB-SD07-D-0004-212
P-000213,12.960378,77.581474,F-07-02,D-0004,9,P-000209,LT-9m-PCC,W-37,560078,KSPDB-SD07-D-0004-213
P-000214,12.95965,77.581501,F-07-02,D-0004,8,P-000210,LT-8m-PCC,W-50,560078,KSPDB-SD07-D-0004-214
P-000215,12.95997,77.580947,F-07-02,D-0004,10,P-000211,LT-8m-PCC,W-54,560078,KSPDB-SD07-D-0004-215
P-000216,12.960503,77.581279,F-07-02,D-0004,10,P-000213,LT-8m-Steel,W-34,560078,
P-000217,12.960322,77.581364,F-07-02,D-0004,11,P-000216,LT-8m-PCC,W-97,560078,KSPDB-SD07-D-0004-217
P-000218,12.959951,77.581059,F-07-02,D-0004,11,P-000215,LT-8m-Steel,W-64,560078,KSPDB-SD07-D-0004-218
P-000219,12.960218,77.581492,F-07-02,D-0004,12,P-000217,LT-9m-PCC,W-14,560078,KSPDB-SD07-D-0004-219
P-000220,12.959978,77.580844,F-07-02,D-0004,11,P-000215,LT-8m-PCC,W-58,560078,KSPDB-SD07-D-0004-220
P-000221,12.960359,77.581293,F-07-02,D-0004,12,P-000217,LT-9m-PCC,W-19,560078,KSPDB-SD07-D-0004-221
P-000222,12.960178,77.581425,F-07-02,D-0004,13,P-000219,LT-8m-PCC,W-65,560078,KSPDB-SD07-D-0004-222
P-000223,12.960071,77.581628,F-07-02,D-0004,13,P-000219,LT-9m-PCC,W-53,560078,KSPDB-SD07-D-0004-223
P-000224,12.96023,77.581431,F-07-02,D-0004,13,P-000219,LT-8m-Steel,W-98,560078,KSPDB-SD07-D-0004-224
P-000225,12.960235,77.58133,F-07-02,D-0004,14,P-000222,LT-8m-Steel,W-97,560078,
P-000226,12.96052,77.581471,F-07-02,D-0004,13,P-000221,LT-9m-PCC,W-48,560078,KSPDB-SD07-D-0004-226
P-000227,12.960355,77.581508,F-07-02,D-0004,14,P-000226,LT-9m-PCC,W-51,560078,KSPDB-SD07-D-0004-227
P-000228,12.960718,77.581645,F-07-02,D-0004,14,P-000226,LT-8m-Steel,W-43,560078,KSPDB-SD07-D-0004-228
P-000229,12.960682,77.5816,F-07-02,D-0004,15,P-000228,LT-9m-PCC,W-46,560078,KSPDB-SD07-D-0004-229
P-000230,12.960543,77.581598,F-07-02,D-0004,14,P-000226,LT-9m-PCC,W-44,560078,KSPDB-SD07-D-0004-230
P-000231,12.960384,77.581582,F-07-02,D-0004,14,P-000226,LT-9m-PCC,W-62,560078,KSPDB-SD07-D-0004-231
P-000232,12.960731,77.581627,F-07-02,D-0004,16,P-000229,LT-9m-PCC,W-18,560078,KSPDB-SD07-D-0004-232
P-000233,12.960717,77.581654,F-07-02,D-0004,17,P-000232,LT-8m-Steel,W-15,560078,KSPDB-SD07-D-0004-233
P-000234,12.960519,77.58145,F-07-02,D-0004,15,P-000230,LT-9m-PCC,W-61,560078,
P-000235,12.960653,77.581459,F-07-02,D-0004,17,P-000232,LT-8m-PCC,W-33,560078,KSPDB-SD07-D-0004-235
P-000236,12.960617,77.58141,F-07-02,D-0004,18,P-000235,LT-8m-Steel,W-86,560078,KSPDB-SD07-D-0004-236
P-000237,12.960714,77.581216,F-07-02,D-0004,19,P-000236,LT-8m-Steel,W-46,560078,
P-000238,12.960579,77.581714,F-07-02,D-0004,18,P-000233,LT-8m-PCC,W-37,560078,KSPDB-SD07-D-0004-238
P-000239,12.960534,77.581563,F-07-02,D-0004,18,P-000235,LT-9m-PCC,W-63,560078,KSPDB-SD07-D-0004-239
P-000240,12.960791,77.581479,F-07-02,D-0004,19,P-000236,LT-9m-PCC,W-30,,KSPDB-SD07-D-0004-240
P-000241,12.96061,77.581871,F-07-02,D-0004,19,P-000238,LT-8m-PCC,W-65,560078,
P-000242,12.960833,77.581046,F-07-02,D-0004,20,P-000237,LT-9m-PCC,W-12,560078,KSPDB-SD07-D-0004-242
P-000243,12.960687,77.581848,F-07-02,D-0004,20,P-000241,LT-9m-PCC,W-73,560078,KSPDB-SD07-D-0004-243
P-000244,12.960594,77.581515,F-07-02,D-0004,19,P-000239,LT-9m-PCC,W-69,560078,KSPDB-SD07-D-0004-244
P-000245,12.960565,77.581708,F-07-02,D-0004,20,P-000241,LT-8m-PCC,W-40,560078,KSPDB-SD07-D-0004-245
P-000246,12.960786,77.58101,F-07-02,D-0004,21,P-000242,LT-9m-PCC,W-20,560078,KSPDB-SD07-D-0004-246
P-000247,12.960669,77.580869,F-07-02,D-0004,22,P-000246,LT-8m-Steel,W-83,560078,KSPDB-SD07-D-0004-247
P-000248,12.96086,77.580712,F-07-02,D-0004,23,P-000247,LT-8m-PCC,W-88,560078,KSPDB-SD07-D-0004-248
P-000249,12.962496,77.593586,F-07-04,D-0005,1,,LT-8m-PCC,W-87,560078,KSPDB-SD07-D-0005-249
P-000250,12.962553,77.593569,F-07-04,D-0005,2,P-000249,LT-8m-Steel,W-38,560078,KSPDB-SD07-D-0005-250
P-000251,12.962335,77.59356,F-07-04,D-0005,2,P-000249,LT-8m-Steel,W-98,560078,KSPDB-SD07-D-0005-251
P-000252,12.962519,77.593398,F-07-04,D-0005,3,P-000251,LT-8m-Steel,W-41,560078,KSPDB-SD07-D-0005-252
P-000253,12.962401,77.593628,F-07-04,D-0005,3,P-000250,LT-8m-Steel,W-19,560078,KSPDB-SD07-D-0005-253
P-000254,12.962418,77.593568,F-07-04,D-0005,3,P-000251,LT-9m-PCC,W-53,560078,KSPDB-SD07-D-0005-254
P-000255,12.962423,77.593384,F-07-04,D-0005,4,P-000254,LT-9m-PCC,W-74,560078,KSPDB-SD07-D-0005-255
P-000256,12.962379,77.593693,F-07-04,D-0005,3,P-000251,LT-8m-PCC,W-29,560078,KSPDB-SD07-D-0005-256
P-000257,12.962406,77.593546,F-07-04,D-0005,4,P-000254,LT-8m-PCC,W-58,560078,KSPDB-SD07-D-0005-257
P-000258,12.962297,77.593719,F-07-04,D-0005,4,P-000254,LT-8m-PCC,W-18,560078,KSPDB-SD07-D-0005-258
P-000259,12.962273,77.593713,F-07-04,D-0005,4,P-000254,LT-9m-PCC,W-63,560078,
P-000260,12.962474,77.593727,F-07-04,D-0005,5,P-000257,LT-8m-Steel,W-25,560078,KSPDB-SD07-D-0005-260
P-000261,12.962573,77.593517,F-07-04,D-0005,4,P-000256,LT-8m-Steel,W-35,560078,KSPDB-SD07-D-0005-261
P-000262,12.962132,77.593565,F-07-04,D-0005,5,P-000259,LT-8m-PCC,W-75,560078,KSPDB-SD07-D-0005-262
P-000263,12.962493,77.593614,F-07-04,D-0005,5,P-000258,LT-9m-PCC,W-73,560078,KSPDB-SD07-D-0005-263
P-000264,12.962111,77.593732,F-07-04,D-0005,5,P-000259,LT-9m-PCC,W-88,560078,KSPDB-SD07-D-0005-264
P-000265,12.962035,77.593696,F-07-04,D-0005,6,P-000262,LT-9m-PCC,W-99,560078,
P-000266,12.961902,77.593548,F-07-04,D-0005,7,P-000265,LT-9m-PCC,W-75,560078,KSPDB-SD07-D-0005-266
P-000267,12.962207,77.593561,F-07-04,D-0005,7,P-000265,LT-9m-PCC,W-98,560078,KSPDB-SD07-D-0005-267
P-000268,12.962283,77.593718,F-07-04,D-0005,8,P-000267,LT-8m-Steel,W-77,560078,KSPDB-SD07-D-0005-268
P-000269,12.961863,77.593548,F-07-04,D-0005,7,P-000265,LT-9m-PCC,W-70,560078,KSPDB-SD07-D-0005-269
P-000270,12.962179,77.593498,F-07-04,D-0005,8,P-000267,LT-8m-Steel,W-80,560078,
P-000271,12.961863,77.593424,F-07-04,D-0005,8,P-000266,LT-9m-PCC,W-52,560078,KSPDB-SD07-D-0005-271
P-000272,12.961836,77.593542,F-07-04,D-0005,9,P-000271,LT-8m-Steel,W-44,560078,KSPDB-SD07-D-0005-272
P-000273,12.961871,77.593453,F-07-04,D-0005,10,P-000272,LT-9m-PCC,W-68,560078,KSPDB-SD07-D-0005-273
P-000274,12.961692,77.59366,F-07-04,D-0005,8,P-000269,LT-9m-PCC,W-61,,KSPDB-SD07-D-0005-274
P-000275,12.962169,77.59351,F-07-04,D-0005,9,P-000270,LT-9m-PCC,W-90,560078,KSPDB-SD07-D-0005-275
P-000276,12.962144,77.593645,F-07-04,D-0005,10,P-000275,LT-8m-Steel,W-23,560078,KSPDB-SD07-D-0005-276
P-000277,12.961722,77.593661,F-07-04,D-0005,10,P-000272,LT-9m-PCC,W-83,560078,KSPDB-SD07-D-0005-277
P-000278,12.962067,77.593353,F-07-04,D-0005,10,P-000275,LT-8m-Steel,W-15,560078,KSPDB-SD07-D-0005-278
P-000279,12.961736,77.593858,F-07-04,D-0005,9,P-000274,LT-8m-PCC,W-23,560078,KSPDB-SD07-D-0005-279
P-000280,12.961631,77.594042,F-07-04,D-0005,10,P-000279,LT-8m-Steel,W-30,560078,KSPDB-SD07-D-0005-280
P-000281,12.962033,77.593618,F-07-04,D-0005,11,P-000276,LT-8m-PCC,W-69,560078,KSPDB-SD07-D-0005-281
P-000282,12.962107,77.593653,F-07-04,D-0005,12,P-000281,LT-8m-PCC,W-52,560078,KSPDB-SD07-D-0005-282
P-000283,12.961615,77.594206,F-07-04,D-0005,11,P-000280,LT-8m-PCC,W-27,560078,KSPDB-SD07-D-0005-283
P-000284,12.961679,77.593763,F-07-04,D-0005,10,P-000279,LT-9m-PCC,W-91,560078,KSPDB-SD07-D-0005-284
P-000285,12.962146,77.593779,F-07-04,D-0005,13,P-000282,LT-8m-Steel,W-95,560078,KSPDB-SD07-D-0005-285
P-000286,12.962045,77.593711,F-07-04,D-0005,12,P-000281,LT-9m-PCC,W-69,560078,KSPDB-SD07-D-0005-286
P-000287,12.962195,77.593632,F-07-04,D-0005,13,P-000286,LT-8m-PCC,W-72,560078,KSPDB-SD07-D-0005-287
P-000288,12.96148,77.594102,F-07-04,D-0005,12,P-000283,LT-9m-PCC,W-38,560078,KSPDB-SD07-D-0005-288
P-000289,12.962169,77.593546,F-07-04,D-0005,14,P-000287,LT-9m-PCC,W-58,560078,KSPDB-SD07-D-0005-289
P-000290,12.961593,77.594269,F-07-04,D-0005,13,P-000288,LT-8m-Steel,W-93,560078,KSPDB-SD07-D-0005-290
P-000291,12.962258,77.593661,F-07-04,D-0005,14,P-000287,LT-9m-PCC,W-48,560078,KSPDB-SD07-D-0005-291
P-000292,12.962215,77.593747,F-07-04,D-0005,15,P-000291,LT-9m-PCC,W-19,560078,KSPDB-SD07-D-0005-292
P-000293,12.962153,77.593667,F-07-04,D-0005,15,P-000289,LT-9m-PCC,W-56,560078,KSPDB-SD07-D-0005-293
P-000294,12.962355,77.593788,F-07-04,D-0005,16,P-000292,LT-8m-Steel,W-81,560078,KSPDB-SD07-D-0005-294
P-000295,12.962265,77.59367,F-07-04,D-0005,17,P-000294,LT-8m-PCC,W-91,560078,KSPDB-SD07-D-0005-295
P-000296,12.962268,77.593596,F-07-04,D-0005,18,P-000295,LT-9m-PCC,W-44,560078,KSPDB-SD07-D-0005-296
P-000297,12.962294,77.593643,F-07-04,D-0005,19,P-000296,LT-8m-PCC,W-88,560078,KSPDB-SD07-D-0005-297
P-000298,12.962089,77.593603,F-07-04,D-0005,16,P-000293,LT-9m-PCC,W-76,560078,KSPDB-SD07-D-0005-298
P-000299,12.962114,77.593744,F-07-04,D-0005,20,P-000297,LT-8m-Steel,W-75,560078,KSPDB-SD07-D-0005-299
P-000300,12.961976,77.593606,F-07-04,D-0005,17,P-000298,LT-8m-Steel,W-33,,KSPDB-SD07-D-0005-300
P-000301,12.962186,77.593749,F-07-04,D-0005,17,P-000298,LT-9m-PCC,W-16,560078,KSPDB-SD07-D-0005-301
P-000302,12.962139,77.593674,F-07-04,D-0005,17,P-000298,LT-9m-PCC,W-75,560078,KSPDB-SD07-D-0005-302
P-000303,12.962115,77.593675,F-07-04,D-0005,21,P-000299,LT-8m-PCC,W-74,560078,KSPDB-SD07-D-0005-303
P-000304,12.961963,77.593714,F-07-04,D-0005,22,P-000303,LT-9m-PCC,W-55,560078,KSPDB-SD07-D-0005-304
P-000305,12.962286,77.593893,F-07-04,D-0005,18,P-000301,LT-8m-PCC,W-64,560078,KSPDB-SD07-D-0005-305
P-000306,12.961941,77.593556,F-07-04,D-0005,18,P-000302,LT-8m-PCC,W-16,560078,KSPDB-SD07-D-0005-306
P-000307,12.961989,77.593578,F-07-04,D-0005,18,P-000302,LT-9m-PCC,W-11,560078,KSPDB-SD07-D-0005-307
P-000308,12.962076,77.593764,F-07-04,D-0005,22,P-000303,LT-8m-Steel,W-96,560078,KSPDB-SD07-D-0005-308
P-000309,12.96235,77.593789,F-07-04,D-0005,19,P-000305,LT-8m-PCC,W-45,560078,KSPDB-SD07-D-0005-309
P-000310,12.962503,77.593983,F-07-04,D-0005,20,P-000309,LT-9m-PCC,W-99,560078,KSPDB-SD07-D-0005-310
P-000311,12.962659,77.593981,F-07-04,D-0005,21,P-000310,LT-8m-PCC,W-25,,KSPDB-SD07-D-0005-311
P-000312,12.962656,77.593787,F-07-04,D-0005,21,P-000310,LT-8m-Steel,W-93,,KSPDB-SD07-D-0005-312
P-000313,12.962579,77.59416,F-07-04,D-0005,22,P-000311,LT-9m-PCC,W-71,560078,KSPDB-SD07-D-0005-313
P-000314,12.962347,77.593952,F-07-04,D-0005,20,P-000309,LT-9m-PCC,W-25,560078,KSPDB-SD07-D-0005-314
P-000315,12.962466,77.593964,F-07-04,D-0005,22,P-000312,LT-8m-Steel,W-26,560078,KSPDB-SD07-D-0005-315
P-000316,12.962698,77.59418,F-07-04,D-0005,22,P-000311,LT-8m-PCC,W-35,560078,KSPDB-SD07-D-0005-316
P-000317,12.962554,77.594026,F-07-04,D-0005,23,P-000313,LT-8m-Steel,W-17,560078,KSPDB-SD07-D-0005-317
P-000318,12.962172,77.594035,F-07-04,D-0005,21,P-000314,LT-9m-PCC,W-55,560078,KSPDB-SD07-D-0005-318
P-000319,12.962657,77.594287,F-07-04,D-0005,23,P-000316,LT-9m-PCC,W-34,560078,KSPDB-SD07-D-0005-319
P-000320,12.962621,77.594127,F-07-04,D-0005,23,P-000315,LT-8m-PCC,W-52,560078,KSPDB-SD07-D-0005-320
P-000321,12.962351,77.59387,F-07-04,D-0005,22,P-000318,LT-8m-Steel,W-30,560078,KSPDB-SD07-D-0005-321
P-000322,12.962172,77.594073,F-07-04,D-0005,22,P-000318,LT-8m-PCC,W-80,560078,KSPDB-SD07-D-0005-322
P-000323,12.962026,77.594032,F-07-04,D-0005,23,P-000322,LT-8m-PCC,W-14,560078,KSPDB-SD07-D-0005-323
P-000324,12.962761,77.59405,F-07-04,D-0005,24,P-000320,LT-8m-Steel,W-84,560078,
P-000325,12.962139,77.594019,F-07-04,D-0005,23,P-000322,LT-8m-PCC,W-62,560078,KSPDB-SD07-D-0005-325
P-000326,12.962143,77.593934,F-07-04,D-0005,23,P-000322,LT-8m-Steel,W-87,560078,KSPDB-SD07-D-0005-326
P-000327,12.961945,77.594186,F-07-04,D-0005,24,P-000325,LT-8m-PCC,W-55,560078,KSPDB-SD07-D-0005-327
P-000328,12.962094,77.593765,F-07-04,D-0005,24,P-000326,LT-9m-PCC,W-67,560078,KSPDB-SD07-D-0005-328
P-000329,12.962182,77.594003,F-07-04,D-0005,24,P-000326,LT-8m-PCC,W-94,560078,KSPDB-SD07-D-0005-329
P-000330,12.962062,77.594197,F-07-04,D-0005,25,P-000329,LT-9m-PCC,W-13,560078,KSPDB-SD07-D-0005-330
P-000331,12.981276,77.584114,F-07-03,D-0006,1,,LT-8m-Steel,W-41,560078,KSPDB-SD07-D-0006-331
P-000332,12.98134,77.584291,F-07-03,D-0006,2,P-000331,LT-8m-Steel,W-18,560078,KSPDB-SD07-D-0006-332
P-000333,12.981279,77.584234,F-07-03,D-0006,3,P-000332,LT-8m-PCC,W-18,560078,KSPDB-SD07-D-0006-333
P-000334,12.981186,77.58436,F-07-03,D-0006,3,P-000332,LT-8m-Steel,W-79,560078,KSPDB-SD07-D-0006-334
P-000335,12.98126,77.58434,F-07-03,D-0006,3,P-000332,LT-8m-Steel,W-19,560078,KSPDB-SD07-D-0006-335
P-000336,12.981374,77.584394,F-07-03,D-0006,4,P-000335,LT-9m-PCC,W-31,560078,KSPDB-SD07-D-0006-336
P-000337,12.981042,77.584161,F-07-03,D-0006,4,P-000334,LT-9m-PCC,W-69,560078,KSPDB-SD07-D-0006-337
P-000338,12.981337,77.584408,F-07-03,D-0006,5,P-000336,LT-8m-PCC,W-66,560078,KSPDB-SD07-D-0006-338
P-000339,12.981287,77.584241,F-07-03,D-0006,6,P-000338,LT-8m-PCC,W-87,560078,KSPDB-SD07-D-0006-339
P-000340,12.981103,77.584344,F-07-03,D-0006,5,P-000337,LT-9m-PCC,W-38,,KSPDB-SD07-D-0006-340
P-000341,12.981552,77.584304,F-07-03,D-0006,5,P-000336,LT-8m-Steel,W-39,560078,KSPDB-SD07-D-0006-341
P-000342,12.981395,77.584381,F-07-03,D-0006,6,P-000338,LT-8m-PCC,W-28,560078,KSPDB-SD07-D-0006-342
P-000343,12.98139,77.584369,F-07-03,D-0006,6,P-000341,LT-9m-PCC,W-24,560078,KSPDB-SD07-D-0006-343
P-000344,12.981566,77.584204,F-07-03,D-0006,7,P-000342,LT-8m-Steel,W-44,560078,KSPDB-SD07-D-0006-344
P-000345,12.981541,77.584441,F-07-03,D-0006,7,P-000342,LT-8m-PCC,W-88,560078,KSPDB-SD07-D-0006-345
P-000346,12.981317,77.584358,F-07-03,D-0006,7,P-000342,LT-9m-PCC,W-21,560078,KSPDB-SD07-D-0006-346
P-000347,12.981325,77.584248,F-07-03,D-0006,8,P-000346,LT-8m-Steel,W-75,560078,
P-000348,12.981298,77.584429,F-07-03,D-0006,9,P-000347,LT-9m-PCC,W-41,560078,
P-000349,12.981497,77.584444,F-07-03,D-0006,10,P-000348,LT-8m-Steel,W-37,560078,KSPDB-SD07-D-0006-349
P-000350,12.981338,77.584543,F-07-03,D-0006,8,P-000346,LT-8m-PCC,W-83,560078,KSPDB-SD07-D-0006-350
P-000351,12.981502,77.584488,F-07-03,D-0006,9,P-000350,LT-8m-Steel,W-25,560078,KSPDB-SD07-D-0006-351
P-000352,12.981456,77.58437,F-07-03,D-0006,9,P-000347,LT-8m-Steel,W-15,560078,KSPDB-SD07-D-0006-352
P-000353,12.981241,77.584447,F-07-03,D-0006,10,P-000348,LT-8m-Steel,W-99,560078,KSPDB-SD07-D-0006-353
P-000354,12.981609,77.58446,F-07-03,D-0006,11,P-000349,LT-8m-Steel,W-27,560078,KSPDB-SD07-D-0006-354
P-000355,12.981289,77.584442,F-07-03,D-0006,9,P-000350,LT-9m-PCC,W-65,560078,KSPDB-SD07-D-0006-355
P-000356,12.981498,77.584498,F-07-03,D-0006,12,P-000354,LT-9m-PCC,W-60,560078,KSPDB-SD07-D-0006-356
P-000357,12.981653,77.584444,F-07-03,D-0006,10,P-000352,LT-8m-PCC,W-62,560078,KSPDB-SD07-D-0006-357
P-000358,12.981365,77.584527,F-07-03,D-0006,10,P-000355,LT-8m-Steel,W-27,560078,KSPDB-SD07-D-0006-358
P-000359,12.981633,77.58442,F-07-03,D-0006,13,P-000356,LT-8m-Steel,W-51,560078,KSPDB-SD07-D-0006-359
P-000360,12.98137,77.584597,F-07-03,D-0006,10,P-000355,LT-9m-PCC,W-27,560078,KSPDB-SD07-D-0006-360
P-000361,12.981273,77.584632,F-07-03,D-0006,11,P-000358,LT-8m-PCC,W-54,560078,KSPDB-SD07-D-0006-361
P-000362,12.981373,77.584499,F-07-03,D-0006,11,P-000360,LT-8m-Steel,W-24,560078,KSPDB-SD07-D-0006-362
P-000363,12.981442,77.584686,F-07-03,D-0006,12,P-000362,LT-8m-Steel,W-29,560078,KSPDB-SD07-D-0006-363
P-000364,12.981515,77.584621,F-07-03,D-0006,13,P-000363,LT-8m-Steel,W-72,560078,KSPDB-SD07-D-0006-364
P-000365,12.981697,77.584542,F-07-03,D-0006,14,P-000364,LT-9m-PCC,W-11,560078,KSPDB-SD07-D-0006-365
P-000366,12.981256,77.584701,F-07-03,D-0006,13,P-000363,LT-9m-PCC,W-39,560078,KSPDB-SD07-D-0006-366
P-000367,12.98112,77.584699,F-07-03,D-0006,14,P-000366,LT-9m-PCC,W-35,560078,KSPDB-SD07-D-0006-367
P-000368,12.981767,77.584454,F-07-03,D-0006,15,P-000365,LT-9m-PCC,W-44,560078,KSPDB-SD07-D-0006-368
P-000369,12.981075,77.584845,F-07-03,D-0006,15,P-000367,LT-8m-Steel,W-66,560078,KSPDB-SD07-D-0006-369
P-000370,12.981179,77.584585,F-07-03,D-0006,15,P-000367,LT-9m-PCC,W-14,560078,KSPDB-SD07-D-0006-370
P-000371,12.980875,77.584798,F-07-03,D-0006,16,P-000369,LT-9m-PCC,W-36,560078,KSPDB-SD07-D-0006-371
P-000372,12.980946,77.584885,F-07-03,D-0006,15,P-000367,LT-8m-PCC,W-89,560078,KSPDB-SD07-D-0006-372
P-000373,12.980987,77.584957,F-07-03,D-0006,16,P-000369,LT-9m-PCC,W-12,560078,
P-000374,12.981152,77.584588,F-07-03,D-0006,16,P-000370,LT-9m-PCC,W-32,560078,KSPDB-SD07-D-0006-374
P-000375,12.980987,77.584466,F-07-03,D-0006,17,P-000374,LT-9m-PCC,W-30,560078,KSPDB-SD07-D-0006-375
P-000376,12.980815,77.584794,F-07-03,D-0006,16,P-000372,LT-8m-PCC,W-67,560078,KSPDB-SD07-D-0006-376
P-000377,12.980995,77.584943,F-07-03,D-0006,17,P-000376,LT-8m-PCC,W-79,560078,KSPDB-SD07-D-0006-377
P-000378,12.981063,77.585076,F-07-03,D-0006,18,P-000377,LT-8m-Steel,W-55,560078,KSPDB-SD07-D-0006-378
P-000379,12.980979,77.584504,F-07-03,D-0006,17,P-000374,LT-8m-PCC,W-32,560078,KSPDB-SD07-D-0006-379
P-000380,12.980785,77.584935,F-07-03,D-0006,17,P-000376,LT-8m-Steel,W-71,560078,KSPDB-SD07-D-0006-380
P-000381,12.980713,77.584852,F-07-03,D-0006,17,P-000376,LT-9m-PCC,W-38,560078,KSPDB-SD07-D-0006-381
P-000382,12.981145,77.585136,F-07-03,D-0006,18,P-000377,LT-8m-Steel,W-38,560078,KSPDB-SD07-D-0006-382
P-000383,12.981085,77.585325,F-07-03,D-0006,19,P-000382,LT-9m-PCC,W-42,560078,KSPDB-SD07-D-0006-383
P-000384,12.98093,77.584537,F-07-03,D-0006,18,P-000379,LT-8m-PCC,W-74,560078,KSPDB-SD07-D-0006-384
P-000385,12.981243,77.585141,F-07-03,D-0006,20,P-000383,LT-9m-PCC,W-24,560078,KSPDB-SD07-D-0006-385
P-000386,12.981299,77.584983,F-07-03,D-0006,21,P-000385,LT-9m-PCC,W-15,560078,KSPDB-SD07-D-0006-386
P-000387,12.981251,77.585487,F-07-03,D-0006,20,P-000383,LT-8m-PCC,W-48,560078,KSPDB-SD07-D-0006-387
P-000388,12.981169,77.585496,F-07-03,D-0006,20,P-000383,LT-8m-PCC,W-37,560078,KSPDB-SD07-D-0006-388
P-000389,12.981176,77.584829,F-07-03,D-0006,22,P-000386,LT-9m-PCC,W-55,560078,KSPDB-SD07-D-0006-389
P-000390,12.981056,77.585432,F-07-03,D-0006,21,P-000388,LT-8m-Steel,W-63,560078,KSPDB-SD07-D-0006-390
P-000391,12.981308,77.585547,F-07-03,D-0006,21,P-000387,LT-8m-Steel,W-91,560078,KSPDB-SD07-D-0006-391
P-000392,12.980996,77.585625,F-07-03,D-0006,21,P-000388,LT-9m-PCC,W-14,560078,KSPDB-SD07-D-0006-392
P-000393,12.980974,77.585589,F-07-03,D-0006,21,P-000388,LT-8m-Steel,W-42,560078,
P-000394,12.981033,77.585532,F-07-03,D-0006,22,P-000392,LT-8m-Steel,W-42,560078,KSPDB-SD07-D-0006-394
P-000395,12.980881,77.585601,F-07-03,D-0006,22,P-000390,LT-9m-PCC,W-13,560078,KSPDB-SD07-D-0006-395
P-000396,12.980993,77.585622,F-07-03,D-0006,23,P-000394,LT-8m-Steel,W-93,560078,KSPDB-SD07-D-0006-396
P-000397,12.980916,77.585517,F-07-03,D-0006,23,P-000395,LT-9m-PCC,W-25,560078,KSPDB-SD07-D-0006-397
P-000398,12.980919,77.585618,F-07-03,D-0006,23,P-000394,LT-9m-PCC,W-54,560078,KSPDB-SD07-D-0006-398
P-000399,12.980712,77.585629,F-07-03,D-0006,23,P-000395,LT-9m-PCC,W-22,560078,KSPDB-SD07-D-0006-399
P-000400,12.980659,77.585673,F-07-03,D-0006,24,P-000399,LT-8m-Steel,W-45,560078,KSPDB-SD07-D-0006-400
P-000401,12.980522,77.585597,F-07-03,D-0006,25,P-000400,LT-8m-PCC,W-90,560078,KSPDB-SD07-D-0006-401
P-000402,12.980622,77.585619,F-07-03,D-0006,25,P-000400,LT-9m-PCC,W-27,560078,KSPDB-SD07-D-0006-402
P-000403,12.980595,77.585679,F-07-03,D-0006,24,P-000399,LT-8m-Steel,W-35,560078,KSPDB-SD07-D-0006-403
P-000404,12.980755,77.585777,F-07-03,D-0006,25,P-000403,LT-8m-PCC,W-17,560078,KSPDB-SD07-D-0006-404
P-000405,12.98079,77.585699,F-07-03,D-0006,25,P-000403,LT-8m-Steel,W-67,560078,KSPDB-SD07-D-0006-405
P-000406,12.980954,77.585856,F-07-03,D-0006,26,P-000405,LT-9m-PCC,W-41,560078,KSPDB-SD07-D-0006-406
P-000407,12.980552,77.585795,F-07-03,D-0006,25,P-000403,LT-9m-PCC,W-48,560078,KSPDB-SD07-D-0006-407
P-000408,12.980673,77.585675,F-07-03,D-0006,26,P-000404,LT-8m-PCC,W-88,560078,KSPDB-SD07-D-0006-408
P-000409,12.981046,77.585842,F-07-03,D-0006,27,P-000406,LT-8m-PCC,W-26,,KSPDB-SD07-D-0006-409
P-000410,12.980506,77.585577,F-07-03,D-0006,27,P-000408,LT-9m-PCC,W-74,560078,KSPDB-SD07-D-0006-410
P-000411,12.980627,77.585492,F-07-03,D-0006,28,P-000410,LT-8m-PCC,W-82,560078,KSPDB-SD07-D-0006-411
P-000412,12.980746,77.585776,F-07-03,D-0006,26,P-000407,LT-8m-PCC,W-96,560078,KSPDB-SD07-D-0006-412
P-000413,12.980796,77.585804,F-07-03,D-0006,27,P-000408,LT-8m-Steel,W-58,560078,KSPDB-SD07-D-0006-413
P-000414,12.980601,77.599332,F-07-01,D-0007,1,,LT-8m-Steel,W-39,560078,KSPDB-SD07-D-0007-414
P-000415,12.980798,77.599357,F-07-01,D-0007,2,P-000414,LT-9m-PCC,W-29,560078,
P-000416,12.980628,77.599491,F-07-01,D-0007,3,P-000415,LT-8m-PCC,W-39,560078,KSPDB-SD07-D-0007-416
P-000417,12.980635,77.599405,F-07-01,D-0007,3,P-000415,LT-9m-PCC,W-96,560078,KSPDB-SD07-D-0007-417
P-000418,12.980919,77.599179,F-07-01,D-0007,3,P-000415,LT-9m-PCC,W-70,560078,KSPDB-SD07-D-0007-418
P-000419,12.981021,77.599197,F-07-01,D-0007,4,P-000418,LT-8m-Steel,W-49,560078,KSPDB-SD07-D-0007-419
P-000420,12.980614,77.599396,F-07-01,D-0007,4,P-000417,LT-9m-PCC,W-30,560078,KSPDB-SD07-D-0007-420
P-000421,12.981079,77.599338,F-07-01,D-0007,4,P-000418,LT-9m-PCC,W-90,560078,KSPDB-SD07-D-0007-421
P-000422,12.981166,77.599052,F-07-01,D-0007,5,P-000419,LT-8m-Steel,W-34,560078,KSPDB-SD07-D-0007-422
P-000423,12.980723,77.599211,F-07-01,D-0007,4,P-000418,LT-9m-PCC,W-24,560078,KSPDB-SD07-D-0007-423
P-000424,12.981248,77.598874,F-07-01,D-0007,6,P-000422,LT-8m-Steel,W-14,560078,KSPDB-SD07-D-0007-424
P-000425,12.981252,77.599073,F-07-01,D-0007,6,P-000422,LT-8m-PCC,W-33,560078,KSPDB-SD07-D-0007-425
P-000426,12.981339,77.599143,F-07-01,D-0007,7,P-000425,LT-8m-Steel,W-70,560078,
P-000427,12.980677,77.599011,F-07-01,D-0007,5,P-000423,LT-9m-PCC,W-22,,KSPDB-SD07-D-0007-427
P-000428,12.980571,77.598816,F-07-01,D-0007,6,P-000427,LT-8m-PCC,W-18,560078,KSPDB-SD07-D-0007-428
P-000429,12.981101,77.599064,F-07-01,D-0007,7,P-000425,LT-8m-PCC,W-17,560078,KSPDB-SD07-D-0007-429
P-000430,12.981426,77.598901,F-07-01,D-0007,7,P-000425,LT-9m-PCC,W-59,560078,KSPDB-SD07-D-0007-430
P-000431,12.981311,77.598735,F-07-01,D-0007,8,P-000430,LT-9m-PCC,W-34,560078,KSPDB-SD07-D-0007-431
P-000432,12.981178,77.59876,F-07-01,D-0007,9,P-000431,LT-8m-PCC,W-48,560078,KSPDB-SD07-D-0007-432
P-000433,12.981049,77.598889,F-07-01,D-0007,8,P-000429,LT-8m-Steel,W-31,560078,KSPDB-SD07-D-0007-433
P-000434,12.981217,77.598892,F-07-01,D-0007,9,P-000433,LT-8m-Steel,W-97,560078,KSPDB-SD07-D-0007-434
P-000435,12.981257,77.598758,F-07-01,D-0007,10,P-000432,LT-8m-Steel,W-70,560078,KSPDB-SD07-D-0007-435
P-000436,12.980861,77.599012,F-07-01,D-0007,9,P-000433,LT-8m-PCC,W-78,560078,KSPDB-SD07-D-0007-436
P-000437,12.981044,77.598804,F-07-01,D-0007,9,P-000433,LT-9m-PCC,W-80,560078,KSPDB-SD07-D-0007-437
P-000438,12.981017,77.598898,F-07-01,D-0007,10,P-000436,LT-8m-PCC,W-20,560078,
P-000439,12.981001,77.599069,F-07-01,D-0007,11,P-000438,LT-8m-PCC,W-62,560078,KSPDB-SD07-D-0007-439
P-000440,12.98068,77.598976,F-07-01,D-0007,10,P-000436,LT-9m-PCC,W-14,560078,
P-000441,12.981083,77.598897,F-07-01,D-0007,11,P-000438,LT-9m-PCC,W-39,560078,KSPDB-SD07-D-0007-441
P-000442,12.981094,77.598733,F-07-01,D-0007,10,P-000437,LT-8m-Steel,W-28,560078,KSPDB-SD07-D-0007-442
P-000443,12.980653,77.599155,F-07-01,D-0007,11,P-000440,LT-9m-PCC,W-99,560078,KSPDB-SD07-D-0007-443
P-000444,12.980695,77.599018,F-07-01,D-0007,12,P-000443,LT-8m-PCC,W-84,560078,KSPDB-SD07-D-0007-444
P-000445,12.980547,77.599134,F-07-01,D-0007,11,P-000440,LT-8m-PCC,W-50,560078,KSPDB-SD07-D-0007-445
P-000446,12.980851,77.59921,F-07-01,D-0007,13,P-000444,LT-8m-PCC,W-10,560078,KSPDB-SD07-D-0007-446
P-000447,12.981208,77.598796,F-07-01,D-0007,11,P-000442,LT-9m-PCC,W-98,560078,KSPDB-SD07-D-0007-447
P-000448,12.981364,77.598708,F-07-01,D-0007,12,P-000447,LT-9m-PCC,W-15,560078,KSPDB-SD07-D-0007-448
P-000449,12.981552,77.598823,F-07-01,D-0007,13,P-000448,LT-9m-PCC,W-84,560078,KSPDB-SD07-D-0007-449
P-000450,12.980753,77.599389,F-07-01,D-0007,14,P-000446,LT-9m-PCC,W-42,,KSPDB-SD07-D-0007-450
P-000451,12.980818,77.599455,F-07-01,D-0007,15,P-000450,LT-8m-PCC,W-76,560078,KSPDB-SD07-D-0007-451
P-000452,12.98061,77.599321,F-07-01,D-0007,15,P-000450,LT-8m-Steel,W-58,560078,KSPDB-SD07-D-0007-452
P-000453,12.981319,77.598877,F-07-01,D-0007,13,P-000448,LT-8m-Steel,W-91,560078,KSPDB-SD07-D-0007-453
P-000454,12.981222,77.599054,F-07-01,D-0007,14,P-000453,LT-9m-PCC,W-57,560078,KSPDB-SD07-D-0007-454
P-000455,12.981302,77.59892,F-07-01,D-0007,15,P-000454,LT-9m-PCC,W-80,560078,KSPDB-SD07-D-0007-455
P-000456,12.981415,77.599085,F-07-01,D-0007,16,P-000455,LT-8m-PCC,W-30,560078,KSPDB-SD07-D-0007-456
P-000457,12.98125,77.599003,F-07-01,D-0007,14,P-000453,LT-8m-PCC,W-77,560078,
P-000458,12.981437,77.599075,F-07-01,D-0007,14,P-000453,LT-8m-Steel,W-77,560078,KSPDB-SD07-D-0007-458
P-000459,12.981307,77.599063,F-07-01,D-0007,15,P-000454,LT-8m-PCC,W-69,560078,KSPDB-SD07-D-0007-459
P-000460,12.98125,77.598904,F-07-01,D-0007,15,P-000457,LT-8m-Steel,W-98,560078,KSPDB-SD07-D-0007-460
P-000461,12.981426,77.599203,F-07-01,D-0007,16,P-000459,LT-8m-PCC,W-79,560078,
P-000462,12.981246,77.598943,F-07-01,D-0007,15,P-000457,LT-8m-PCC,W-38,560078,KSPDB-SD07-D-0007-462
P-000463,12.981178,77.598899,F-07-01,D-0007,16,P-000459,LT-9m-PCC,W-44,560078,KSPDB-SD07-D-0007-463
P-000464,12.981333,77.598885,F-07-01,D-0007,16,P-000459,LT-8m-PCC,W-12,560078,KSPDB-SD07-D-0007-464
P-000465,12.981294,77.598975,F-07-01,D-0007,16,P-000460,LT-9m-PCC,W-21,560078,KSPDB-SD07-D-0007-465
P-000466,12.981558,77.599392,F-07-01,D-0007,17,P-000461,LT-8m-PCC,W-20,560078,KSPDB-SD07-D-0007-466
P-000467,12.981429,77.599201,F-07-01,D-0007,18,P-000466,LT-8m-Steel,W-86,560078,KSPDB-SD07-D-0007-467
P-000468,12.981318,77.598836,F-07-01,D-0007,17,P-000465,LT-8m-PCC,W-95,560078,KSPDB-SD07-D-0007-468
P-000469,12.981171,77.598978,F-07-01,D-0007,17,P-000464,LT-8m-Steel,W-69,560078,KSPDB-SD07-D-0007-469
P-000470,12.981482,77.599323,F-07-01,D-0007,19,P-000467,LT-9m-PCC,W-40,560078,KSPDB-SD07-D-0007-470
P-000471,12.981286,77.599226,F-07-01,D-0007,20,P-000470,LT-8m-Steel,W-60,560078,KSPDB-SD07-D-0007-471
P-000472,12.981441,77.598648,F-07-01,D-0007,18,P-000468,LT-9m-PCC,W-49,560078,KSPDB-SD07-D-0007-472
P-000473,12.981422,77.598867,F-07-01,D-0007,18,P-000468,LT-8m-Steel,W-30,,KSPDB-SD07-D-0007-473
P-000474,12.981442,77.598544,F-07-01,D-0007,19,P-000472,LT-8m-PCC,W-95,560078,KSPDB-SD07-D-0007-474
P-000475,12.981388,77.598666,F-07-01,D-0007,19,P-000472,LT-9m-PCC,W-60,560078,KSPDB-SD07-D-0007-475
P-000476,12.981265,77.598356,F-07-01,D-0007,20,P-000474,LT-9m-PCC,W-86,560078,KSPDB-SD07-D-0007-476
P-000477,12.981428,77.5986,F-07-01,D-0007,20,P-000475,LT-8m-PCC,W-59,560078,KSPDB-SD07-D-0007-477
P-000478,12.981547,77.598502,F-07-01,D-0007,21,P-000477,LT-9m-PCC,W-75,560078,KSPDB-SD07-D-0007-478
P-000479,12.981341,77.598473,F-07-01,D-0007,21,P-000477,LT-8m-Steel,W-55,560078,KSPDB-SD07-D-0007-479
P-000480,12.981525,77.598294,F-07-01,D-0007,22,P-000479,LT-8m-PCC,W-55,560078,KSPDB-SD07-D-0007-480
P-000481,12.98153,77.598404,F-07-01,D-0007,22,P-000478,LT-9m-PCC,W-68,560078,KSPDB-SD07-D-0007-481
P-000482,12.981502,77.59827,F-07-01,D-0007,23,P-000480,LT-9m-PCC,W-23,560078,KSPDB-SD07-D-0007-482
P-000483,12.981641,77.598338,F-07-01,D-0007,22,P-000478,LT-8m-PCC,W-18,560078,KSPDB-SD07-D-0007-483
P-000484,12.962616,77.608825,F-07-02,D-0008,1,,LT-9m-PCC,W-47,560078,KSPDB-SD07-D-0008-484
P-000485,12.96263,77.609016,F-07-02,D-0008,2,P-000484,LT-8m-Steel,W-70,560078,KSPDB-SD07-D-0008-485
P-000486,12.962662,77.608745,F-07-02,D-0008,2,P-000484,LT-9m-PCC,W-36,560078,KSPDB-SD07-D-0008-486
P-000487,12.962528,77.608613,F-07-02,D-0008,3,P-000486,LT-9m-PCC,W-72,560078,
P-000488,12.962608,77.608791,F-07-02,D-0008,4,P-000487,LT-8m-PCC,W-81,560078,KSPDB-SD07-D-0008-488
P-000489,12.962721,77.60901,F-07-02,D-0008,3,P-000485,LT-8m-PCC,W-99,560078,KSPDB-SD07-D-0008-489
P-000490,12.962615,77.608621,F-07-02,D-0008,5,P-000488,LT-8m-PCC,W-43,560078,KSPDB-SD07-D-0008-490
P-000491,12.96278,77.608926,F-07-02,D-0008,4,P-000489,LT-8m-PCC,W-24,560078,KSPDB-SD07-D-0008-491
P-000492,12.962434,77.608641,F-07-02,D-0008,5,P-000488,LT-8m-PCC,W-58,560078,KSPDB-SD07-D-0008-492
P-000493,12.962574,77.608756,F-07-02,D-0008,6,P-000490,LT-9m-PCC,W-54,560078,KSPDB-SD07-D-0008-493
P-000494,12.962716,77.608813,F-07-02,D-0008,4,P-000489,LT-9m-PCC,W-45,560078,KSPDB-SD07-D-0008-494
P-000495,12.962694,77.608756,F-07-02,D-0008,6,P-000490,LT-8m-PCC,W-95,560078,KSPDB-SD07-D-0008-495
P-000496,12.962754,77.609027,F-07-02,D-0008,5,P-000491,LT-9m-PCC,W-88,560078,KSPDB-SD07-D-0008-496
P-000497,12.962632,77.608925,F-07-02,D-0008,7,P-000495,LT-8m-PCC,W-53,560078,
P-000498,12.962585,77.609041,F-07-02,D-0008,8,P-000497,LT-9m-PCC,W-16,560078,KSPDB-SD07-D-0008-498
P-000499,12.962778,77.609014,F-07-02,D-0008,9,P-000498,LT-8m-PCC,W-54,560078,KSPDB-SD07-D-0008-499
P-000500,12.962444,77.608754,F-07-02,D-0008,8,P-000497,LT-8m-Steel,W-84,560078,KSPDB-SD07-D-0008-500
P-000501,12.962388,77.608878,F-07-02,D-0008,9,P-000500,LT-8m-PCC,W-20,560078,KSPDB-SD07-D-0008-501
P-000502,12.962556,77.609067,F-07-02,D-0008,9,P-000498,LT-8m-Steel,W-53,560078,
P-000503,12.962594,77.609055,F-07-02,D-0008,10,P-000502,LT-8m-Steel,W-40,560078,KSPDB-SD07-D-0008-503
P-000504,12.962392,77.608989,F-07-02,D-0008,10,P-000501,LT-8m-Steel,W-92,560078,KSPDB-SD07-D-0008-504
P-000505,12.962646,77.608914,F-07-02,D-0008,11,P-000503,LT-8m-Steel,W-10,560078,KSPDB-SD07-D-0008-505
P-000506,12.962764,77.608957,F-07-02,D-0008,11,P-000503,LT-9m-PCC,W-85,560078,KSPDB-SD07-D-0008-506
P-000507,12.962824,77.608908,F-07-02,D-0008,12,P-000505,LT-9m-PCC,W-10,560078,KSPDB-SD07-D-0008-507
P-000508,12.962729,77.608887,F-07-02,D-0008,11,P-000503,LT-9m-PCC,W-58,560078,KSPDB-SD07-D-0008-508
P-000509,12.962575,77.609062,F-07-02,D-0008,12,P-000506,LT-9m-PCC,W-20,560078,KSPDB-SD07-D-0008-509
P-000510,12.96242,77.609027,F-07-02,D-0008,13,P-000509,LT-8m-PCC,W-98,560078,
P-000511,12.962452,77.608894,F-07-02,D-0008,13,P-000509,LT-8m-PCC,W-16,560078,KSPDB-SD07-D-0008-511
P-000512,12.96279,77.608921,F-07-02,D-0008,12,P-000508,LT-8m-Steel,W-60,560078,KSPDB-SD07-D-0008-512
P-000513,12.962408,77.60895,F-07-02,D-0008,14,P-000511,LT-9m-PCC,W-84,560078,KSPDB-SD07-D-0008-513
P-000514,12.962513,77.608898,F-07-02,D-0008,15,P-000513,LT-8m-PCC,W-28,560078,KSPDB-SD07-D-0008-514
P-000515,12.962307,77.608786,F-07-02,D-0008,15,P-000513,LT-8m-Steel,W-31,560078,KSPDB-SD07-D-0008-515
P-000516,12.96227,77.608691,F-07-02,D-0008,16,P-000515,LT-8m-Steel,W-19,560078,KSPDB-SD07-D-0008-516
P-000517,12.962455,77.60888,F-07-02,D-0008,16,P-000514,LT-9m-PCC,W-58,560078,KSPDB-SD07-D-0008-517
P-000518,12.962151,77.608602,F-07-02,D-0008,16,P-000515,LT-8m-PCC,W-78,560078,KSPDB-SD07-D-0008-518
P-000519,12.962702,77.609008,F-07-02,D-0008,16,P-000514,LT-8m-PCC,W-51,560078,KSPDB-SD07-D-0008-519
P-000520,12.962278,77.608611,F-07-02,D-0008,17,P-000516,LT-8m-PCC,W-18,560078,KSPDB-SD07-D-0008-520
P-000521,12.962347,77.608843,F-07-02,D-0008,17,P-000516,LT-8m-PCC,W-66,560078,KSPDB-SD07-D-0008-521
P-000522,12.961963,77.608404,F-07-02,D-0008,17,P-000518,LT-8m-PCC,W-16,560078,KSPDB-SD07-D-0008-522
P-000523,12.962383,77.608702,F-07-02,D-0008,18,P-000520,LT-8m-PCC,W-33,560078,KSPDB-SD07-D-0008-523
P-000524,12.962621,77.608833,F-07-02,D-0008,17,P-000519,LT-8m-Steel,W-88,560078,KSPDB-SD07-D-0008-524
P-000525,12.961848,77.608491,F-07-02,D-0008,18,P-000522,LT-8m-PCC,W-73,560078,KSPDB-SD07-D-0008-525
P-000526,12.961945,77.608359,F-07-02,D-0008,19,P-000525,LT-8m-PCC,W-65,560078,KSPDB-SD07-D-0008-526
P-000527,12.961869,77.608567,F-07-02,D-0008,19,P-000525,LT-8m-Steel,W-95,560078,KSPDB-SD07-D-0008-527
P-000528,12.961849,77.608543,F-07-02,D-0008,19,P-000525,LT-8m-PCC,W-72,560078,
P-000529,12.961836,77.608733,F-07-02,D-0008,20,P-000528,LT-9m-PCC,W-98,560078,KSPDB-SD07-D-0008-529
P-000530,12.961985,77.608491,F-07-02,D-0008,20,P-000527,LT-9m-PCC,W-84,560078,KSPDB-SD07-D-0008-530
P-000531,12.961902,77.608638,F-07-02,D-0008,20,P-000528,LT-9m-PCC,W-44,560078,KSPDB-SD07-D-0008-531
P-000532,12.96166,77.608688,F-07-02,D-0008,21,P-000529,LT-8m-PCC,W-96,560078,KSPDB-SD07-D-0008-532
P-000533,12.961937,77.608434,F-07-02,D-0008,20,P-000528,LT-8m-Steel,W-79,560078,KSPDB-SD07-D-0008-533
P-000534,12.961856,77.608555,F-07-02,D-0008,21,P-000530,LT-8m-Steel,W-50,560078,KSPDB-SD07-D-0008-534
P-000535,12.961583,77.608545,F-07-02,D-0008,22,P-000532,LT-9m-PCC,W-84,560078,
P-000536,12.961533,77.608665,F-07-02,D-0008,23,P-000535,LT-8m-PCC,W-98,560078,KSPDB-SD07-D-0008-536
P-000537,12.961764,77.608616,F-07-02,D-0008,22,P-000532,LT-8m-PCC,W-49,560078,KSPDB-SD07-D-0008-537
P-000538,12.961334,77.608598,F-07-02,D-0008,24,P-000536,LT-8m-PCC,W-83,560078,KSPDB-SD07-D-0008-538
P-000539,12.96146,77.608647,F-07-02,D-0008,23,P-000535,LT-9m-PCC,W-59,560078,KSPDB-SD07-D-0008-539
P-000540,12.961851,77.608468,F-07-02,D-0008,23,P-000537,LT-8m-PCC,W-63,560078,KSPDB-SD07-D-0008-540
P-000541,12.961644,77.60878,F-07-02,D-0008,24,P-000536,LT-9m-PCC,W-57,560078,KSPDB-SD07-D-0008-541
P-000542,12.961901,77.608493,F-07-02,D-0008,24,P-000540,LT-9m-PCC,W-50,560078,KSPDB-SD07-D-0008-542
P-000543,12.961477,77.608736,F-07-02,D-0008,25,P-000541,LT-8m-PCC,W-57,560078,KSPDB-SD07-D-0008-543
P-000544,12.961871,77.608392,F-07-02,D-0008,25,P-000542,LT-8m-Steel,W-86,560078,KSPDB-SD07-D-0008-544
P-000545,12.961421,77.60868,F-07-02,D-0008,26,P-000543,LT-9m-PCC,W-15,560078,KSPDB-SD07-D-0008-545
P-000546,12.961425,77.608813,F-07-02,D-0008,27,P-000545,LT-9m-PCC,W-58,560078,KSPDB-SD07-D-0008-546
P-000547,12.961596,77.608857,F-07-02,D-0008,28,P-000546,LT-8m-PCC,W-24,560078,
P-000548,12.961781,77.608921,F-07-02,D-0008,29,P-000547,LT-8m-Steel,W-72,560078,KSPDB-SD07-D-0008-548
P-000549,12.961241,77.608709,F-07-02,D-0008,28,P-000546,LT-8m-Steel,W-55,560078,
P-000550,12.961086,77.608743,F-07-02,D-0008,29,P-000549,LT-8m-PCC,W-88,560078,KSPDB-SD07-D-0008-550
P-000551,12.961151,77.608695,F-07-02,D-0008,29,P-000549,LT-8m-Steel,W-84,560078,KSPDB-SD07-D-0008-551
P-000552,12.961385,77.608747,F-07-02,D-0008,29,P-000549,LT-8m-Steel,W-15,560078,KSPDB-SD07-D-0008-552
P-000553,12.961131,77.608786,F-07-02,D-0008,30,P-000550,LT-8m-PCC,W-65,560078,KSPDB-SD07-D-0008-553
P-000554,12.96133,77.608839,F-07-02,D-0008,31,P-000553,LT-8m-PCC,W-83,560078,KSPDB-SD07-D-0008-554
P-000555,12.961283,77.608925,F-07-02,D-0008,30,P-000550,LT-8m-Steel,W-58,560078,
P-000556,12.961204,77.608745,F-07-02,D-0008,32,P-000554,LT-9m-PCC,W-36,560078,KSPDB-SD07-D-0008-556
P-000557,12.961335,77.608848,F-07-02,D-0008,31,P-000555,LT-8m-Steel,W-75,560078,KSPDB-SD07-D-0008-557
P-000558,12.968073,77.591571,F-07-02,D-0009,1,,LT-8m-Steel,W-40,560078,KSPDB-SD07-D-0009-558
P-000559,12.96823,77.59161,F-07-02,D-0009,2,P-000558,LT-9m-PCC,W-29,560078,KSPDB-SD07-D-0009-559
P-000560,12.968143,77.591654,F-07-02,D-0009,2,P-000558,LT-9m-PCC,W-57,560078,KSPDB-SD07-D-0009-560
P-000561,12.968389,77.591797,F-07-02,D-0009,3,P-000559,LT-9m-PCC,W-54,560078,KSPDB-SD07-D-0009-561
P-000562,12.968334,77.591847,F-07-02,D-0009,3,P-000560,LT-8m-PCC,W-88,560078,KSPDB-SD07-D-0009-562
P-000563,12.968208,77.591778,F-07-02,D-0009,4,P-000562,LT-8m-Steel,W-83,560078,KSPDB-SD07-D-0009-563
P-000564,12.968316,77.591776,F-07-02,D-0009,5,P-000563,LT-8m-PCC,W-80,560078,KSPDB-SD07-D-0009-564
P-000565,12.968352,77.591629,F-07-02,D-0009,4,P-000561,LT-9m-PCC,W-85,560078,KSPDB-SD07-D-0009-565
P-000566,12.968319,77.591627,F-07-02,D-0009,5,P-000565,LT-9m-PCC,W-51,560078,KSPDB-SD07-D-0009-566
P-000567,12.968389,77.591804,F-07-02,D-0009,5,P-000563,LT-8m-Steel,W-90,560078,KSPDB-SD07-D-0009-567
P-000568,12.968404,77.591588,F-07-02,D-0009,6,P-000566,LT-9m-PCC,W-66,560078,KSPDB-SD07-D-0009-568
P-000569,12.968218,77.591639,F-07-02,D-0009,6,P-000566,LT-8m-Steel,W-20,560078,KSPDB-SD07-D-0009-569
P-000570,12.968296,77.591754,F-07-02,D-0009,7,P-000569,LT-8m-PCC,W-60,560078,KSPDB-SD07-D-0009-570
P-000571,12.96829,77.591753,F-07-02,D-0009,6,P-000567,LT-9m-PCC,W-41,560078,KSPDB-SD07-D-0009-571
P-000572,12.968314,77.591753,F-07-02,D-0009,8,P-000570,LT-9m-PCC,W-85,560078,KSPDB-SD07-D-0009-572
P-000573,12.96826,77.591766,F-07-02,D-0009,7,P-000571,LT-8m-Steel,W-76,560078,KSPDB-SD07-D-0009-573
P-000574,12.968426,77.59162,F-07-02,D-0009,8,P-000573,LT-8m-Steel,W-41,560078,
P-000575,12.968296,77.591779,F-07-02,D-0009,7,P-000571,LT-8m-Steel,W-21,560078,KSPDB-SD07-D-0009-575
P-000576,12.968487,77.591594,F-07-02,D-0009,9,P-000574,LT-8m-Steel,W-87,,KSPDB-SD07-D-0009-576
P-000577,12.968275,77.591892,F-07-02,D-0009,8,P-000573,LT-8m-Steel,W-40,560078,KSPDB-SD07-D-0009-577
P-000578,12.968147,77.59186,F-07-02,D-0009,8,P-000575,LT-9m-PCC,W-82,560078,KSPDB-SD07-D-0009-578
P-000579,12.968219,77.591889,F-07-02,D-0009,8,P-000575,LT-8m-PCC,W-85,560078,KSPDB-SD07-D-0009-579
P-000580,12.968338,77.59201,F-07-02,D-0009,9,P-000578,LT-8m-PCC,W-48,,KSPDB-SD07-D-0009-580
P-000581,12.968103,77.591936,F-07-02,D-0009,9,P-000577,LT-8m-PCC,W-42,560078,KSPDB-SD07-D-0009-581
P-000582,12.968289,77.591897,F-07-02,D-0009,10,P-000581,LT-8m-Steel,W-68,560078,KSPDB-SD07-D-0009-582
P-000583,12.968047,77.591745,F-07-02,D-0009,9,P-000578,LT-9m-PCC,W-15,560078,KSPDB-SD07-D-0009-583
P-000584,12.968414,77.591941,F-07-02,D-0009,10,P-000580,LT-8m-Steel,W-32,560078,KSPDB-SD07-D-0009-584
P-000585,12.96845,77.592067,F-07-02,D-0009,11,P-000582,LT-8m-PCC,W-99,560078,KSPDB-SD07-D-0009-585
P-000586,12.967909,77.592106,F-07-02,D-0009,10,P-000581,LT-9m-PCC,W-63,560078,KSPDB-SD07-D-0009-586
P-000587,12.968293,77.592102,F-07-02,D-0009,12,P-000585,LT-8m-PCC,W-13,560078,KSPDB-SD07-D-0009-587
P-000588,12.967885,77.592231,F-07-02,D-0009,11,P-000586,LT-9m-PCC,W-36,560078,KSPDB-SD07-D-0009-588
P-000589,12.96861,77.592223,F-07-02,D-0009,12,P-000585,LT-8m-Steel,W-20,560078,KSPDB-SD07-D-0009-589
P-000590,12.968598,77.592234,F-07-02,D-0009,13,P-000589,LT-8m-PCC,W-93,560078,KSPDB-SD07-D-0009-590
P-000591,12.968309,77.591984,F-07-02,D-0009,13,P-000587,LT-8m-Steel,W-40,560078,KSPDB-SD07-D-0009-591
P-000592,12.968771,77.592172,F-07-02,D-0009,14,P-000590,LT-9m-PCC,W-84,560078,KSPDB-SD07-D-0009-592
P-000593,12.968431,77.592212,F-07-02,D-0009,14,P-000590,LT-8m-Steel,W-45,560078,KSPDB-SD07-D-0009-593
P-000594,12.968477,77.592109,F-07-02,D-0009,14,P-000591,LT-8m-PCC,W-80,560078,KSPDB-SD07-D-0009-594
P-000595,12.968461,77.592136,F-07-02,D-0009,14,P-000591,LT-8m-PCC,W-94,560078,KSPDB-SD07-D-0009-595
P-000596,12.968471,77.592119,F-07-02,D-0009,15,P-000594,LT-8m-Steel,W-95,560078,KSPDB-SD07-D-0009-596
P-000597,12.9685,77.592141,F-07-02,D-0009,15,P-000594,LT-8m-PCC,W-82,560078,KSPDB-SD07-D-0009-597
P-000598,12.968599,77.592092,F-07-02,D-0009,16,P-000597,LT-8m-PCC,W-77,560078,KSPDB-SD07-D-0009-598
P-000599,12.968566,77.592219,F-07-02,D-0009,16,P-000597,LT-8m-PCC,W-41,560078,KSPDB-SD07-D-0009-599
P-000600,12.968727,77.592159,F-07-02,D-0009,17,P-000599,LT-9m-PCC,W-70,560078,KSPDB-SD07-D-0009-600
P-000601,12.968443,77.59221,F-07-02,D-0009,17,P-000599,LT-9m-PCC,W-86,560078,KSPDB-SD07-D-0009-601
P-000602,12.968722,77.592287,F-07-02,D-0009,18,P-000600,LT-8m-Steel,W-27,560078,KSPDB-SD07-D-0009-602
P-000603,12.968505,77.5924,F-07-02,D-0009,17,P-000599,LT-9m-PCC,W-92,560078,KSPDB-SD07-D-0009-603
P-000604,12.968679,77.592294,F-07-02,D-0009,18,P-000600,LT-9m-PCC,W-38,560078,KSPDB-SD07-D-0009-604
P-000605,12.968539,77.592363,F-07-02,D-0009,19,P-000602,LT-9m-PCC,W-83,560078,KSPDB-SD07-D-0009-605
P-000606,12.968406,77.592274,F-07-02,D-0009,18,P-000603,LT-9m-PCC,W-93,560078,KSPDB-SD07-D-0009-606
P-000607,12.968306,77.592307,F-07-02,D-0009,19,P-000606,LT-8m-PCC,W-35,560078,KSPDB-SD07-D-0009-607
P-000608,12.968708,77.5922,F-07-02,D-0009,19,P-000604,LT-8m-Steel,W-77,560078,KSPDB-SD07-D-0009-608
P-000609,12.968459,77.592424,F-07-02,D-0009,20,P-000605,LT-9m-PCC,W-26,560078,KSPDB-SD07-D-0009-609
P-000610,12.968487,77.592243,F-07-02,D-0009,19,P-000606,LT-8m-Steel,W-49,560078,KSPDB-SD07-D-0009-610
P-000611,12.968449,77.5924,F-07-02,D-0009,20,P-000610,LT-9m-PCC,W-23,560078,KSPDB-SD07-D-0009-611
P-000612,12.968609,77.592071,F-07-02,D-0009,20,P-000608,LT-8m-Steel,W-94,560078,KSPDB-SD07-D-0009-612
P-000613,12.968822,77.592399,F-07-02,D-0009,20,P-000608,LT-9m-PCC,W-21,560078,KSPDB-SD07-D-0009-613
P-000614,12.968296,77.592253,F-07-02,D-0009,20,P-000610,LT-8m-Steel,W-48,560078,KSPDB-SD07-D-0009-614
P-000615,12.968366,77.592216,F-07-02,D-0009,20,P-000610,LT-8m-Steel,W-98,560078,KSPDB-SD07-D-0009-615
P-000616,12.968694,77.59257,F-07-02,D-0009,21,P-000613,LT-9m-PCC,W-18,560078,
P-000617,12.968554,77.592199,F-07-02,D-0009,21,P-000615,LT-9m-PCC,W-71,560078,KSPDB-SD07-D-0009-617
P-000618,12.968374,77.592279,F-07-02,D-0009,21,P-000615,LT-8m-Steel,W-26,560078,KSPDB-SD07-D-0009-618
P-000619,12.968579,77.592345,F-07-02,D-0009,22,P-000617,LT-9m-PCC,W-48,560078,KSPDB-SD07-D-0009-619
P-000620,12.968191,77.592378,F-07-02,D-0009,22,P-000618,LT-8m-Steel,W-39,560078,KSPDB-SD07-D-0009-620
P-000621,12.968629,77.592532,F-07-02,D-0009,23,P-000619,LT-9m-PCC,W-72,,KSPDB-SD07-D-0009-621
P-000622,12.97241,77.60702,F-07-02,D-0010,1,,LT-8m-PCC,W-84,560078,KSPDB-SD07-D-0010-622
P-000623,12.972435,77.607106,F-07-02,D-0010,2,P-000622,LT-9m-PCC,W-24,560078,KSPDB-SD07-D-0010-623
P-000624,12.972542,77.606972,F-07-02,D-0010,2,P-000622,LT-9m-PCC,W-79,560078,KSPDB-SD07-D-0010-624
P-000625,12.972341,77.606823,F-07-02,D-0010,2,P-000622,LT-9m-PCC,W-92,560078,KSPDB-SD07-D-0010-625
P-000626,12.972397,77.607279,F-07-02,D-0010,3,P-000623,LT-9m-PCC,W-30,560078,KSPDB-SD07-D-0010-626
P-000627,12.972392,77.607401,F-07-02,D-0010,4,P-000626,LT-8m-PCC,W-29,560078,KSPDB-SD07-D-0010-627
P-000628,12.972332,77.606941,F-07-02,D-0010,3,P-000625,LT-8m-PCC,W-88,560078,KSPDB-SD07-D-0010-628
P-000629,12.972377,77.607042,F-07-02,D-0010,3,P-000624,LT-9m-PCC,W-92,560078,KSPDB-SD07-D-0010-629
P-000630,12.972528,77.606915,F-07-02,D-0010,3,P-000625,LT-8m-Steel,W-20,560078,KSPDB-SD07-D-0010-630
P-000631,12.97229,77.606796,F-07-02,D-0010,4,P-000628,LT-8m-Steel,W-61,560078,KSPDB-SD07-D-0010-631
P-000632,12.972183,77.606831,F-07-02,D-0010,4,P-000628,LT-8m-PCC,W-69,560078,KSPDB-SD07-D-0010-632
P-000633,12.972093,77.606785,F-07-02,D-0010,5,P-000631,LT-9m-PCC,W-67,560078,KSPDB-SD07-D-0010-633
P-000634,12.972047,77.60669,F-07-02,D-0010,5,P-000632,LT-8m-PCC,W-79,560078,KSPDB-SD07-D-0010-634
P-000635,12.971896,77.606825,F-07-02,D-0010,6,P-000634,LT-9m-PCC,W-22,560078,KSPDB-SD07-D-0010-635
P-000636,12.972116,77.606786,F-07-02,D-0010,6,P-000633,LT-8m-Steel,W-11,560078,KSPDB-SD07-D-0010-636
P-000637,12.971887,77.606531,F-07-02,D-0010,6,P-000634,LT-8m-PCC,W-98,560078,KSPDB-SD07-D-0010-637
P-000638,12.972176,77.606816,F-07-02,D-0010,7,P-000636,LT-9m-PCC,W-86,560078,KSPDB-SD07-D-0010-638
P-000639,12.972123,77.606836,F-07-02,D-0010,8,P-000638,LT-9m-PCC,W-82,560078,KSPDB-SD07-D-0010-639
P-000640,12.972082,77.606854,F-07-02,D-0010,7,P-000636,LT-9m-PCC,W-14,560078,KSPDB-SD07-D-0010-640
P-000641,12.972099,77.606927,F-07-02,D-0010,7,P-000636,LT-8m-Steel,W-27,560078,KSPDB-SD07-D-0010-641
P-000642,12.972275,77.607027,F-07-02,D-0010,8,P-000641,LT-8m-PCC,W-74,560078,KSPDB-SD07-D-0010-642
P-000643,12.97232,77.606675,F-07-02,D-0010,9,P-000639,LT-8m-PCC,W-38,560078,KSPDB-SD07-D-0010-643
P-000644,12.971968,77.606858,F-07-02,D-0010,8,P-000640,LT-8m-PCC,W-16,560078,KSPDB-SD07-D-0010-644
P-000645,12.972286,77.606846,F-07-02,D-0010,8,P-000641,LT-8m-Steel,W-41,560078,KSPDB-SD07-D-0010-645
P-000646,12.972261,77.607028,F-07-02,D-0010,8,P-000641,LT-9m-PCC,W-69,560078,KSPDB-SD07-D-0010-646
P-000647,12.972413,77.60717,F-07-02,D-0010,9,P-000642,LT-9m-PCC,W-47,560078,KSPDB-SD07-D-0010-647
P-000648,12.972077,77.607001,F-07-02,D-0010,9,P-000644,LT-8m-Steel,W-75,560078,KSPDB-SD07-D-0010-648
P-000649,12.972159,77.607096,F-07-02,D-0010,9,P-000646,LT-8m-Steel,W-17,560078,KSPDB-SD07-D-0010-649
P-000650,12.972334,77.606863,F-07-02,D-0010,9,P-000646,LT-9m-PCC,W-21,560078,KSPDB-SD07-D-0010-650
P-000651,12.972585,77.607349,F-07-02,D-0010,10,P-000647,LT-9m-PCC,W-20,560078,KSPDB-SD07-D-0010-651
P-000652,12.972023,77.606899,F-07-02,D-0010,10,P-000649,LT-8m-PCC,W-70,560078,KSPDB-SD07-D-0010-652
P-000653,12.972343,77.606926,F-07-02,D-0010,10,P-000649,LT-9m-PCC,W-37,560078,KSPDB-SD07-D-0010-653
P-000654,12.971989,77.607063,F-07-02,D-0010,10,P-000649,LT-8m-Steel,W-15,560078,KSPDB-SD07-D-0010-654
P-000655,12.972554,77.607386,F-07-02,D-0010,11,P-000651,LT-9m-PCC,W-55,560078,KSPDB-SD07-D-0010-655
P-000656,12.972182,77.607194,F-07-02,D-0010,11,P-000654,LT-9m-PCC,W-23,560078,
P-000657,12.972117,77.607349,F-07-02,D-0010,12,P-000656,LT-8m-Steel,W-68,560078,KSPDB-SD07-D-0010-657
P-000658,12.972725,77.607415,F-07-02,D-0010,12,P-000655,LT-9m-PCC,W-94,560078,KSPDB-SD07-D-0010-658
P-000659,12.972351,77.607324,F-07-02,D-0010,12,P-000656,LT-8m-PCC,W-44,560078,KSPDB-SD07-D-0010-659
P-000660,12.972782,77.607532,F-07-02,D-0010,13,P-000658,LT-8m-PCC,W-62,560078,KSPDB-SD07-D-0010-660
P-000661,12.972653,77.607468,F-07-02,D-0010,13,P-000658,LT-9m-PCC,W-62,560078,KSPDB-SD07-D-0010-661
P-000662,12.972834,77.607588,F-07-02,D-0010,13,P-000658,LT-9m-PCC,W-36,560078,KSPDB-SD07-D-0010-662
P-000663,12.972528,77.607481,F-07-02,D-0010,13,P-000658,LT-8m-Steel,W-89,560078,KSPDB-SD07-D-0010-663
P-000664,12.972352,77.607606,F-07-02,D-0010,14,P-000663,LT-8m-PCC,W-34,560078,KSPDB-SD07-D-0010-664
P-000665,12.972686,77.60777,F-07-02,D-0010,14,P-000662,LT-9m-PCC,W-51,560078,KSPDB-SD07-D-0010-665
P-000666,12.972204,77.607582,F-07-02,D-0010,15,P-000664,LT-8m-Steel,W-65,560078,KSPDB-SD07-D-0010-666
P-000667,12.972628,77.60776,F-07-02,D-0010,15,P-000665,LT-8m-PCC,W-91,560078,KSPDB-SD07-D-0010-667
P-000668,12.972712,77.607806,F-07-02,D-0010,16,P-000667,LT-9m-PCC,W-11,560078,KSPDB-SD07-D-0010-668
P-000669,12.972345,77.607473,F-07-02,D-0010,16,P-000666,LT-8m-PCC,W-82,560078,KSPDB-SD07-D-0010-669
P-000670,12.972258,77.607405,F-07-02,D-0010,16,P-000666,LT-8m-Steel,W-15,560078,KSPDB-SD07-D-0010-670
P-000671,12.972299,77.607476,F-07-02,D-0010,16,P-000666,LT-8m-Steel,W-33,560078,KSPDB-SD07-D-0010-671
P-000672,12.972723,77.607877,F-07-02,D-0010,17,P-000668,LT-8m-Steel,W-99,560078,KSPDB-SD07-D-0010-672
P-000673,12.972227,77.607368,F-07-02,D-0010,17,P-000669,LT-8m-Steel,W-58,560078,KSPDB-SD07-D-0010-673
P-000674,12.972353,77.607584,F-07-02,D-0010,17,P-000669,LT-8m-Steel,W-84,560078,KSPDB-SD07-D-0010-674
P-000675,12.972166,77.607548,F-07-02,D-0010,17,P-000671,LT-8m-Steel,W-83,560078,KSPDB-SD07-D-0010-675
P-000676,12.972221,77.607549,F-07-02,D-0010,18,P-000675,LT-9m-PCC,W-86,560078,KSPDB-SD07-D-0010-676
P-000677,12.972247,77.607349,F-07-02,D-0010,19,P-000676,LT-8m-PCC,W-97,560078,KSPDB-SD07-D-0010-677
P-000678,12.97251,77.607628,F-07-02,D-0010,18,P-000674,LT-8m-Steel,W-88,560078,KSPDB-SD07-D-0010-678
P-000679,12.972146,77.607558,F-07-02,D-0010,19,P-000676,LT-9m-PCC,W-97,560078,KSPDB-SD07-D-0010-679
P-000680,12.972055,77.607456,F-07-02,D-0010,20,P-000677,LT-8m-PCC,W-49,560078,KSPDB-SD07-D-0010-680
P-000681,12.972076,77.607562,F-07-02,D-0010,19,P-000676,LT-8m-PCC,W-41,560078,KSPDB-SD07-D-0010-681
P-000682,12.971935,77.60753,F-07-02,D-0010,21,P-000680,LT-8m-PCC,W-86,560078,KSPDB-SD07-D-0010-682
P-000683,12.966836,77.58372,F-07-03,D-0011,1,,LT-9m-PCC,W-72,560078,KSPDB-SD07-D-0011-683
P-000684,12.966894,77.58375,F-07-03,D-0011,2,P-000683,LT-8m-PCC,W-90,560078,KSPDB-SD07-D-0011-684
P-000685,12.966893,77.583821,F-07-03,D-0011,3,P-000684,LT-9m-PCC,W-77,560078,KSPDB-SD07-D-0011-685
P-000686,12.966897,77.583769,F-07-03,D-0011,3,P-000684,LT-8m-Steel,W-75,560078,KSPDB-SD07-D-0011-686
P-000687,12.966824,77.583819,F-07-03,D-0011,2,P-000683,LT-8m-Steel,W-92,560078,KSPDB-SD07-D-0011-687
P-000688,12.966865,77.583847,F-07-03,D-0011,3,P-000684,LT-8m-PCC,W-10,560078,KSPDB-SD07-D-0011-688
P-000689,12.966806,77.58383,F-07-03,D-0011,4,P-000685,LT-8m-PCC,W-81,560078,KSPDB-SD07-D-0011-689
P-000690,12.966715,77.583704,F-07-03,D-0011,4,P-000685,LT-8m-PCC,W-48,560078,KSPDB-SD07-D-0011-690
P-000691,12.966909,77.58377,F-07-03,D-0011,3,P-000687,LT-8m-Steel,W-80,560078,KSPDB-SD07-D-0011-691
P-000692,12.966694,77.583964,F-07-03,D-0011,4,P-000688,LT-8m-PCC,W-99,560078,KSPDB-SD07-D-0011-692
P-000693,12.966917,77.583711,F-07-03,D-0011,4,P-000691,LT-9m-PCC,W-67,560078,KSPDB-SD07-D-0011-693
P-000694,12.966753,77.583608,F-07-03,D-0011,5,P-000690,LT-8m-Steel,W-22,560078,KSPDB-SD07-D-0011-694
P-000695,12.966729,77.58365,F-07-03,D-0011,5,P-000690,LT-9m-PCC,W-12,560078,KSPDB-SD07-D-0011-695
P-000696,12.967054,77.583869,F-07-03,D-0011,5,P-000693,LT-9m-PCC,W-33,560078,KSPDB-SD07-D-0011-696
P-000697,12.966802,77.583655,F-07-03,D-0011,6,P-000695,LT-8m-PCC,W-69,560078,KSPDB-SD07-D-0011-697
P-000698,12.96663,77.583693,F-07-03,D-0011,6,P-000695,LT-8m-PCC,W-83,560078,KSPDB-SD07-D-0011-698
P-000699,12.966925,77.584051,F-07-03,D-0011,6,P-000696,LT-8m-Steel,W-40,560078,KSPDB-SD07-D-0011-699
P-000700,12.966766,77.583799,F-07-03,D-0011,7,P-000697,LT-9m-PCC,W-61,560078,KSPDB-SD07-D-0011-700
P-000701,12.966652,77.583755,F-07-03,D-0011,7,P-000697,LT-9m-PCC,W-97,560078,KSPDB-SD07-D-0011-701
P-000702,12.966594,77.583723,F-07-03,D-0011,8,P-000701,LT-8m-Steel,W-58,560078,
P-000703,12.966952,77.583904,F-07-03,D-0011,7,P-000699,LT-8m-Steel,W-19,560078,KSPDB-SD07-D-0011-703
P-000704,12.966498,77.583762,F-07-03,D-0011,8,P-000701,LT-8m-PCC,W-58,560078,KSPDB-SD07-D-0011-704
P-000705,12.966655,77.583938,F-07-03,D-0011,8,P-000700,LT-8m-Steel,W-90,560078,KSPDB-SD07-D-0011-705
P-000706,12.966429,77.58377,F-07-03,D-0011,9,P-000704,LT-9m-PCC,W-70,560078,KSPDB-SD07-D-0011-706
P-000707,12.96655,77.583643,F-07-03,D-0011,10,P-000706,LT-9m-PCC,W-12,560078,
P-000708,12.966722,77.584018,F-07-03,D-0011,9,P-000705,LT-9m-PCC,W-67,560078,KSPDB-SD07-D-0011-708
P-000709,12.966654,77.583722,F-07-03,D-0011,11,P-000707,LT-8m-Steel,W-42,560078,KSPDB-SD07-D-0011-709
P-000710,12.966858,77.584105,F-07-03,D-0011,10,P-000708,LT-8m-Steel,W-32,560078,KSPDB-SD07-D-0011-710
P-000711,12.967037,77.584068,F-07-03,D-0011,11,P-000710,LT-9m-PCC,W-25,560078,KSPDB-SD07-D-0011-711
P-000712,12.966795,77.583668,F-07-03,D-0011,12,P-000709,LT-8m-Steel,W-37,560078,KSPDB-SD07-D-0011-712
P-000713,12.966926,77.583584,F-07-03,D-0011,13,P-000712,LT-8m-Steel,W-53,560078,KSPDB-SD07-D-0011-713
P-000714,12.966535,77.583531,F-07-03,D-0011,12,P-000709,LT-9m-PCC,W-49,560078,KSPDB-SD07-D-0011-714
P-000715,12.966551,77.583696,F-07-03,D-0011,13,P-000714,LT-8m-Steel,W-69,560078,KSPDB-SD07-D-0011-715
P-000716,12.966747,77.583544,F-07-03,D-0011,14,P-000715,LT-9m-PCC,W-37,560078,KSPDB-SD07-D-0011-716
P-000717,12.966356,77.583342,F-07-03,D-0011,13,P-000714,LT-8m-Steel,W-26,560078,KSPDB-SD07-D-0011-717
P-000718,12.966991,77.583622,F-07-03,D-0011,14,P-000713,LT-9m-PCC,W-56,560078,KSPDB-SD07-D-0011-718
P-000719,12.966431,77.583678,F-07-03,D-0011,13,P-000714,LT-9m-PCC,W-54,560078,KSPDB-SD07-D-0011-719
P-000720,12.966696,77.583658,F-07-03,D-0011,15,P-000716,LT-9m-PCC,W-54,560078,KSPDB-SD07-D-0011-720
P-000721,12.967019,77.583691,F-07-03,D-0011,15,P-000718,LT-9m-PCC,W-20,560078,KSPDB-SD07-D-0011-721
P-000722,12.966381,77.583355,F-07-03,D-0011,14,P-000717,LT-8m-PCC,W-33,560078,KSPDB-SD07-D-0011-722
P-000723,12.967015,77.583875,F-07-03,D-0011,16,P-000721,LT-8m-PCC,W-71,560078,KSPDB-SD07-D-0011-723
P-000724,12.966499,77.583592,F-07-03,D-0011,16,P-000720,LT-8m-PCC,W-18,560078,KSPDB-SD07-D-0011-724
P-000725,12.966685,77.583614,F-07-03,D-0011,17,P-000724,LT-9m-PCC,W-71,560078,KSPDB-SD07-D-0011-725
P-000726,12.961616,77.579437,F-07-01,D-0012,1,,LT-9m-PCC,W-24,560078,KSPDB-SD07-D-0012-726
P-000727,12.961783,77.57948,F-07-01,D-0012,2,P-000726,LT-8m-Steel,W-39,560078,KSPDB-SD07-D-0012-727
P-000728,12.961927,77.579438,F-07-01,D-0012,3,P-000727,LT-8m-PCC,W-22,560078,
P-000729,12.961794,77.579297,F-07-01,D-0012,4,P-000728,LT-9m-PCC,W-32,560078,KSPDB-SD07-D-0012-729
P-000730,12.961849,77.579356,F-07-01,D-0012,5,P-000729,LT-8m-Steel,W-79,560078,KSPDB-SD07-D-0012-730
P-000731,12.961827,77.579126,F-07-01,D-0012,5,P-000729,LT-8m-PCC,W-49,560078,KSPDB-SD07-D-0012-731
P-000732,12.96172,77.579055,F-07-01,D-0012,6,P-000731,LT-9m-PCC,W-78,560078,KSPDB-SD07-D-0012-732
P-000733,12.961616,77.579098,F-07-01,D-0012,5,P-000729,LT-8m-Steel,W-40,560078,KSPDB-SD07-D-0012-733
P-000734,12.961955,77.579126,F-07-01,D-0012,6,P-000731,LT-8m-PCC,W-77,560078,KSPDB-SD07-D-0012-734
P-000735,12.961903,77.578877,F-07-01,D-0012,7,P-000732,LT-9m-PCC,W-50,560078,KSPDB-SD07-D-0012-735
P-000736,12.962021,77.578967,F-07-01,D-0012,8,P-000735,LT-8m-Steel,W-32,560078,KSPDB-SD07-D-0012-736
P-000737,12.961673,77.579178,F-07-01,D-0012,6,P-000733,LT-9m-PCC,W-96,560078,KSPDB-SD07-D-0012-737
P-000738,12.962151,77.578767,F-07-01,D-0012,9,P-000736,LT-8m-PCC,W-85,560078,KSPDB-SD07-D-0012-738
P-000739,12.962153,77.579017,F-07-01,D-0012,7,P-000734,LT-8m-PCC,W-94,560078,KSPDB-SD07-D-0012-739
P-000740,12.962081,77.578904,F-07-01,D-0012,9,P-000736,LT-9m-PCC,W-22,560078,
P-000741,12.961483,77.579027,F-07-01,D-0012,7,P-000737,LT-8m-Steel,W-64,560078,KSPDB-SD07-D-0012-741
P-000742,12.962279,77.578955,F-07-01,D-0012,8,P-000739,LT-9m-PCC,W-59,560078,KSPDB-SD07-D-0012-742
P-000743,12.961641,77.579129,F-07-01,D-0012,8,P-000741,LT-8m-Steel,W-59,560078,KSPDB-SD07-D-0012-743
P-000744,12.96178,77.579036,F-07-01,D-0012,9,P-000743,LT-8m-PCC,W-48,560078,
P-000745,12.962471,77.579081,F-07-01,D-0012,9,P-000742,LT-9m-PCC,W-31,560078,
P-000746,12.962097,77.578841,F-07-01,D-0012,9,P-000742,LT-8m-PCC,W-93,560078,KSPDB-SD07-D-0012-746
P-000747,12.961737,77.579011,F-07-01,D-0012,9,P-000743,LT-8m-PCC,W-42,560078,KSPDB-SD07-D-0012-747
P-000748,12.962052,77.578762,F-07-01,D-0012,10,P-000746,LT-9m-PCC,W-55,560078,
P-000749,12.962321,77.579042,F-07-01,D-0012,10,P-000745,LT-9m-PCC,W-21,560078,KSPDB-SD07-D-0012-749
P-000750,12.962223,77.579106,F-07-01,D-0012,11,P-000749,LT-9m-PCC,W-48,560078,KSPDB-SD07-D-0012-750
P-000751,12.962375,77.579035,F-07-01,D-0012,11,P-000749,LT-9m-PCC,W-80,560078,KSPDB-SD07-D-0012-751
P-000752,12.962207,77.579069,F-07-01,D-0012,11,P-000749,LT-9m-PCC,W-52,560078,
P-000753,12.962502,77.579005,F-07-01,D-0012,11,P-000749,LT-8m-PCC,W-89,560078,KSPDB-SD07-D-0012-753
P-000754,12.962079,77.579094,F-07-01,D-0012,12,P-000750,LT-8m-PCC,W-56,560078,KSPDB-SD07-D-0012-754
P-000755,12.962225,77.579153,F-07-01,D-0012,12,P-000751,LT-9m-PCC,W-77,560078,KSPDB-SD07-D-0012-755
P-000756,12.962526,77.578895,F-07-01,D-0012,12,P-000751,LT-8m-Steel,W-40,560078,KSPDB-SD07-D-0012-756
P-000757,12.96203,77.579148,F-07-01,D-0012,12,P-000752,LT-8m-Steel,W-37,560078,KSPDB-SD07-D-0012-757
P-000758,12.96213,77.579346,F-07-01,D-0012,13,P-000757,LT-8m-PCC,W-14,560078,KSPDB-SD07-D-0012-758
P-000759,12.96237,77.579076,F-07-01,D-0012,13,P-000756,LT-8m-PCC,W-18,560078,KSPDB-SD07-D-0012-759
P-000760,12.962191,77.579237,F-07-01,D-0012,14,P-000759,LT-8m-PCC,W-39,560078,KSPDB-SD07-D-0012-760
P-000761,12.962131,77.579246,F-07-01,D-0012,13,P-000757,LT-8m-Steel,W-62,560078,KSPDB-SD07-D-0012-761
P-000762,12.962039,77.579404,F-07-01,D-0012,15,P-000760,LT-8m-Steel,W-57,560078,KSPDB-SD07-D-0012-762
P-000763,12.962361,77.579067,F-07-01,D-0012,14,P-000759,LT-9m-PCC,W-99,560078,KSPDB-SD07-D-0012-763
P-000764,12.96207,77.579438,F-07-01,D-0012,14,P-000761,LT-9m-PCC,W-33,560078,KSPDB-SD07-D-0012-764
P-000765,12.962119,77.57913,F-07-01,D-0012,15,P-000760,LT-9m-PCC,W-82,560078,KSPDB-SD07-D-0012-765
P-000766,12.962114,77.579106,F-07-01,D-0012,16,P-000765,LT-8m-Steel,W-32,560078,KSPDB-SD07-D-0012-766
P-000767,12.962195,77.578993,F-07-01,D-0012,16,P-000765,LT-8m-Steel,W-33,560078,KSPDB-SD07-D-0012-767
P-000768,12.962534,77.579025,F-07-01,D-0012,15,P-000763,LT-8m-Steel,W-97,560078,KSPDB-SD07-D-0012-768
P-000769,12.962142,77.578928,F-07-01,D-0012,17,P-000767,LT-8m-Steel,W-93,560078,KSPDB-SD07-D-0012-769
P-000770,12.962719,77.57898,F-07-01,D-0012,16,P-000768,LT-9m-PCC,W-80,560078,
P-000771,12.962203,77.578912,F-07-01,D-0012,18,P-000769,LT-8m-PCC,W-83,560078,KSPDB-SD07-D-0012-771
P-000772,12.962011,77.579113,F-07-01,D-0012,17,P-000767,LT-9m-PCC,W-16,560078,KSPDB-SD07-D-0012-772
P-000773,12.961964,77.579101,F-07-01,D-0012,18,P-000769,LT-8m-PCC,W-21,560078,KSPDB-SD07-D-0012-773
P-000774,12.962667,77.578975,F-07-01,D-0012,17,P-000770,LT-9m-PCC,W-29,560078,KSPDB-SD07-D-0012-774
P-000775,12.962771,77.578998,F-07-01,D-0012,18,P-000774,LT-8m-Steel,W-38,560078,KSPDB-SD07-D-0012-775
P-000776,12.961768,77.579281,F-07-01,D-0012,19,P-000773,LT-8m-Steel,W-15,560078,KSPDB-SD07-D-0012-776
P-000777,12.961646,77.579447,F-07-01,D-0012,20,P-000776,LT-8m-Steel,W-71,560078,KSPDB-SD07-D-0012-777
P-000778,12.961851,77.579361,F-07-01,D-0012,20,P-000776,LT-8m-PCC,W-96,560078,KSPDB-SD07-D-0012-778
P-000779,12.962872,77.578873,F-07-01,D-0012,19,P-000775,LT-9m-PCC,W-31,560078,KSPDB-SD07-D-0012-779
P-000780,12.961779,77.579446,F-07-01,D-0012,21,P-000777,LT-9m-PCC,W-51,560078,KSPDB-SD07-D-0012-780
P-000781,12.961652,77.579525,F-07-01,D-0012,21,P-000778,LT-8m-PCC,W-39,560078,KSPDB-SD07-D-0012-781
P-000782,12.96187,77.579171,F-07-01,D-0012,21,P-000778,LT-8m-PCC,W-93,560078,KSPDB-SD07-D-0012-782
P-000783,12.961895,77.579477,F-07-01,D-0012,22,P-000780,LT-8m-PCC,W-73,560078,KSPDB-SD07-D-0012-783
P-000784,12.961696,77.57962,F-07-01,D-0012,22,P-000780,LT-9m-PCC,W-43,560078,KSPDB-SD07-D-0012-784
P-000785,12.961588,77.57928,F-07-01,D-0012,22,P-000780,LT-9m-PCC,W-63,560078,KSPDB-SD07-D-0012-785
P-000786,12.961557,77.579789,F-07-01,D-0012,23,P-000784,LT-9m-PCC,W-42,560078,KSPDB-SD07-D-0012-786
P-000787,12.961629,77.579914,F-07-01,D-0012,24,P-000786,LT-8m-PCC,W-94,560078,KSPDB-SD07-D-0012-787
P-000788,12.961397,77.579897,F-07-01,D-0012,24,P-000786,LT-9m-PCC,W-36,560078,KSPDB-SD07-D-0012-788
P-000789,12.961543,77.579944,F-07-01,D-0012,25,P-000787,LT-9m-PCC,W-44,560078,KSPDB-SD07-D-0012-789
P-000790,12.961494,77.579978,F-07-01,D-0012,25,P-000787,LT-9m-PCC,W-75,560078,KSPDB-SD07-D-0012-790
P-000791,12.961466,77.579964,F-07-01,D-0012,25,P-000788,LT-9m-PCC,W-50,560078,KSPDB-SD07-D-0012-791
P-000792,12.961595,77.579785,F-07-01,D-0012,25,P-000788,LT-8m-PCC,W-91,560078,KSPDB-SD07-D-0012-792
P-000793,12.961619,77.580065,F-07-01,D-0012,26,P-000790,LT-9m-PCC,W-12,560078,KSPDB-SD07-D-0012-793
P-000794,12.961726,77.580215,F-07-01,D-0012,27,P-000793,LT-8m-Steel,W-94,560078,KSPDB-SD07-D-0012-794
P-000795,12.961599,77.579951,F-07-01,D-0012,26,P-000792,LT-9m-PCC,W-65,560078,KSPDB-SD07-D-0012-795
P-000796,12.961576,77.579802,F-07-01,D-0012,26,P-000791,LT-9m-PCC,W-68,560078,KSPDB-SD07-D-0012-796
P-000797,12.961558,77.580222,F-07-01,D-0012,28,P-000794,LT-9m-PCC,W-70,560078,KSPDB-SD07-D-0012-797
P-000798,12.970792,77.597489,F-07-03,D-0013,1,,LT-8m-Steel,W-58,560078,KSPDB-SD07-D-0013-798
P-000799,12.970609,77.597528,F-07-03,D-0013,2,P-000798,LT-8m-PCC,W-68,560078,KSPDB-SD07-D-0013-799
P-000800,12.970433,77.59755,F-07-03,D-0013,3,P-000799,LT-8m-Steel,W-63,560078,KSPDB-SD07-D-0013-800
P-000801,12.970305,77.597656,F-07-03,D-0013,4,P-000800,LT-9m-PCC,W-64,560078,KSPDB-SD07-D-0013-801
P-000802,12.970956,77.597683,F-07-03,D-0013,2,P-000798,LT-9m-PCC,W-97,560078,KSPDB-SD07-D-0013-802
P-000803,12.970134,77.597533,F-07-03,D-0013,5,P-000801,LT-8m-PCC,W-15,560078,KSPDB-SD07-D-0013-803
P-000804,12.970478,77.597739,F-07-03,D-0013,4,P-000800,LT-9m-PCC,W-77,560078,KSPDB-SD07-D-0013-804
P-000805,12.971071,77.597757,F-07-03,D-0013,3,P-000802,LT-9m-PCC,W-65,560078,KSPDB-SD07-D-0013-805
P-000806,12.970032,77.597444,F-07-03,D-0013,6,P-000803,LT-9m-PCC,W-61,560078,KSPDB-SD07-D-0013-806
P-000807,12.971038,77.597803,F-07-03,D-0013,3,P-000802,LT-8m-Steel,W-47,560078,KSPDB-SD07-D-0013-807
P-000808,12.970091,77.597495,F-07-03,D-0013,7,P-000806,LT-8m-Steel,W-77,560078,KSPDB-SD07-D-0013-808
P-000809,12.969922,77.597261,F-07-03,D-0013,7,P-000806,LT-9m-PCC,W-61,560078,KSPDB-SD07-D-0013-809
P-000810,12.970955,77.597859,F-07-03,D-0013,4,P-000807,LT-9m-PCC,W-76,560078,KSPDB-SD07-D-0013-810
P-000811,12.970909,77.597677,F-07-03,D-0013,5,P-000810,LT-9m-PCC,W-59,560078,KSPDB-SD07-D-0013-811
P-000812,12.971006,77.597873,F-07-03,D-0013,4,P-000807,LT-8m-Steel,W-74,560078,KSPDB-SD07-D-0013-812
P-000813,12.970917,77.597531,F-07-03,D-0013,6,P-000811,LT-8m-PCC,W-81,560078,KSPDB-SD07-D-0013-813
P-000814,12.970017,77.597145,F-07-03,D-0013,8,P-000809,LT-9m-PCC,W-82,560078,KSPDB-SD07-D-0013-814
P-000815,12.970811,77.597596,F-07-03,D-0013,6,P-000811,LT-8m-PCC,W-99,560078,
P-000816,12.97089,77.597545,F-07-03,D-0013,7,P-000813,LT-9m-PCC,W-50,560078,KSPDB-SD07-D-0013-816
P-000817,12.970956,77.597649,F-07-03,D-0013,8,P-000816,LT-8m-PCC,W-94,560078,KSPDB-SD07-D-0013-817
P-000818,12.970041,77.597211,F-07-03,D-0013,9,P-000814,LT-8m-Steel,W-93,560078,KSPDB-SD07-D-0013-818
P-000819,12.970707,77.597422,F-07-03,D-0013,8,P-000816,LT-8m-PCC,W-64,560078,KSPDB-SD07-D-0013-819
P-000820,12.970833,77.597576,F-07-03,D-0013,9,P-000817,LT-8m-PCC,W-17,560078,KSPDB-SD07-D-0013-820
P-000821,12.970776,77.597493,F-07-03,D-0013,9,P-000819,LT-8m-Steel,W-17,560078,
P-000822,12.970902,77.597501,F-07-03,D-0013,9,P-000819,LT-9m-PCC,W-71,560078,KSPDB-SD07-D-0013-822
P-000823,12.970866,77.597731,F-07-03,D-0013,10,P-000820,LT-9m-PCC,W-64,560078,KSPDB-SD07-D-0013-823
P-000824,12.970733,77.597468,F-07-03,D-0013,10,P-000822,LT-9m-PCC,W-64,560078,KSPDB-SD07-D-0013-824
P-000825,12.970744,77.597511,F-07-03,D-0013,10,P-000821,LT-8m-PCC,W-59,560078,KSPDB-SD07-D-0013-825
P-000826,12.970799,77.597631,F-07-03,D-0013,10,P-000822,LT-8m-PCC,W-27,560078,KSPDB-SD07-D-0013-826
P-000827,12.970544,77.597577,F-07-03,D-0013,11,P-000824,LT-8m-Steel,W-35,560078,KSPDB-SD07-D-0013-827
P-000828,12.970535,77.597376,F-07-03,D-0013,11,P-000824,LT-8m-PCC,W-82,560078,KSPDB-SD07-D-0013-828
P-000829,12.970863,77.597643,F-07-03,D-0013,11,P-000825,LT-8m-PCC,W-73,560078,KSPDB-SD07-D-0013-829
P-000830,12.971061,77.59752,F-07-03,D-0013,12,P-000829,LT-8m-PCC,W-30,560078,KSPDB-SD07-D-0013-830
P-000831,12.970713,77.597429,F-07-03,D-0013,12,P-000827,LT-8m-Steel,W-30,560078,KSPDB-SD07-D-0013-831
P-000832,12.970892,77.597587,F-07-03,D-0013,13,P-000830,LT-8m-Steel,W-68,560078,KSPDB-SD07-D-0013-832
P-000833,12.970583,77.597239,F-07-03,D-0013,12,P-000828,LT-9m-PCC,W-39,560078,KSPDB-SD07-D-0013-833
P-000834,12.971053,77.597689,F-07-03,D-0013,14,P-000832,LT-8m-PCC,W-22,560078,KSPDB-SD07-D-0013-834
P-000835,12.9711,77.59749,F-07-03,D-0013,13,P-000830,LT-8m-PCC,W-57,560078,KSPDB-SD07-D-0013-835
P-000836,12.970754,77.597371,F-07-03,D-0013,13,P-000831,LT-8m-PCC,W-34,560078,
P-000837,12.970766,77.597569,F-07-03,D-0013,14,P-000836,LT-8m-Steel,W-83,560078,KSPDB-SD07-D-0013-837
P-000838,12.971065,77.597771,F-07-03,D-0013,15,P-000834,LT-8m-PCC,W-79,560078,KSPDB-SD07-D-0013-838
P-000839,12.971153,77.597648,F-07-03,D-0013,14,P-000835,LT-8m-Steel,W-91,560078,KSPDB-SD07-D-0013-839
P-000840,12.970982,77.597468,F-07-03,D-0013,14,P-000835,LT-9m-PCC,W-53,560078,KSPDB-SD07-D-0013-840
P-000841,12.970722,77.597422,F-07-03,D-0013,14,P-000836,LT-8m-PCC,W-99,560078,KSPDB-SD07-D-0013-841
P-000842,12.971084,77.597449,F-07-03,D-0013,15,P-000839,LT-8m-Steel,W-49,560078,KSPDB-SD07-D-0013-842
P-000843,12.97116,77.597535,F-07-03,D-0013,15,P-000839,LT-9m-PCC,W-25,560078,KSPDB-SD07-D-0013-843
P-000844,12.971216,77.597603,F-07-03,D-0013,16,P-000843,LT-9m-PCC,W-90,560078,KSPDB-SD07-D-0013-844
P-000845,12.970688,77.597494,F-07-03,D-0013,15,P-000841,LT-8m-PCC,W-61,,KSPDB-SD07-D-0013-845
P-000846,12.971016,77.597712,F-07-03,D-0013,16,P-000843,LT-8m-PCC,W-15,560078,KSPDB-SD07-D-0013-846
P-000847,12.971287,77.597624,F-07-03,D-0013,17,P-000844,LT-8m-PCC,W-87,560078,
P-000848,12.971049,77.597603,F-07-03,D-0013,17,P-000846,LT-8m-PCC,W-41,560078,
P-000849,12.971406,77.597464,F-07-03,D-0013,18,P-000847,LT-8m-PCC,W-34,560078,KSPDB-SD07-D-0013-849
P-000850,12.970722,77.597595,F-07-03,D-0013,16,P-000845,LT-8m-Steel,W-36,560078,KSPDB-SD07-D-0013-850
P-000851,12.97151,77.597542,F-07-03,D-0013,19,P-000849,LT-8m-PCC,W-41,560078,KSPDB-SD07-D-0013-851
P-000852,12.971384,77.597411,F-07-03,D-0013,20,P-000851,LT-8m-Steel,W-56,560078,KSPDB-SD07-D-0013-852
P-000853,12.971407,77.597584,F-07-03,D-0013,19,P-000849,LT-8m-Steel,W-70,560078,KSPDB-SD07-D-0013-853
P-000854,12.971371,77.597425,F-07-03,D-0013,20,P-000853,LT-8m-PCC,W-92,560078,KSPDB-SD07-D-0013-854
P-000855,12.971525,77.597533,F-07-03,D-0013,21,P-000852,LT-8m-PCC,W-52,560078,
P-000856,12.971262,77.597237,F-07-03,D-0013,21,P-000854,LT-8m-Steel,W-84,560078,KSPDB-SD07-D-0013-856
P-000857,12.971225,77.597389,F-07-03,D-0013,22,P-000856,LT-9m-PCC,W-21,560078,KSPDB-SD07-D-0013-857
P-000858,12.971533,77.597405,F-07-03,D-0013,20,P-000853,LT-8m-PCC,W-95,560078,KSPDB-SD07-D-0013-858
P-000859,12.971377,77.597344,F-07-03,D-0013,21,P-000854,LT-8m-PCC,W-42,560078,KSPDB-SD07-D-0013-859
P-000860,12.971602,77.597335,F-07-03,D-0013,21,P-000858,LT-8m-PCC,W-98,560078,KSPDB-SD07-D-0013-860
P-000861,12.97172,77.597437,F-07-03,D-0013,21,P-000858,LT-8m-PCC,W-56,560078,KSPDB-SD07-D-0013-861
P-000862,12.971209,77.597435,F-07-03,D-0013,22,P-000859,LT-8m-Steel,W-31,560078,KSPDB-SD07-D-0013-862
P-000863,12.971592,77.597457,F-07-03,D-0013,22,P-000861,LT-8m-PCC,W-15,560078,KSPDB-SD07-D-0013-863
P-000864,12.97129,77.597302,F-07-03,D-0013,22,P-000859,LT-9m-PCC,W-93,560078,KSPDB-SD07-D-0013-864
P-000865,12.971827,77.597247,F-07-03,D-0013,22,P-000861,LT-8m-Steel,W-11,560078,KSPDB-SD07-D-0013-865
P-000866,12.971279,77.597501,F-07-03,D-0013,23,P-000862,LT-8m-Steel,W-57,560078,KSPDB-SD07-D-0013-866
P-000867,12.9719,77.597336,F-07-03,D-0013,23,P-000865,LT-8m-PCC,W-42,560078,KSPDB-SD07-D-0013-867
P-000868,12.971133,77.597315,F-07-03,D-0013,23,P-000864,LT-9m-PCC,W-13,560078,
P-000869,12.971035,77.597142,F-07-03,D-0013,24,P-000868,LT-8m-PCC,W-17,560078,KSPDB-SD07-D-0013-869
P-000870,12.971075,77.597455,F-07-03,D-0013,24,P-000868,LT-9m-PCC,W-11,560078,KSPDB-SD07-D-0013-870
P-000871,12.970957,77.597105,F-07-03,D-0013,25,P-000869,LT-8m-PCC,W-42,560078,KSPDB-SD07-D-0013-871
P-000872,12.971193,77.597237,F-07-03,D-0013,24,P-000868,LT-8m-Steel,W-46,560078,KSPDB-SD07-D-0013-872
P-000873,12.97093,77.597081,F-07-03,D-0013,26,P-000871,LT-8m-Steel,W-17,560078,KSPDB-SD07-D-0013-873
P-000874,12.971152,77.597161,F-07-03,D-0013,25,P-000872,LT-8m-PCC,W-98,560078,KSPDB-SD07-D-0013-874
P-000875,12.971237,77.597245,F-07-03,D-0013,26,P-000874,LT-9m-PCC,W-24,560078,KSPDB-SD07-D-0013-875
P-000876,12.971306,77.597406,F-07-03,D-0013,27,P-000875,LT-9m-PCC,W-28,560078,KSPDB-SD07-D-0013-876
P-000877,12.971146,77.597432,F-07-03,D-0013,25,P-000872,LT-8m-Steel,W-99,560078,KSPDB-SD07-D-0013-877
P-000878,12.970899,77.597216,F-07-03,D-0013,27,P-000873,LT-8m-PCC,W-23,560078,KSPDB-SD07-D-0013-878
P-000879,12.971443,77.597315,F-07-03,D-0013,28,P-000876,LT-8m-PCC,W-29,560078,KSPDB-SD07-D-0013-879
P-000880,12.971347,77.597425,F-07-03,D-0013,27,P-000875,LT-8m-Steel,W-12,560078,KSPDB-SD07-D-0013-880
P-000881,12.970741,77.597195,F-07-03,D-0013,28,P-000878,LT-9m-PCC,W-83,560078,
P-000882,12.950924,77.598783,F-07-04,D-0014,1,,LT-8m-PCC,W-25,560078,KSPDB-SD07-D-0014-882
P-000883,12.950967,77.598765,F-07-04,D-0014,2,P-000882,LT-8m-Steel,W-52,560078,KSPDB-SD07-D-0014-883
P-000884,12.951058,77.598648,F-07-04,D-0014,3,P-000883,LT-8m-PCC,W-76,560078,KSPDB-SD07-D-0014-884
P-000885,12.950863,77.598854,F-07-04,D-0014,2,P-000882,LT-9m-PCC,W-33,560078,KSPDB-SD07-D-0014-885
P-000886,12.950973,77.598614,F-07-04,D-0014,2,P-000882,LT-9m-PCC,W-75,560078,KSPDB-SD07-D-0014-886
P-000887,12.950984,77.598822,F-07-04,D-0014,4,P-000884,LT-8m-Steel,W-79,560078,KSPDB-SD07-D-0014-887
P-000888,12.951119,77.598965,F-07-04,D-0014,3,P-000883,LT-9m-PCC,W-58,560078,
P-000889,12.950913,77.598636,F-07-04,D-0014,4,P-000884,LT-8m-Steel,W-52,560078,KSPDB-SD07-D-0014-889
P-000890,12.951077,77.598691,F-07-04,D-0014,3,P-000886,LT-9m-PCC,W-31,560078,KSPDB-SD07-D-0014-890
P-000891,12.950815,77.598747,F-07-04,D-0014,5,P-000887,LT-8m-PCC,W-59,560078,KSPDB-SD07-D-0014-891
P-000892,12.951062,77.598847,F-07-04,D-0014,4,P-000890,LT-8m-PCC,W-13,560078,KSPDB-SD07-D-0014-892
P-000893,12.951119,77.59864,F-07-04,D-0014,4,P-000890,LT-9m-PCC,W-36,560078,
P-000894,12.951228,77.598869,F-07-04,D-0014,5,P-000892,LT-8m-PCC,W-80,560078,KSPDB-SD07-D-0014-894
P-000895,12.951055,77.598616,F-07-04,D-0014,4,P-000890,LT-9m-PCC,W-13,560078,
P-000896,12.951104,77.599002,F-07-04,D-0014,5,P-000892,LT-8m-Steel,W-56,560078,KSPDB-SD07-D-0014-896
P-000897,12.951188,77.598791,F-07-04,D-0014,5,P-000893,LT-9m-PCC,W-84,560078,KSPDB-SD07-D-0014-897
P-000898,12.95102,77.598595,F-07-04,D-0014,6,P-000897,LT-8m-Steel,W-59,560078,KSPDB-SD07-D-0014-898
P-000899,12.95137,77.598726,F-07-04,D-0014,6,P-000897,LT-9m-PCC,W-29,560078,KSPDB-SD07-D-0014-899
P-000900,12.951331,77.598663,F-07-04,D-0014,7,P-000899,LT-8m-Steel,W-97,560078,KSPDB-SD07-D-0014-900
P-000901,12.951337,77.598736,F-07-04,D-0014,6,P-000897,LT-8m-Steel,W-15,560078,KSPDB-SD07-D-0014-901
P-000902,12.951103,77.598768,F-07-04,D-0014,7,P-000898,LT-9m-PCC,W-41,560078,
P-000903,12.951105,77.598962,F-07-04,D-0014,8,P-000902,LT-8m-Steel,W-45,560078,KSPDB-SD07-D-0014-903
P-000904,12.951008,77.598886,F-07-04,D-0014,9,P-000903,LT-9m-PCC,W-61,560078,KSPDB-SD07-D-0014-904
P-000905,12.950916,77.598702,F-07-04,D-0014,10,P-000904,LT-8m-PCC,W-76,560078,KSPDB-SD07-D-0014-905
P-000906,12.951416,77.598623,F-07-04,D-0014,7,P-000901,LT-8m-PCC,W-50,560078,KSPDB-SD07-D-0014-906
P-000907,12.95122,77.598993,F-07-04,D-0014,9,P-000903,LT-8m-Steel,W-97,560078,KSPDB-SD07-D-0014-907
P-000908,12.950822,77.598516,F-07-04,D-0014,11,P-000905,LT-8m-Steel,W-69,560078,
P-000909,12.951138,77.598927,F-07-04,D-0014,10,P-000907,LT-8m-Steel,W-44,560078,
P-000910,12.95107,77.598687,F-07-04,D-0014,11,P-000905,LT-8m-Steel,W-27,560078,KSPDB-SD07-D-0014-910
P-000911,12.951258,77.598737,F-07-04,D-0014,8,P-000906,LT-8m-PCC,W-81,560078,KSPDB-SD07-D-0014-911
P-000912,12.951385,77.598597,F-07-04,D-0014,9,P-000911,LT-8m-Steel,W-54,560078,KSPDB-SD07-D-0014-912
P-000913,12.951148,77.598778,F-07-04,D-0014,11,P-000909,LT-9m-PCC,W-46,560078,KSPDB-SD07-D-0014-913
P-000914,12.951149,77.598678,F-07-04,D-0014,12,P-000913,LT-8m-PCC,W-61,560078,KSPDB-SD07-D-0014-914
P-000915,12.951408,77.598541,F-07-04,D-0014,9,P-000911,LT-8m-Steel,W-93,560078,KSPDB-SD07-D-0014-915
P-000916,12.951051,77.598651,F-07-04,D-0014,13,P-000914,LT-8m-PCC,W-47,560078,KSPDB-SD07-D-0014-916
P-000917,12.951341,77.598536,F-07-04,D-0014,10,P-000912,LT-9m-PCC,W-58,560078,KSPDB-SD07-D-0014-917
P-000918,12.951093,77.598636,F-07-04,D-0014,12,P-000913,LT-9m-PCC,W-89,560078,
P-000919,12.951312,77.598536,F-07-04,D-0014,11,P-000917,LT-9m-PCC,W-91,560078,KSPDB-SD07-D-0014-919
P-000920,12.951409,77.598367,F-07-04,D-0014,11,P-000917,LT-9m-PCC,W-59,560078,KSPDB-SD07-D-0014-920
P-000921,12.951163,77.598468,F-07-04,D-0014,13,P-000918,LT-8m-PCC,W-17,560078,KSPDB-SD07-D-0014-921
P-000922,12.951084,77.598815,F-07-04,D-0014,13,P-000918,LT-8m-PCC,W-64,560078,KSPDB-SD07-D-0014-922
P-000923,12.951555,77.598348,F-07-04,D-0014,12,P-000920,LT-8m-Steel,W-84,560078,KSPDB-SD07-D-0014-923
P-000924,12.951305,77.598493,F-07-04,D-0014,12,P-000919,LT-8m-PCC,W-53,560078,KSPDB-SD07-D-0014-924
P-000925,12.951199,77.598427,F-07-04,D-0014,13,P-000924,LT-8m-PCC,W-89,560078,KSPDB-SD07-D-0014-925
P-000926,12.951015,77.598455,F-07-04,D-0014,14,P-000925,LT-8m-Steel,W-88,560078,KSPDB-SD07-D-0014-926
P-000927,12.95153,77.598188,F-07-04,D-0014,13,P-000923,LT-8m-Steel,W-98,560078,KSPDB-SD07-D-0014-927
P-000928,12.9509,77.598619,F-07-04,D-0014,15,P-000926,LT-8m-PCC,W-16,560078,KSPDB-SD07-D-0014-928
P-000929,12.951245,77.598373,F-07-04,D-0014,14,P-000925,LT-8m-Steel,W-64,560078,KSPDB-SD07-D-0014-929
P-000930,12.951096,77.598515,F-07-04,D-0014,16,P-000928,LT-9m-PCC,W-20,560078,KSPDB-SD07-D-0014-930
P-000931,12.950815,77.598485,F-07-04,D-0014,16,P-000928,LT-8m-Steel,W-58,560078,KSPDB-SD07-D-0014-931
P-000932,12.951692,77.598103,F-07-04,D-0014,14,P-000927,LT-8m-PCC,W-21,560078,KSPDB-SD07-D-0014-932
P-000933,12.951101,77.598504,F-07-04,D-0014,17,P-000930,LT-9m-PCC,W-26,560078,KSPDB-SD07-D-0014-933
P-000934,12.951127,77.598199,F-07-04,D-0014,15,P-000929,LT-8m-PCC,W-94,560078,KSPDB-SD07-D-0014-934
P-000935,12.951259,77.598367,F-07-04,D-0014,16,P-000934,LT-8m-Steel,W-74,560078,KSPDB-SD07-D-0014-935
P-000936,12.951084,77.598549,F-07-04,D-0014,18,P-000933,LT-8m-Steel,W-34,560078,KSPDB-SD07-D-0014-936
P-000937,12.951162,77.598632,F-07-04,D-0014,18,P-000933,LT-8m-PCC,W-42,560078,KSPDB-SD07-D-0014-937
P-000938,12.951088,77.598283,F-07-04,D-0014,16,P-000934,LT-9m-PCC,W-91,560078,KSPDB-SD07-D-0014-938
P-000939,12.951263,77.598741,F-07-04,D-0014,19,P-000937,LT-8m-Steel,W-97,560078,KSPDB-SD07-D-0014-939
P-000940,12.951326,77.598315,F-07-04,D-0014,17,P-000935,LT-8m-PCC,W-76,560078,KSPDB-SD07-D-0014-940
P-000941,12.951319,77.598583,F-07-04,D-0014,19,P-000937,LT-9m-PCC,W-21,,KSPDB-SD07-D-0014-941
P-000942,12.951221,77.598463,F-07-04,D-0014,20,P-000941,LT-9m-PCC,W-16,560078,KSPDB-SD07-D-0014-942
P-000943,12.951261,77.59859,F-07-04,D-0014,20,P-000941,LT-9m-PCC,W-14,560078,KSPDB-SD07-D-0014-943
P-000944,12.95141,77.598573,F-07-04,D-0014,20,P-000941,LT-8m-PCC,W-44,,KSPDB-SD07-D-0014-944
P-000945,12.951383,77.598727,F-07-04,D-0014,20,P-000941,LT-8m-Steel,W-10,560078,KSPDB-SD07-D-0014-945
P-000946,12.951327,77.598674,F-07-04,D-0014,21,P-000944,LT-9m-PCC,W-38,560078,KSPDB-SD07-D-0014-946
P-000947,12.963239,77.595246,F-07-02,D-0015,1,,LT-9m-PCC,W-52,560078,KSPDB-SD07-D-0015-947
P-000948,12.96327,77.595339,F-07-02,D-0015,2,P-000947,LT-8m-PCC,W-20,560078,KSPDB-SD07-D-0015-948
P-000949,12.963411,77.59541,F-07-02,D-0015,2,P-000947,LT-8m-Steel,W-46,,
P-000950,12.963381,77.595594,F-07-02,D-0015,3,P-000949,LT-8m-Steel,W-65,560078,KSPDB-SD07-D-0015-950
P-000951,12.963301,77.595392,F-07-02,D-0015,3,P-000948,LT-8m-Steel,W-26,560078,KSPDB-SD07-D-0015-951
P-000952,12.963498,77.59526,F-07-02,D-0015,4,P-000951,LT-8m-PCC,W-57,,KSPDB-SD07-D-0015-952
P-000953,12.963646,77.595204,F-07-02,D-0015,5,P-000952,LT-8m-PCC,W-71,560078,
P-000954,12.963695,77.595065,F-07-02,D-0015,5,P-000952,LT-9m-PCC,W-98,560078,KSPDB-SD07-D-0015-954
P-000955,12.963789,77.59493,F-07-02,D-0015,6,P-000954,LT-9m-PCC,W-35,560078,KSPDB-SD07-D-0015-955
P-000956,12.963464,77.595198,F-07-02,D-0015,4,P-000951,LT-9m-PCC,W-12,560078,KSPDB-SD07-D-0015-956
P-000957,12.96378,77.595239,F-07-02,D-0015,6,P-000953,LT-9m-PCC,W-70,560078,KSPDB-SD07-D-0015-957
P-000958,12.963646,77.595261,F-07-02,D-0015,5,P-000956,LT-8m-Steel,W-93,560078,KSPDB-SD07-D-0015-958
P-000959,12.963624,77.595105,F-07-02,D-0015,5,P-000956,LT-8m-Steel,W-66,560078,KSPDB-SD07-D-0015-959
P-000960,12.963835,77.59544,F-07-02,D-0015,6,P-000958,LT-8m-Steel,W-12,560078,KSPDB-SD07-D-0015-960
P-000961,12.963819,77.595074,F-07-02,D-0015,6,P-000959,LT-8m-Steel,W-76,560078,KSPDB-SD07-D-0015-961
P-000962,12.963535,77.595327,F-07-02,D-0015,6,P-000958,LT-8m-PCC,W-95,560078,KSPDB-SD07-D-0015-962
P-000963,12.96368,77.59536,F-07-02,D-0015,7,P-000960,LT-8m-PCC,W-31,560078,KSPDB-SD07-D-0015-963
P-000964,12.96353,77.59536,F-07-02,D-0015,7,P-000962,LT-9m-PCC,W-54,560078,KSPDB-SD07-D-0015-964
P-000965,12.963844,77.595418,F-07-02,D-0015,7,P-000960,LT-8m-Steel,W-48,,
P-000966,12.963515,77.595249,F-07-02,D-0015,7,P-000962,LT-8m-PCC,W-99,560078,KSPDB-SD07-D-0015-966
P-000967,12.963708,77.595365,F-07-02,D-0015,8,P-000966,LT-8m-PCC,W-34,560078,KSPDB-SD07-D-0015-967
P-000968,12.96367,77.595554,F-07-02,D-0015,9,P-000967,LT-8m-Steel,W-83,560078,KSPDB-SD07-D-0015-968
P-000969,12.963712,77.595549,F-07-02,D-0015,10,P-000968,LT-8m-Steel,W-19,560078,KSPDB-SD07-D-0015-969
P-000970,12.963769,77.595195,F-07-02,D-0015,9,P-000967,LT-8m-Steel,W-28,560078,
P-000971,12.963436,77.59526,F-07-02,D-0015,8,P-000966,LT-9m-PCC,W-48,560078,KSPDB-SD07-D-0015-971
P-000972,12.963764,77.595028,F-07-02,D-0015,10,P-000970,LT-9m-PCC,W-82,560078,KSPDB-SD07-D-0015-972
P-000973,12.96356,77.595146,F-07-02,D-0015,9,P-000971,LT-9m-PCC,W-99,560078,KSPDB-SD07-D-0015-973
P-000974,12.963534,77.595719,F-07-02,D-0015,11,P-000969,LT-9m-PCC,W-81,560078,KSPDB-SD07-D-0015-974
P-000975,12.963781,77.595106,F-07-02,D-0015,11,P-000972,LT-8m-PCC,W-64,560078,KSPDB-SD07-D-0015-975
P-000976,12.963261,77.595105,F-07-02,D-0015,9,P-000971,LT-8m-PCC,W-88,560078,KSPDB-SD07-D-0015-976
P-000977,12.963561,77.595001,F-07-02,D-0015,10,P-000973,LT-8m-PCC,W-14,560078,KSPDB-SD07-D-0015-977
P-000978,12.963451,77.595224,F-07-02,D-0015,10,P-000976,LT-8m-PCC,W-20,560078,KSPDB-SD07-D-0015-978
P-000979,12.963348,77.595211,F-07-02,D-0015,10,P-000976,LT-9m-PCC,W-70,560078,KSPDB-SD07-D-0015-979
P-000980,12.963441,77.595242,F-07-02,D-0015,10,P-000976,LT-8m-Steel,W-31,560078,KSPDB-SD07-D-0015-980
P-000981,12.963268,77.595012,F-07-02,D-0015,11,P-000979,LT-8m-PCC,W-10,560078,KSPDB-SD07-D-0015-981
P-000982,12.963442,77.595197,F-07-02,D-0015,11,P-000979,LT-9m-PCC,W-86,560078,KSPDB-SD07-D-0015-982
P-000983,12.963191,77.595139,F-07-02,D-0015,12,P-000981,LT-8m-PCC,W-40,560078,KSPDB-SD07-D-0015-983
P-000984,12.963282,77.595176,F-07-02,D-0015,11,P-000979,LT-9m-PCC,W-68,560078,KSPDB-SD07-D-0015-984
P-000985,12.963177,77.59519,F-07-02,D-0015,12,P-000981,LT-9m-PCC,W-32,560078,KSPDB-SD07-D-0015-985
P-000986,12.963452,77.595202,F-07-02,D-0015,12,P-000982,LT-9m-PCC,W-35,560078,KSPDB-SD07-D-0015-986
P-000987,12.963007,77.595356,F-07-02,D-0015,13,P-000985,LT-9m-PCC,W-87,560078,KSPDB-SD07-D-0015-987
P-000988,12.963558,77.595236,F-07-02,D-0015,13,P-000986,LT-9m-PCC,W-60,560078,KSPDB-SD07-D-0015-988
P-000989,12.963115,77.595271,F-07-02,D-0015,12,P-000984,LT-8m-PCC,W-52,560078,KSPDB-SD07-D-0015-989
P-000990,12.963366,77.595183,F-07-02,D-0015,13,P-000985,LT-8m-Steel,W-21,560078,KSPDB-SD07-D-0015-990
P-000991,12.96341,77.595315,F-07-02,D-0015,13,P-000986,LT-8m-Steel,W-32,560078,KSPDB-SD07-D-0015-991
P-000992,12.963501,77.595267,F-07-02,D-0015,14,P-000990,LT-8m-Steel,W-61,560078,KSPDB-SD07-D-0015-992
P-000993,12.963433,77.595182,F-07-02,D-0015,15,P-000992,LT-8m-Steel,W-82,,KSPDB-SD07-D-0015-993
P-000994,12.963488,77.595021,F-07-02,D-0015,14,P-000990,LT-9m-PCC,W-61,560078,KSPDB-SD07-D-0015-994
P-000995,12.963359,77.594967,F-07-02,D-0015,15,P-000994,LT-8m-Steel,W-80,560078,KSPDB-SD07-D-0015-995
P-000996,12.963541,77.595041,F-07-02,D-0015,16,P-000995,LT-8m-Steel,W-95,560078,KSPDB-SD07-D-0015-996
P-000997,12.963434,77.594983,F-07-02,D-0015,17,P-000996,LT-8m-PCC,W-29,560078,KSPDB-SD07-D-0015-997
P-000998,12.963493,77.594851,F-07-02,D-0015,15,P-000994,LT-9m-PCC,W-79,560078,KSPDB-SD07-D-0015-998
P-000999,12.963398,77.595124,F-07-02,D-0015,15,P-000994,LT-8m-Steel,W-81,560078,KSPDB-SD07-D-0015-999
P-001000,12.963705,77.594987,F-07-02,D-0015,17,P-000996,LT-8m-PCC,W-92,560078,KSPDB-SD07-D-0015-1000
P-001001,12.96326,77.594928,F-07-02,D-0015,16,P-000999,LT-9m-PCC,W-53,560078,KSPDB-SD07-D-0015-1001
P-001002,12.963425,77.595076,F-07-02,D-0015,17,P-001001,LT-8m-PCC,W-37,560078,KSPDB-SD07-D-0015-1002
P-001003,12.963422,77.594996,F-07-02,D-0015,17,P-001001,LT-9m-PCC,W-39,560078,KSPDB-SD07-D-0015-1003
P-001004,12.963437,77.594987,F-07-02,D-0015,18,P-001003,LT-8m-Steel,W-61,560078,KSPDB-SD07-D-0015-1004
P-001005,12.963812,77.595083,F-07-02,D-0015,18,P-001000,LT-8m-PCC,W-75,560078,KSPDB-SD07-D-0015-1005
P-001006,12.963299,77.59507,F-07-02,D-0015,19,P-001004,LT-9m-PCC,W-22,560078,KSPDB-SD07-D-0015-1006
P-001007,12.963326,77.59488,F-07-02,D-0015,20,P-001006,LT-8m-Steel,W-82,560078,
P-001008,12.963906,77.595198,F-07-02,D-0015,19,P-001005,LT-8m-Steel,W-89,560078,KSPDB-SD07-D-0015-1008
P-001009,12.963252,77.594957,F-07-02,D-0015,20,P-001006,LT-8m-PCC,W-63,560078,KSPDB-SD07-D-0015-1009
P-001010,12.96324,77.595249,F-07-02,D-0015,20,P-001006,LT-8m-Steel,W-14,560078,KSPDB-SD07-D-0015-1010
P-001011,12.963426,77.595074,F-07-02,D-0015,21,P-001009,LT-9m-PCC,W-73,560078,KSPDB-SD07-D-0015-1011
P-001012,12.963385,77.5949,F-07-02,D-0015,22,P-001011,LT-8m-PCC,W-40,560078,KSPDB-SD07-D-0015-1012
P-001013,12.963498,77.595076,F-07-02,D-0015,22,P-001011,LT-9m-PCC,W-83,560078,KSPDB-SD07-D-0015-1013
P-001014,12.963376,77.595046,F-07-02,D-0015,23,P-001012,LT-9m-PCC,W-37,560078,KSPDB-SD07-D-0015-1014
P-001015,12.963559,77.594964,F-07-02,D-0015,23,P-001012,LT-8m-Steel,W-80,560078,KSPDB-SD07-D-0015-1015
P-001016,12.963544,77.595134,F-07-02,D-0015,24,P-001015,LT-8m-PCC,W-62,,
P-001017,12.96367,77.595216,F-07-02,D-0015,25,P-001016,LT-8m-PCC,W-74,560078,KSPDB-SD07-D-0015-1017
P-001018,12.963704,77.595316,F-07-02,D-0015,26,P-001017,LT-8m-Steel,W-47,560078,KSPDB-SD07-D-0015-1018
P-001019,12.96367,77.595123,F-07-02,D-0015,27,P-001018,LT-9m-PCC,W-45,,KSPDB-SD07-D-0015-1019
P-001020,12.963772,77.595406,F-07-02,D-0015,27,P-001018,LT-9m-PCC,W-95,560078,KSPDB-SD07-D-0015-1020
P-001021,12.963957,77.595423,F-07-02,D-0015,28,P-001020,LT-8m-PCC,W-53,,KSPDB-SD07-D-0015-1021
P-001022,12.963868,77.595184,F-07-02,D-0015,27,P-001018,LT-8m-PCC,W-12,560078,
P-001023,12.963683,77.595572,F-07-02,D-0015,28,P-001020,LT-8m-PCC,W-39,560078,KSPDB-SD07-D-0015-1023
P-001024,12.963816,77.594984,F-07-02,D-0015,28,P-001022,LT-8m-PCC,W-24,560078,KSPDB-SD07-D-0015-1024
P-001025,12.963847,77.595339,F-07-02,D-0015,29,P-001021,LT-9m-PCC,W-14,560078,KSPDB-SD07-D-0015-1025
P-001026,12.964098,77.595602,F-07-02,D-0015,29,P-001021,LT-8m-PCC,W-21,560078,KSPDB-SD07-D-0015-1026
P-001027,12.964024,77.595224,F-07-02,D-0015,30,P-001025,LT-9m-PCC,W-34,560078,KSPDB-SD07-D-0015-1027
P-001028,12.964181,77.595777,F-07-02,D-0015,30,P-001026,LT-8m-Steel,W-61,560078,KSPDB-SD07-D-0015-1028
P-001029,12.963711,77.594822,F-07-02,D-0015,29,P-001024,LT-8m-PCC,W-17,560078,KSPDB-SD07-D-0015-1029
P-001030,12.963634,77.594881,F-07-02,D-0015,30,P-001029,LT-8m-PCC,W-45,560078,KSPDB-SD07-D-0015-1030
P-001031,12.963815,77.594986,F-07-02,D-0015,31,P-001030,LT-8m-Steel,W-61,560078,KSPDB-SD07-D-0015-1031
P-001032,12.96381,77.595052,F-07-02,D-0015,32,P-001031,LT-8m-PCC,W-97,560078,
P-001033,12.963708,77.594851,F-07-02,D-0015,32,P-001031,LT-8m-PCC,W-97,560078,KSPDB-SD07-D-0015-1033
P-001034,12.963542,77.594994,F-07-02,D-0015,30,P-001029,LT-9m-PCC,W-79,,
P-001035,12.963737,77.594818,F-07-02,D-0015,31,P-001030,LT-8m-PCC,W-14,560078,KSPDB-SD07-D-0015-1035
P-001036,12.963464,77.594795,F-07-02,D-0015,31,P-001034,LT-8m-Steel,W-65,560078,KSPDB-SD07-D-0015-1036
P-001037,12.963981,77.594994,F-07-02,D-0015,33,P-001032,LT-8m-PCC,W-25,560078,KSPDB-SD07-D-0015-1037
P-001038,12.963882,77.594952,F-07-02,D-0015,32,P-001035,LT-9m-PCC,W-22,560078,KSPDB-SD07-D-0015-1038
P-001039,12.96371,77.595133,F-07-02,D-0015,31,P-001034,LT-9m-PCC,W-89,560078,KSPDB-SD07-D-0015-1039
P-001040,12.963734,77.595099,F-07-02,D-0015,33,P-001038,LT-8m-Steel,W-28,560078,KSPDB-SD07-D-0015-1040
P-001041,12.96383,77.594805,F-07-02,D-0015,34,P-001037,LT-9m-PCC,W-56,560078,KSPDB-SD07-D-0015-1041
P-001042,12.963811,77.59527,F-07-02,D-0015,34,P-001040,LT-9m-PCC,W-63,560078,KSPDB-SD07-D-0015-1042
P-001043,12.986787,77.601943,F-07-02,D-0016,1,,LT-8m-Steel,W-87,560078,KSPDB-SD07-D-0016-1043
P-001044,12.986819,77.602008,F-07-02,D-0016,2,P-001043,LT-8m-PCC,W-91,560078,KSPDB-SD07-D-0016-1044
P-001045,12.986956,77.60187,F-07-02,D-0016,3,P-001044,LT-8m-PCC,W-55,560078,KSPDB-SD07-D-0016-1045
P-001046,12.98698,77.601833,F-07-02,D-0016,3,P-001044,LT-8m-Steel,W-34,560078,KSPDB-SD07-D-0016-1046
P-001047,12.986929,77.602003,F-07-02,D-0016,2,P-001043,LT-8m-PCC,W-69,560078,KSPDB-SD07-D-0016-1047
P-001048,12.986949,77.602191,F-07-02,D-0016,3,P-001047,LT-8m-PCC,W-33,560078,KSPDB-SD07-D-0016-1048
P-001049,12.987017,77.602295,F-07-02,D-0016,4,P-001048,LT-9m-PCC,W-58,560078,KSPDB-SD07-D-0016-1049
P-001050,12.987123,77.602332,F-07-02,D-0016,4,P-001048,LT-9m-PCC,W-67,560078,KSPDB-SD07-D-0016-1050
P-001051,12.986876,77.601765,F-07-02,D-0016,4,P-001046,LT-8m-Steel,W-23,560078,KSPDB-SD07-D-0016-1051
P-001052,12.987024,77.601825,F-07-02,D-0016,5,P-001051,LT-8m-PCC,W-54,560078,KSPDB-SD07-D-0016-1052
P-001053,12.986827,77.601619,F-07-02,D-0016,5,P-001051,LT-8m-Steel,W-40,560078,KSPDB-SD07-D-0016-1053
P-001054,12.986801,77.601678,F-07-02,D-0016,5,P-001051,LT-8m-Steel,W-98,560078,KSPDB-SD07-D-0016-1054
P-001055,12.986721,77.601864,F-07-02,D-0016,6,P-001054,LT-8m-Steel,W-50,560078,KSPDB-SD07-D-0016-1055
P-001056,12.986786,77.601597,F-07-02,D-0016,6,P-001054,LT-8m-PCC,W-81,560078,KSPDB-SD07-D-0016-1056
P-001057,12.98674,77.60164,F-07-02,D-0016,6,P-001054,LT-9m-PCC,W-31,560078,KSPDB-SD07-D-0016-1057
P-001058,12.986596,77.601666,F-07-02,D-0016,7,P-001056,LT-8m-Steel,W-35,560078,KSPDB-SD07-D-0016-1058
P-001059,12.986731,77.60166,F-07-02,D-0016,7,P-001056,LT-8m-PCC,W-11,560078,KSPDB-SD07-D-0016-1059
P-001060,12.986581,77.601541,F-07-02,D-0016,8,P-001059,LT-9m-PCC,W-77,560078,KSPDB-SD07-D-0016-1060
P-001061,12.986698,77.601439,F-07-02,D-0016,7,P-001056,LT-8m-Steel,W-85,560078,KSPDB-SD07-D-0016-1061
P-001062,12.986712,77.601731,F-07-02,D-0016,8,P-001059,LT-8m-Steel,W-15,560078,KSPDB-SD07-D-0016-1062
P-001063,12.986668,77.601595,F-07-02,D-0016,8,P-001059,LT-8m-Steel,W-86,,KSPDB-SD07-D-0016-1063
P-001064,12.98642,77.601382,F-07-02,D-0016,9,P-001060,LT-8m-Steel,W-85,560078,KSPDB-SD07-D-0016-1064
P-001065,12.986717,77.601499,F-07-02,D-0016,9,P-001060,LT-8m-Steel,W-52,560078,KSPDB-SD07-D-0016-1065
P-001066,12.986588,77.601654,F-07-02,D-0016,10,P-001065,LT-9m-PCC,W-18,560078,KSPDB-SD07-D-0016-1066
P-001067,12.986672,77.601559,F-07-02,D-0016,9,P-001063,LT-9m-PCC,W-95,560078,KSPDB-SD07-D-0016-1067
P-001068,12.986629,77.601444,F-07-02,D-0016,10,P-001065,LT-8m-PCC,W-48,560078,
P-001069,12.986533,77.601603,F-07-02,D-0016,10,P-001067,LT-8m-Steel,W-76,560078,KSPDB-SD07-D-0016-1069
P-001070,12.986544,77.601682,F-07-02,D-0016,11,P-001066,LT-8m-PCC,W-68,560078,KSPDB-SD07-D-0016-1070
P-001071,12.986444,77.601485,F-07-02,D-0016,11,P-001069,LT-8m-PCC,W-87,560078,
P-001072,12.986701,77.60171,F-07-02,D-0016,11,P-001069,LT-8m-Steel,W-71,560078,KSPDB-SD07-D-0016-1072
P-001073,12.986761,77.601467,F-07-02,D-0016,11,P-001068,LT-9m-PCC,W-99,560078,KSPDB-SD07-D-0016-1073
P-001074,12.986517,77.60164,F-07-02,D-0016,11,P-001069,LT-8m-PCC,W-57,,KSPDB-SD07-D-0016-1074
P-001075,12.986696,77.60162,F-07-02,D-0016,12,P-001070,LT-8m-PCC,W-32,560078,KSPDB-SD07-D-0016-1075
P-001076,12.986543,77.601832,F-07-02,D-0016,12,P-001072,LT-8m-PCC,W-45,560078,KSPDB-SD07-D-0016-1076
P-001077,12.986739,77.601749,F-07-02,D-0016,13,P-001075,LT-8m-Steel,W-39,560078,KSPDB-SD07-D-0016-1077
P-001078,12.986427,77.601629,F-07-02,D-0016,12,P-001074,LT-9m-PCC,W-32,560078,KSPDB-SD07-D-0016-1078
P-001079,12.986502,77.601854,F-07-02,D-0016,13,P-001076,LT-9m-PCC,W-72,560078,KSPDB-SD07-D-0016-1079
P-001080,12.986589,77.601708,F-07-02,D-0016,14,P-001079,LT-8m-Steel,W-25,560078,KSPDB-SD07-D-0016-1080
P-001081,12.98657,77.60183,F-07-02,D-0016,14,P-001079,LT-8m-PCC,W-22,560078,KSPDB-SD07-D-0016-1081
P-001082,12.986488,77.602017,F-07-02,D-0016,15,P-001081,LT-8m-PCC,W-51,560078,KSPDB-SD07-D-0016-1082
P-001083,12.986357,77.601431,F-07-02,D-0016,13,P-001078,LT-9m-PCC,W-55,560078,KSPDB-SD07-D-0016-1083
P-001084,12.986466,77.601708,F-07-02,D-0016,15,P-001081,LT-9m-PCC,W-72,560078,KSPDB-SD07-D-0016-1084
P-001085,12.986636,77.601782,F-07-02,D-0016,15,P-001080,LT-8m-PCC,W-84,560078,KSPDB-SD07-D-0016-1085
P-001086,12.986304,77.601852,F-07-02,D-0016,16,P-001082,LT-8m-Steel,W-35,560078,
P-001087,12.986788,77.601732,F-07-02,D-0016,16,P-001085,LT-8m-Steel,W-61,560078,KSPDB-SD07-D-0016-1087
P-001088,12.986276,77.601879,F-07-02,D-0016,16,P-001084,LT-9m-PCC,W-35,560078,KSPDB-SD07-D-0016-1088
P-001089,12.986198,77.60205,F-07-02,D-0016,17,P-001088,LT-9m-PCC,W-77,560078,KSPDB-SD07-D-0016-1089
P-001090,12.986104,77.601842,F-07-02,D-0016,17,P-001088,LT-8m-Steel,W-51,560078,KSPDB-SD07-D-0016-1090
P-001091,12.986162,77.601816,F-07-02,D-0016,18,P-001090,LT-9m-PCC,W-40,560078,
P-001092,12.986274,77.601849,F-07-02,D-0016,19,P-001091,LT-9m-PCC,W-80,560078,KSPDB-SD07-D-0016-1092
P-001093,12.986294,77.602019,F-07-02,D-0016,17,P-001088,LT-9m-PCC,W-83,,KSPDB-SD07-D-0016-1093
P-001094,12.98635,77.601932,F-07-02,D-0016,18,P-001093,LT-8m-PCC,W-39,,KSPDB-SD07-D-0016-1094
P-001095,12.985966,77.602,F-07-02,D-0016,19,P-001091,LT-8m-Steel,W-20,560078,KSPDB-SD07-D-0016-1095
P-001096,12.986157,77.601939,F-07-02,D-0016,19,P-001091,LT-9m-PCC,W-42,560078,
P-001097,12.986251,77.601988,F-07-02,D-0016,20,P-001096,LT-9m-PCC,W-10,560078,KSPDB-SD07-D-0016-1097
P-001098,12.986226,77.60197,F-07-02,D-0016,21,P-001097,LT-9m-PCC,W-40,560078,KSPDB-SD07-D-0016-1098
P-001099,12.98617,77.602118,F-07-02,D-0016,20,P-001096,LT-8m-Steel,W-84,560078,KSPDB-SD07-D-0016-1099
P-001100,12.986365,77.602212,F-07-02,D-0016,21,P-001099,LT-8m-PCC,W-28,560078,KSPDB-SD07-D-0016-1100
P-001101,12.986282,77.601934,F-07-02,D-0016,21,P-001097,LT-9m-PCC,W-87,560078,KSPDB-SD07-D-0016-1101
P-001102,12.986456,77.601915,F-07-02,D-0016,22,P-001101,LT-8m-PCC,W-58,560078,KSPDB-SD07-D-0016-1102
P-001103,12.986381,77.602095,F-07-02,D-0016,23,P-001102,LT-8m-Steel,W-68,560078,KSPDB-SD07-D-0016-1103
P-001104,12.986043,77.602165,F-07-02,D-0016,21,P-001099,LT-9m-PCC,W-46,560078,KSPDB-SD07-D-0016-1104
P-001105,12.986516,77.602114,F-07-02,D-0016,24,P-001103,LT-8m-PCC,W-61,560078,KSPDB-SD07-D-0016-1105
P-001106,12.986035,77.602034,F-07-02,D-0016,22,P-001104,LT-8m-PCC,W-82,560078,KSPDB-SD07-D-0016-1106
P-001107,12.986394,77.601935,F-07-02,D-0016,24,P-001103,LT-8m-Steel,W-93,560078,KSPDB-SD07-D-0016-1107
P-001108,12.986155,77.601887,F-07-02,D-0016,23,P-001106,LT-8m-Steel,W-12,560078,KSPDB-SD07-D-0016-1108
P-001109,12.986407,77.60209,F-07-02,D-0016,25,P-001105,LT-8m-PCC,W-74,560078,KSPDB-SD07-D-0016-1109
P-001110,12.986119,77.602045,F-07-02,D-0016,24,P-001108,LT-9m-PCC,W-60,560078,KSPDB-SD07-D-0016-1110
P-001111,12.986499,77.602206,F-07-02,D-0016,26,P-001109,LT-9m-PCC,W-75,560078,KSPDB-SD07-D-0016-1111
P-001112,12.985951,77.601853,F-07-02,D-0016,25,P-001110,LT-9m-PCC,W-84,560078,KSPDB-SD07-D-0016-1112
P-001113,12.985951,77.601891,F-07-02,D-0016,25,P-001110,LT-8m-PCC,W-10,560078,
P-001114,12.986494,77.602196,F-07-02,D-0016,26,P-001109,LT-9m-PCC,W-36,560078,
P-001115,12.98612,77.601738,F-07-02,D-0016,26,P-001113,LT-8m-PCC,W-52,560078,KSPDB-SD07-D-0016-1115
P-001116,12.986366,77.602082,F-07-02,D-0016,27,P-001114,LT-9m-PCC,W-88,560078,KSPDB-SD07-D-0016-1116
P-001117,12.986289,77.601838,F-07-02,D-0016,27,P-001115,LT-9m-PCC,W-95,560078,KSPDB-SD07-D-0016-1117
P-001118,12.986483,77.602244,F-07-02,D-0016,28,P-001116,LT-8m-PCC,W-28,560078,KSPDB-SD07-D-0016-1118
P-001119,12.986167,77.60216,F-07-02,D-0016,28,P-001116,LT-8m-Steel,W-82,560078,KSPDB-SD07-D-0016-1119
P-001120,12.985976,77.602256,F-07-02,D-0016,29,P-001119,LT-9m-PCC,W-53,560078,KSPDB-SD07-D-0016-1120
P-001121,12.985839,77.602331,F-07-02,D-0016,30,P-001120,LT-9m-PCC,W-31,560078,KSPDB-SD07-D-0016-1121
P-001122,12.986069,77.602171,F-07-02,D-0016,29,P-001119,LT-8m-PCC,W-16,560078,KSPDB-SD07-D-0016-1122
P-001123,12.985683,77.602359,F-07-02,D-0016,31,P-001121,LT-8m-PCC,W-25,560078,KSPDB-SD07-D-0016-1123
P-001124,12.985967,77.602135,F-07-02,D-0016,29,P-001119,LT-8m-Steel,W-57,560078,KSPDB-SD07-D-0016-1124
P-001125,12.985818,77.602174,F-07-02,D-0016,32,P-001123,LT-8m-PCC,W-96,560078,KSPDB-SD07-D-0016-1125
P-001126,12.985973,77.602246,F-07-02,D-0016,31,P-001121,LT-8m-PCC,W-54,560078,KSPDB-SD07-D-0016-1126
P-001127,12.986072,77.602123,F-07-02,D-0016,30,P-001122,LT-9m-PCC,W-49,560078,KSPDB-SD07-D-0016-1127
P-001128,12.985881,77.602345,F-07-02,D-0016,32,P-001123,LT-9m-PCC,W-58,560078,KSPDB-SD07-D-0016-1128
P-001129,12.986007,77.602111,F-07-02,D-0016,30,P-001124,LT-8m-Steel,W-45,560078,KSPDB-SD07-D-0016-1129
P-001130,12.986206,77.602117,F-07-02,D-0016,31,P-001129,LT-9m-PCC,W-64,560078,KSPDB-SD07-D-0016-1130
P-001131,12.985905,77.602155,F-07-02,D-0016,32,P-001126,LT-8m-PCC,W-84,560078,KSPDB-SD07-D-0016-1131
P-001132,12.986255,77.601989,F-07-02,D-0016,32,P-001130,LT-8m-Steel,W-53,560078,KSPDB-SD07-D-0016-1132
P-001133,12.986222,77.602118,F-07-02,D-0016,33,P-001132,LT-8m-PCC,W-34,560078,
P-001134,12.986354,77.602124,F-07-02,D-0016,34,P-001133,LT-8m-Steel,W-53,560078,
P-001135,12.986054,77.602266,F-07-02,D-0016,33,P-001131,LT-8m-PCC,W-10,560078,
P-001136,12.985915,77.602417,F-07-02,D-0016,34,P-001135,LT-8m-Steel,W-97,560078,KSPDB-SD07-D-0016-1136
P-001137,12.986056,77.602312,F-07-02,D-0016,35,P-001136,LT-8m-Steel,W-55,560078,KSPDB-SD07-D-0016-1137
P-001138,12.986237,77.602286,F-07-02,D-0016,34,P-001133,LT-8m-PCC,W-40,560078,KSPDB-SD07-D-0016-1138
P-001139,12.986173,77.601977,F-07-02,D-0016,35,P-001134,LT-9m-PCC,W-44,560078,KSPDB-SD07-D-0016-1139
P-001140,12.986239,77.60214,F-07-02,D-0016,36,P-001139,LT-8m-Steel,W-53,560078,KSPDB-SD07-D-0016-1140
P-001141,12.986412,77.602179,F-07-02,D-0016,37,P-001140,LT-9m-PCC,W-65,560078,KSPDB-SD07-D-0016-1141
P-001142,12.951355,77.603162,F-07-02,D-0017,1,,LT-8m-Steel,W-71,560078,
P-001143,12.95122,77.603119,F-07-02,D-0017,2,P-001142,LT-8m-PCC,W-24,560078,
P-001144,12.951139,77.603028,F-07-02,D-0017,3,P-001143,LT-8m-Steel,W-59,560078,KSPDB-SD07-D-0017-1144
P-001145,12.951184,77.603113,F-07-02,D-0017,3,P-001143,LT-9m-PCC,W-54,560078,KSPDB-SD07-D-0017-1145
P-001146,12.951068,77.60297,F-07-02,D-0017,4,P-001144,LT-8m-Steel,W-99,560078,KSPDB-SD07-D-0017-1146
P-001147,12.951087,77.603021,F-07-02,D-0017,5,P-001146,LT-8m-PCC,W-23,560078,KSPDB-SD07-D-0017-1147
P-001148,12.951023,77.603008,F-07-02,D-0017,6,P-001147,LT-8m-PCC,W-42,560078,KSPDB-SD07-D-0017-1148
P-001149,12.951203,77.603013,F-07-02,D-0017,4,P-001145,LT-8m-PCC,W-64,560078,KSPDB-SD07-D-0017-1149
P-001150,12.951363,77.603047,F-07-02,D-0017,4,P-001145,LT-9m-PCC,W-14,,KSPDB-SD07-D-0017-1150
P-001151,12.951215,77.603119,F-07-02,D-0017,5,P-001146,LT-8m-Steel,W-30,560078,KSPDB-SD07-D-0017-1151
P-001152,12.951164,77.603146,F-07-02,D-0017,7,P-001148,LT-8m-Steel,W-39,560078,KSPDB-SD07-D-0017-1152
P-001153,12.951032,77.602897,F-07-02,D-0017,7,P-001148,LT-9m-PCC,W-44,560078,KSPDB-SD07-D-0017-1153
P-001154,12.951399,77.602853,F-07-02,D-0017,5,P-001150,LT-8m-Steel,W-31,560078,KSPDB-SD07-D-0017-1154
P-001155,12.951199,77.602908,F-07-02,D-0017,5,P-001150,LT-8m-Steel,W-29,560078,KSPDB-SD07-D-0017-1155
P-001156,12.951382,77.602783,F-07-02,D-0017,6,P-001155,LT-9m-PCC,W-46,560078,KSPDB-SD07-D-0017-1156
P-001157,12.950832,77.603009,F-07-02,D-0017,8,P-001153,LT-9m-PCC,W-18,560078,KSPDB-SD07-D-0017-1157
P-001158,12.950748,77.60282,F-07-02,D-0017,9,P-001157,LT-9m-PCC,W-87,560078,
P-001159,12.950889,77.602971,F-07-02,D-0017,9,P-001157,LT-9m-PCC,W-81,560078,KSPDB-SD07-D-0017-1159
P-001160,12.9513,77.602737,F-07-02,D-0017,7,P-001156,LT-9m-PCC,W-39,560078,KSPDB-SD07-D-0017-1160
P-001161,12.951201,77.602642,F-07-02,D-0017,7,P-001156,LT-8m-Steel,W-72,560078,KSPDB-SD07-D-0017-1161
P-001162,12.950878,77.602793,F-07-02,D-0017,10,P-001158,LT-9m-PCC,W-66,560078,KSPDB-SD07-D-0017-1162
P-001163,12.95146,77.602877,F-07-02,D-0017,8,P-001160,LT-9m-PCC,W-84,560078,KSPDB-SD07-D-0017-1163
P-001164,12.951241,77.602688,F-07-02,D-0017,8,P-001160,LT-9m-PCC,W-47,560078,KSPDB-SD07-D-0017-1164
P-001165,12.951483,77.602703,F-07-02,D-0017,8,P-001160,LT-8m-PCC,W-27,560078,KSPDB-SD07-D-0017-1165
P-001166,12.951384,77.602545,F-07-02,D-0017,8,P-001161,LT-8m-Steel,W-17,560078,KSPDB-SD07-D-0017-1166
P-001167,12.951289,77.602744,F-07-02,D-0017,9,P-001164,LT-8m-Steel,W-30,560078,KSPDB-SD07-D-0017-1167
P-001168,12.951502,77.60275,F-07-02,D-0017,9,P-001163,LT-8m-Steel,W-65,560078,KSPDB-SD07-D-0017-1168
P-001169,12.951142,77.602551,F-07-02,D-0017,10,P-001167,LT-8m-PCC,W-46,560078,KSPDB-SD07-D-0017-1169
P-001170,12.951484,77.602563,F-07-02,D-0017,9,P-001165,LT-8m-PCC,W-93,560078,KSPDB-SD07-D-0017-1170
P-001171,12.951334,77.602698,F-07-02,D-0017,10,P-001168,LT-8m-PCC,W-57,560078,KSPDB-SD07-D-0017-1171
P-001172,12.951015,77.602367,F-07-02,D-0017,11,P-001169,LT-8m-Steel,W-63,,KSPDB-SD07-D-0017-1172
P-001173,12.951644,77.602671,F-07-02,D-0017,10,P-001170,LT-8m-Steel,W-73,560078,KSPDB-SD07-D-0017-1173
P-001174,12.95158,77.602674,F-07-02,D-0017,10,P-001170,LT-8m-PCC,W-35,560078,KSPDB-SD07-D-0017-1174
P-001175,12.95164,77.602511,F-07-02,D-0017,10,P-001170,LT-9m-PCC,W-37,560078,KSPDB-SD07-D-0017-1175
P-001176,12.951448,77.602758,F-07-02,D-0017,11,P-001171,LT-8m-PCC,W-16,560078,KSPDB-SD07-D-0017-1176
P-001177,12.951555,77.602645,F-07-02,D-0017,11,P-001175,LT-8m-Steel,W-80,560078,KSPDB-SD07-D-0017-1177
P-001178,12.95173,77.602839,F-07-02,D-0017,11,P-001174,LT-8m-Steel,W-54,560078,KSPDB-SD07-D-0017-1178
P-001179,12.951424,77.60282,F-07-02,D-0017,12,P-001177,LT-9m-PCC,W-45,560078,KSPDB-SD07-D-0017-1179
P-001180,12.951447,77.602745,F-07-02,D-0017,12,P-001177,LT-9m-PCC,W-83,560078,KSPDB-SD07-D-0017-1180
P-001181,12.951417,77.602618,F-07-02,D-0017,12,P-001176,LT-8m-PCC,W-75,560078,
P-001182,12.951599,77.602797,F-07-02,D-0017,12,P-001177,LT-9m-PCC,W-25,560078,KSPDB-SD07-D-0017-1182
P-001183,12.951456,77.602784,F-07-02,D-0017,13,P-001181,LT-9m-PCC,W-88,560078,KSPDB-SD07-D-0017-1183
P-001184,12.95131,77.602727,F-07-02,D-0017,13,P-001180,LT-9m-PCC,W-88,560078,KSPDB-SD07-D-0017-1184
P-001185,12.951496,77.602627,F-07-02,D-0017,14,P-001183,LT-8m-PCC,W-12,560078,KSPDB-SD07-D-0017-1185
P-001186,12.951167,77.602745,F-07-02,D-0017,14,P-001184,LT-9m-PCC,W-57,560078,KSPDB-SD07-D-0017-1186
P-001187,12.951302,77.60281,F-07-02,D-0017,15,P-001185,LT-8m-Steel,W-10,560078,KSPDB-SD07-D-0017-1187
P-001188,12.951266,77.602864,F-07-02,D-0017,15,P-001186,LT-8m-Steel,W-49,560078,KSPDB-SD07-D-0017-1188
P-001189,12.951344,77.603057,F-07-02,D-0017,16,P-001188,LT-9m-PCC,W-73,560078,KSPDB-SD07-D-0017-1189
P-001190,12.951344,77.602682,F-07-02,D-0017,15,P-001186,LT-8m-PCC,W-29,560078,KSPDB-SD07-D-0017-1190
P-001191,12.951273,77.60281,F-07-02,D-0017,15,P-001186,LT-9m-PCC,W-67,560078,KSPDB-SD07-D-0017-1191
P-001192,12.951308,77.603244,F-07-02,D-0017,17,P-001189,LT-8m-PCC,W-64,560078,KSPDB-SD07-D-0017-1192
P-001193,12.951415,77.603063,F-07-02,D-0017,16,P-001188,LT-8m-PCC,W-84,560078,KSPDB-SD07-D-0017-1193
P-001194,12.951289,77.602686,F-07-02,D-0017,16,P-001190,LT-8m-PCC,W-31,560078,KSPDB-SD07-D-0017-1194
P-001195,12.951457,77.602536,F-07-02,D-0017,16,P-001190,LT-8m-PCC,W-19,560078,KSPDB-SD07-D-0017-1195
P-001196,12.951121,77.602615,F-07-02,D-0017,16,P-001191,LT-8m-PCC,W-35,560078,KSPDB-SD07-D-0017-1196
P-001197,12.95126,77.602733,F-07-02,D-0017,17,P-001194,LT-8m-Steel,W-59,560078,KSPDB-SD07-D-0017-1197
P-001198,12.951477,77.60326,F-07-02,D-0017,17,P-001193,LT-8m-Steel,W-28,560078,KSPDB-SD07-D-0017-1198
P-001199,12.951484,77.602657,F-07-02,D-0017,17,P-001194,LT-8m-Steel,W-96,560078,KSPDB-SD07-D-0017-1199
P-001200,12.95139,77.602838,F-07-02,D-0017,18,P-001199,LT-8m-Steel,W-57,560078,KSPDB-SD07-D-0017-1200
P-001201,12.951635,77.603347,F-07-02,D-0017,18,P-001198,LT-8m-Steel,W-33,560078,KSPDB-SD07-D-0017-1201
P-001202,12.951345,77.602929,F-07-02,D-0017,19,P-001200,LT-9m-PCC,W-35,560078,KSPDB-SD07-D-0017-1202
P-001203,12.95121,77.60298,F-07-02,D-0017,19,P-001200,LT-8m-Steel,W-27,560078,KSPDB-SD07-D-0017-1203
P-001204,12.951416,77.602712,F-07-02,D-0017,18,P-001199,LT-9m-PCC,W-13,,KSPDB-SD07-D-0017-1204
P-001205,12.951336,77.603039,F-07-02,D-0017,20,P-001203,LT-8m-PCC,W-72,560078,KSPDB-SD07-D-0017-1205
P-001206,12.951255,77.603116,F-07-02,D-0017,21,P-001205,LT-8m-Steel,W-93,560078,KSPDB-SD07-D-0017-1206
P-001207,12.951527,77.602711,F-07-02,D-0017,19,P-001204,LT-8m-Steel,W-67,560078,KSPDB-SD07-D-0017-1207
P-001208,12.951331,77.602577,F-07-02,D-0017,19,P-001204,LT-9m-PCC,W-37,560078,KSPDB-SD07-D-0017-1208
P-001209,12.951341,77.602789,F-07-02,D-0017,19,P-001204,LT-8m-Steel,W-66,560078,
P-001210,12.951498,77.602723,F-07-02,D-0017,20,P-001207,LT-9m-PCC,W-40,560078,KSPDB-SD07-D-0017-1210
P-001211,12.951345,77.602785,F-07-02,D-0017,21,P-001210,LT-9m-PCC,W-55,560078,KSPDB-SD07-D-0017-1211
P-001212,12.951532,77.602779,F-07-02,D-0017,21,P-001210,LT-8m-Steel,W-76,560078,KSPDB-SD07-D-0017-1212
P-001213,12.951516,77.602978,F-07-02,D-0017,22,P-001211,LT-8m-Steel,W-53,560078,KSPDB-SD07-D-0017-1213
P-001214,12.95154,77.602701,F-07-02,D-0017,20,P-001209,LT-9m-PCC,W-20,560078,KSPDB-SD07-D-0017-1214
P-001215,12.951176,77.602924,F-07-02,D-0017,22,P-001211,LT-8m-Steel,W-96,560078,KSPDB-SD07-D-0017-1215
P-001216,12.951474,77.602695,F-07-02,D-0017,22,P-001212,LT-9m-PCC,W-34,560078,KSPDB-SD07-D-0017-1216
P-001217,12.951346,77.602881,F-07-02,D-0017,23,P-001215,LT-8m-Steel,W-97,560078,KSPDB-SD07-D-0017-1217
P-001218,12.951367,77.602929,F-07-02,D-0017,23,P-001213,LT-9m-PCC,W-14,560078,KSPDB-SD07-D-0017-1218
P-001219,12.95125,77.60284,F-07-02,D-0017,24,P-001218,LT-8m-Steel,W-74,560078,KSPDB-SD07-D-0017-1219
P-001220,12.951116,77.602739,F-07-02,D-0017,23,P-001215,LT-8m-Steel,W-37,560078,KSPDB-SD07-D-0017-1220
P-001221,12.95133,77.602786,F-07-02,D-0017,25,P-001219,LT-8m-PCC,W-68,560078,KSPDB-SD07-D-0017-1221
P-001222,12.951454,77.602954,F-07-02,D-0017,24,P-001217,LT-8m-PCC,W-56,560078,KSPDB-SD07-D-0017-1222
P-001223,12.951311,77.602759,F-07-02,D-0017,25,P-001219,LT-8m-Steel,W-14,560078,KSPDB-SD07-D-0017-1223
P-001224,12.951269,77.602657,F-07-02,D-0017,24,P-001220,LT-8m-Steel,W-63,560078,KSPDB-SD07-D-0017-1224
P-001225,12.951229,77.602551,F-07-02,D-0017,24,P-001220,LT-8m-Steel,W-56,560078,KSPDB-SD07-D-0017-1225
P-001226,12.951178,77.602749,F-07-02,D-0017,25,P-001224,LT-8m-PCC,W-34,560078,KSPDB-SD07-D-0017-1226
P-001227,12.951157,77.602701,F-07-02,D-0017,26,P-001223,LT-8m-Steel,W-64,560078,KSPDB-SD07-D-0017-1227
P-001228,12.951282,77.602851,F-07-02,D-0017,27,P-001227,LT-8m-PCC,W-38,560078,KSPDB-SD07-D-0017-1228
P-001229,12.951217,77.603008,F-07-02,D-0017,28,P-001228,LT-8m-Steel,W-26,560078,KSPDB-SD07-D-0017-1229
P-001230,12.951368,77.602745,F-07-02,D-0017,28,P-001228,LT-9m-PCC,W-60,560078,KSPDB-SD07-D-0017-1230
P-001231,12.951245,77.602758,F-07-02,D-0017,28,P-001228,LT-8m-Steel,W-54,560078,KSPDB-SD07-D-0017-1231
P-001232,12.951161,77.602925,F-07-02,D-0017,29,P-001229,LT-8m-PCC,W-46,560078,KSPDB-SD07-D-0017-1232
P-001233,12.951164,77.602821,F-07-02,D-0017,30,P-001232,LT-9m-PCC,W-75,560078,KSPDB-SD07-D-0017-1233
P-001234,12.95134,77.602786,F-07-02,D-0017,29,P-001230,LT-9m-PCC,W-12,560078,KSPDB-SD07-D-0017-1234
P-001235,12.951478,77.602596,F-07-02,D-0017,30,P-001234,LT-8m-PCC,W-86,560078,KSPDB-SD07-D-0017-1235
P-001236,12.951384,77.602692,F-07-02,D-0017,31,P-001235,LT-8m-Steel,W-82,560078,KSPDB-SD07-D-0017-1236
P-001237,12.951474,77.602582,F-07-02,D-0017,31,P-001235,LT-8m-Steel,W-31,,KSPDB-SD07-D-0017-1237
P-001238,12.95144,77.602907,F-07-02,D-0017,30,P-001234,LT-8m-PCC,W-47,,KSPDB-SD07-D-0017-1238
P-001239,12.951473,77.602945,F-07-02,D-0017,31,P-001238,LT-8m-PCC,W-49,560078,KSPDB-SD07-D-0017-1239
P-001240,12.982157,77.599494,F-07-01,D-0018,1,,LT-8m-Steel,W-96,560078,KSPDB-SD07-D-0018-1240
P-001241,12.982015,77.59936,F-07-01,D-0018,2,P-001240,LT-9m-PCC,W-82,560078,KSPDB-SD07-D-0018-1241
P-001242,12.98215,77.599307,F-07-01,D-0018,3,P-001241,LT-9m-PCC,W-46,560078,KSPDB-SD07-D-0018-1242
P-001243,12.982192,77.599608,F-07-01,D-0018,2,P-001240,LT-9m-PCC,W-65,560078,KSPDB-SD07-D-0018-1243
P-001244,12.98218,77.599442,F-07-01,D-0018,4,P-001242,LT-8m-Steel,W-64,560078,KSPDB-SD07-D-0018-1244
P-001245,12.982223,77.599402,F-07-01,D-0018,5,P-001244,LT-9m-PCC,W-60,560078,KSPDB-SD07-D-0018-1245
P-001246,12.982035,77.599622,F-07-01,D-0018,3,P-001243,LT-9m-PCC,W-13,560078,KSPDB-SD07-D-0018-1246
P-001247,12.982247,77.599247,F-07-01,D-0018,4,P-001242,LT-8m-PCC,W-64,560078,KSPDB-SD07-D-0018-1247
P-001248,12.98208,77.599242,F-07-01,D-0018,6,P-001245,LT-9m-PCC,W-95,560078,KSPDB-SD07-D-0018-1248
P-001249,12.982117,77.599163,F-07-01,D-0018,7,P-001248,LT-9m-PCC,W-74,560078,KSPDB-SD07-D-0018-1249
P-001250,12.982089,77.599598,F-07-01,D-0018,6,P-001245,LT-9m-PCC,W-23,560078,KSPDB-SD07-D-0018-1250
P-001251,12.982227,77.599371,F-07-01,D-0018,7,P-001248,LT-8m-PCC,W-74,560078,KSPDB-SD07-D-0018-1251
P-001252,12.982133,77.599043,F-07-01,D-0018,8,P-001249,LT-8m-PCC,W-12,560078,KSPDB-SD07-D-0018-1252
P-001253,12.982157,77.599759,F-07-01,D-0018,7,P-001250,LT-8m-Steel,W-37,560078,KSPDB-SD07-D-0018-1253
P-001254,12.981988,77.599563,F-07-01,D-0018,7,P-001250,LT-8m-Steel,W-58,560078,KSPDB-SD07-D-0018-1254
P-001255,12.981928,77.599402,F-07-01,D-0018,8,P-001254,LT-8m-Steel,W-89,560078,KSPDB-SD07-D-0018-1255
P-001256,12.982004,77.59953,F-07-01,D-0018,9,P-001255,LT-9m-PCC,W-85,560078,KSPDB-SD07-D-0018-1256
P-001257,12.981914,77.599385,F-07-01,D-0018,8,P-001254,LT-8m-Steel,W-56,560078,KSPDB-SD07-D-0018-1257
P-001258,12.981888,77.599709,F-07-01,D-0018,10,P-001256,LT-9m-PCC,W-75,560078,KSPDB-SD07-D-0018-1258
P-001259,12.981913,77.599802,F-07-01,D-0018,11,P-001258,LT-9m-PCC,W-44,560078,KSPDB-SD07-D-0018-1259
P-001260,12.982051,77.599949,F-07-01,D-0018,12,P-001259,LT-8m-Steel,W-40,,KSPDB-SD07-D-0018-1260
P-001261,12.981792,77.599987,F-07-01,D-0018,12,P-001259,LT-8m-PCC,W-54,560078,KSPDB-SD07-D-0018-1261
P-001262,12.981738,77.599681,F-07-01,D-0018,12,P-001259,LT-8m-Steel,W-74,560078,KSPDB-SD07-D-0018-1262
P-001263,12.981863,77.599841,F-07-01,D-0018,11,P-001258,LT-8m-PCC,W-75,560078,KSPDB-SD07-D-0018-1263
P-001264,12.982172,77.599817,F-07-01,D-0018,13,P-001260,LT-9m-PCC,W-89,560078,KSPDB-SD07-D-0018-1264
P-001265,12.981885,77.600027,F-07-01,D-0018,12,P-001263,LT-8m-PCC,W-91,560078,KSPDB-SD07-D-0018-1265
P-001266,12.981905,77.59986,F-07-01,D-0018,13,P-001265,LT-9m-PCC,W-24,560078,KSPDB-SD07-D-0018-1266
P-001267,12.981782,77.599793,F-07-01,D-0018,12,P-001263,LT-8m-Steel,W-78,560078,KSPDB-SD07-D-0018-1267
P-001268,12.981913,77.599915,F-07-01,D-0018,12,P-001263,LT-8m-Steel,W-96,,KSPDB-SD07-D-0018-1268
P-001269,12.982184,77.599835,F-07-01,D-0018,14,P-001264,LT-8m-PCC,W-34,560078,KSPDB-SD07-D-0018-1269
P-001270,12.98204,77.599749,F-07-01,D-0018,13,P-001268,LT-8m-Steel,W-60,560078,KSPDB-SD07-D-0018-1270
P-001271,12.982014,77.599906,F-07-01,D-0018,14,P-001270,LT-8m-PCC,W-51,560078,KSPDB-SD07-D-0018-1271
P-001272,12.981772,77.599943,F-07-01,D-0018,13,P-001267,LT-8m-Steel,W-28,560078,KSPDB-SD07-D-0018-1272
P-001273,12.982003,77.599975,F-07-01,D-0018,13,P-001268,LT-8m-PCC,W-36,560078,KSPDB-SD07-D-0018-1273
P-001274,12.982211,77.599849,F-07-01,D-0018,14,P-001270,LT-8m-PCC,W-82,560078,KSPDB-SD07-D-0018-1274
P-001275,12.982143,77.599805,F-07-01,D-0018,15,P-001274,LT-9m-PCC,W-81,560078,KSPDB-SD07-D-0018-1275
P-001276,12.982136,77.599834,F-07-01,D-0018,14,P-001273,LT-8m-PCC,W-69,560078,KSPDB-SD07-D-0018-1276
P-001277,12.982026,77.599738,F-07-01,D-0018,15,P-001276,LT-8m-PCC,W-14,560078,KSPDB-SD07-D-0018-1277
P-001278,12.981985,77.59982,F-07-01,D-0018,15,P-001276,LT-8m-PCC,W-21,560078,KSPDB-SD07-D-0018-1278
P-001279,12.982386,77.599709,F-07-01,D-0018,15,P-001274,LT-9m-PCC,W-14,560078,KSPDB-SD07-D-0018-1279
P-001280,12.982326,77.599985,F-07-01,D-0018,15,P-001276,LT-8m-PCC,W-52,560078,KSPDB-SD07-D-0018-1280
P-001281,12.982272,77.600181,F-07-01,D-0018,16,P-001280,LT-8m-Steel,W-75,560078,KSPDB-SD07-D-0018-1281
P-001282,12.982151,77.599733,F-07-01,D-0018,16,P-001278,LT-8m-PCC,W-82,560078,KSPDB-SD07-D-0018-1282
P-001283,12.982011,77.599991,F-07-01,D-0018,16,P-001278,LT-9m-PCC,W-59,560078,KSPDB-SD07-D-0018-1283
P-001284,12.982418,77.600048,F-07-01,D-0018,16,P-001280,LT-9m-PCC,W-51,560078,KSPDB-SD07-D-0018-1284
P-001285,12.981832,77.599949,F-07-01,D-0018,17,P-001283,LT-8m-PCC,W-78,560078,KSPDB-SD07-D-0018-1285
P-001286,12.982006,77.599834,F-07-01,D-0018,18,P-001285,LT-8m-Steel,W-45,560078,KSPDB-SD07-D-0018-1286
P-001287,12.982197,77.599761,F-07-01,D-0018,17,P-001282,LT-8m-Steel,W-58,560078,KSPDB-SD07-D-0018-1287
P-001288,12.982054,77.599605,F-07-01,D-0018,18,P-001287,LT-8m-PCC,W-72,560078,KSPDB-SD07-D-0018-1288
P-001289,12.981858,77.59993,F-07-01,D-0018,18,P-001285,LT-9m-PCC,W-21,560078,KSPDB-SD07-D-0018-1289
P-001290,12.981827,77.600002,F-07-01,D-0018,18,P-001285,LT-9m-PCC,W-28,560078,KSPDB-SD07-D-0018-1290
P-001291,12.982038,77.599643,F-07-01,D-0018,19,P-001286,LT-8m-Steel,W-49,560078,KSPDB-SD07-D-0018-1291
P-001292,12.981652,77.600113,F-07-01,D-0018,19,P-001290,LT-9m-PCC,W-51,560078,KSPDB-SD07-D-0018-1292
P-001293,12.981667,77.59988,F-07-01,D-0018,19,P-001289,LT-8m-PCC,W-12,560078,KSPDB-SD07-D-0018-1293
P-001294,12.981804,77.600178,F-07-01,D-0018,19,P-001290,LT-8m-Steel,W-79,560078,KSPDB-SD07-D-0018-1294
P-001295,12.981814,77.600024,F-07-01,D-0018,19,P-001290,LT-8m-PCC,W-15,560078,KSPDB-SD07-D-0018-1295
P-001296,12.98187,77.600369,F-07-01,D-0018,20,P-001294,LT-8m-Steel,W-48,560078,KSPDB-SD07-D-0018-1296
P-001297,12.981518,77.599706,F-07-01,D-0018,20,P-001293,LT-8m-PCC,W-99,560078,KSPDB-SD07-D-0018-1297
P-001298,12.971192,77.593376,F-07-01,D-0019,1,,LT-8m-PCC,W-56,560078,KSPDB-SD07-D-0019-1298
P-001299,12.971323,77.593182,F-07-01,D-0019,2,P-001298,LT-9m-PCC,W-71,560078,KSPDB-SD07-D-0019-1299
P-001300,12.971374,77.593187,F-07-01,D-0019,2,P-001298,LT-8m-Steel,W-34,560078,KSPDB-SD07-D-0019-1300
P-001301,12.971144,77.593113,F-07-01,D-0019,3,P-001299,LT-8m-Steel,W-13,560078,KSPDB-SD07-D-0019-1301
P-001302,12.971174,77.593542,F-07-01,D-0019,2,P-001298,LT-8m-Steel,W-30,560078,KSPDB-SD07-D-0019-1302
P-001303,12.971222,77.593303,F-07-01,D-0019,2,P-001298,LT-8m-PCC,W-67,560078,KSPDB-SD07-D-0019-1303
P-001304,12.971396,77.593154,F-07-01,D-0019,3,P-001300,LT-8m-PCC,W-26,560078,KSPDB-SD07-D-0019-1304
P-001305,12.971143,77.593489,F-07-01,D-0019,3,P-001302,LT-8m-Steel,W-63,560078,KSPDB-SD07-D-0019-1305
P-001306,12.971212,77.593293,F-07-01,D-0019,4,P-001305,LT-8m-PCC,W-41,560078,KSPDB-SD07-D-0019-1306
P-001307,12.97141,77.593198,F-07-01,D-0019,3,P-001303,LT-8m-Steel,W-59,560078,KSPDB-SD07-D-0019-1307
P-001308,12.971574,77.59307,F-07-01,D-0019,4,P-001307,LT-9m-PCC,W-45,560078,KSPDB-SD07-D-0019-1308
P-001309,12.971256,77.593201,F-07-01,D-0019,5,P-001306,LT-8m-PCC,W-11,560078,KSPDB-SD07-D-0019-1309
P-001310,12.971168,77.593214,F-07-01,D-0019,6,P-001309,LT-8m-PCC,W-54,560078,KSPDB-SD07-D-0019-1310
P-001311,12.971417,77.593316,F-07-01,D-0019,6,P-001309,LT-8m-Steel,W-62,560078,KSPDB-SD07-D-0019-1311
P-001312,12.971694,77.59314,F-07-01,D-0019,5,P-001308,LT-9m-PCC,W-73,560078,KSPDB-SD07-D-0019-1312
P-001313,12.97124,77.593401,F-07-01,D-0019,7,P-001310,LT-8m-PCC,W-89,560078,
P-001314,12.971338,77.593408,F-07-01,D-0019,8,P-001313,LT-8m-Steel,W-97,560078,KSPDB-SD07-D-0019-1314
P-001315,12.971164,77.593403,F-07-01,D-0019,7,P-001310,LT-8m-PCC,W-84,560078,KSPDB-SD07-D-0019-1315
P-001316,12.970994,77.59335,F-07-01,D-0019,8,P-001315,LT-8m-PCC,W-89,560078,KSPDB-SD07-D-0019-1316
P-001317,12.971226,77.593606,F-07-01,D-0019,9,P-001314,LT-9m-PCC,W-27,560078,KSPDB-SD07-D-0019-1317
P-001318,12.97116,77.593482,F-07-01,D-0019,8,P-001313,LT-8m-PCC,W-98,560078,KSPDB-SD07-D-0019-1318
P-001319,12.97125,77.593722,F-07-01,D-0019,10,P-001317,LT-8m-Steel,W-36,560078,KSPDB-SD07-D-0019-1319
P-001320,12.971411,77.593546,F-07-01,D-0019,11,P-001319,LT-8m-PCC,W-20,560078,KSPDB-SD07-D-0019-1320
P-001321,12.971314,77.59388,F-07-01,D-0019,11,P-001319,LT-9m-PCC,W-98,560078,KSPDB-SD07-D-0019-1321
P-001322,12.971018,77.593623,F-07-01,D-0019,9,P-001318,LT-8m-Steel,W-94,560078,KSPDB-SD07-D-0019-1322
P-001323,12.971164,77.593633,F-07-01,D-0019,9,P-001318,LT-8m-Steel,W-78,560078,KSPDB-SD07-D-0019-1323
P-001324,12.971499,77.593347,F-07-01,D-0019,12,P-001320,LT-8m-PCC,W-77,560078,KSPDB-SD07-D-0019-1324
P-001325,12.971542,77.593583,F-07-01,D-0019,12,P-001320,LT-9m-PCC,W-80,560078,KSPDB-SD07-D-0019-1325
P-001326,12.971507,77.593585,F-07-01,D-0019,13,P-001325,LT-8m-Steel,W-74,560078,KSPDB-SD07-D-0019-1326
P-001327,12.971227,77.593547,F-07-01,D-0019,10,P-001323,LT-8m-Steel,W-54,560078,KSPDB-SD07-D-0019-1327
P-001328,12.971525,77.593439,F-07-01,D-0019,14,P-001326,LT-8m-Steel,W-67,560078,KSPDB-SD07-D-0019-1328
P-001329,12.971692,77.593557,F-07-01,D-0019,13,P-001325,LT-9m-PCC,W-62,560078,KSPDB-SD07-D-0019-1329
P-001330,12.971654,77.593445,F-07-01,D-0019,15,P-001328,LT-8m-PCC,W-29,560078,KSPDB-SD07-D-0019-1330
P-001331,12.971497,77.59373,F-07-01,D-0019,14,P-001326,LT-8m-Steel,W-86,560078,
P-001332,12.971582,77.593533,F-07-01,D-0019,14,P-001329,LT-9m-PCC,W-56,560078,KSPDB-SD07-D-0019-1332
P-001333,12.971521,77.593584,F-07-01,D-0019,16,P-001330,LT-8m-PCC,W-26,560078,KSPDB-SD07-D-0019-1333
P-001334,12.971556,77.593449,F-07-01,D-0019,14,P-001329,LT-9m-PCC,W-57,560078,KSPDB-SD07-D-0019-1334
P-001335,12.97156,77.5935,F-07-01,D-0019,17,P-001333,LT-8m-Steel,W-16,560078,KSPDB-SD07-D-0019-1335
P-001336,12.971333,77.593615,F-07-01,D-0019,17,P-001333,LT-9m-PCC,W-29,560078,KSPDB-SD07-D-0019-1336
P-001337,12.971363,77.593514,F-07-01,D-0019,15,P-001334,LT-8m-Steel,W-77,,KSPDB-SD07-D-0019-1337
P-001338,12.971272,77.5938,F-07-01,D-0019,18,P-001336,LT-9m-PCC,W-24,560078,KSPDB-SD07-D-0019-1338
P-001339,12.971216,77.59398,F-07-01,D-0019,19,P-001338,LT-8m-Steel,W-62,,KSPDB-SD07-D-0019-1339
P-001340,12.971163,77.593744,F-07-01,D-0019,18,P-001336,LT-9m-PCC,W-87,560078,KSPDB-SD07-D-0019-1340
P-001341,12.971349,77.593663,F-07-01,D-0019,16,P-001337,LT-8m-PCC,W-65,560078,KSPDB-SD07-D-0019-1341
P-001342,12.971073,77.593756,F-07-01,D-0019,19,P-001340,LT-8m-PCC,W-63,560078,KSPDB-SD07-D-0019-1342
P-001343,12.971126,77.593735,F-07-01,D-0019,19,P-001340,LT-8m-Steel,W-19,560078,KSPDB-SD07-D-0019-1343
P-001344,12.971176,77.593573,F-07-01,D-0019,17,P-001341,LT-8m-PCC,W-54,560078,KSPDB-SD07-D-0019-1344
P-001345,12.970979,77.59388,F-07-01,D-0019,20,P-001342,LT-8m-PCC,W-65,560078,KSPDB-SD07-D-0019-1345
P-001346,12.971307,77.593672,F-07-01,D-0019,18,P-001344,LT-8m-PCC,W-86,560078,KSPDB-SD07-D-0019-1346
P-001347,12.971316,77.593477,F-07-01,D-0019,18,P-001344,LT-8m-Steel,W-57,560078,
P-001348,12.970812,77.593835,F-07-01,D-0019,21,P-001345,LT-8m-Steel,W-41,560078,KSPDB-SD07-D-0019-1348
P-001349,12.971363,77.59353,F-07-01,D-0019,19,P-001346,LT-8m-PCC,W-94,560078,KSPDB-SD07-D-0019-1349
P-001350,12.970889,77.593929,F-07-01,D-0019,21,P-001345,LT-9m-PCC,W-89,560078,KSPDB-SD07-D-0019-1350
P-001351,12.971197,77.593495,F-07-01,D-0019,19,P-001347,LT-8m-Steel,W-62,560078,KSPDB-SD07-D-0019-1351
P-001352,12.971005,77.593334,F-07-01,D-0019,20,P-001351,LT-8m-PCC,W-77,560078,KSPDB-SD07-D-0019-1352
P-001353,12.970892,77.593847,F-07-01,D-0019,22,P-001348,LT-8m-Steel,W-79,560078,KSPDB-SD07-D-0019-1353
P-001354,12.971265,77.593331,F-07-01,D-0019,20,P-001351,LT-8m-Steel,W-62,560078,KSPDB-SD07-D-0019-1354
P-001355,12.970874,77.593826,F-07-01,D-0019,22,P-001350,LT-8m-Steel,W-74,560078,KSPDB-SD07-D-0019-1355
P-001356,12.971162,77.593626,F-07-01,D-0019,20,P-001351,LT-9m-PCC,W-93,560078,KSPDB-SD07-D-0019-1356
P-001357,12.971066,77.593561,F-07-01,D-0019,21,P-001356,LT-8m-Steel,W-33,560078,KSPDB-SD07-D-0019-1357
P-001358,12.97123,77.593745,F-07-01,D-0019,22,P-001357,LT-8m-PCC,W-92,560078,KSPDB-SD07-D-0019-1358
P-001359,12.971163,77.593581,F-07-01,D-0019,23,P-001358,LT-9m-PCC,W-19,560078,KSPDB-SD07-D-0019-1359
P-001360,12.970803,77.593668,F-07-01,D-0019,23,P-001355,LT-8m-PCC,W-74,560078,KSPDB-SD07-D-0019-1360
P-001361,12.971059,77.593769,F-07-01,D-0019,23,P-001358,LT-8m-Steel,W-20,560078,KSPDB-SD07-D-0019-1361
P-001362,12.971202,77.59341,F-07-01,D-0019,22,P-001357,LT-8m-Steel,W-71,560078,KSPDB-SD07-D-0019-1362
P-001363,12.97111,77.593534,F-07-01,D-0019,24,P-001359,LT-8m-PCC,W-66,560078,KSPDB-SD07-D-0019-1363
P-001364,12.971297,77.593656,F-07-01,D-0019,25,P-001363,LT-8m-Steel,W-43,560078,KSPDB-SD07-D-0019-1364
P-001365,12.971001,77.593667,F-07-01,D-0019,24,P-001360,LT-8m-PCC,W-38,560078,KSPDB-SD07-D-0019-1365
P-001366,12.971075,77.593685,F-07-01,D-0019,25,P-001363,LT-8m-PCC,W-52,560078,KSPDB-SD07-D-0019-1366
P-001367,12.971262,77.593527,F-07-01,D-0019,26,P-001364,LT-9m-PCC,W-29,560078,KSPDB-SD07-D-0019-1367
P-001368,12.970928,77.593581,F-07-01,D-0019,26,P-001366,LT-8m-Steel,W-65,560078,KSPDB-SD07-D-0019-1368
P-001369,12.971388,77.593469,F-07-01,D-0019,27,P-001367,LT-8m-Steel,W-82,560078,KSPDB-SD07-D-0019-1369
P-001370,12.971099,77.593694,F-07-01,D-0019,25,P-001365,LT-8m-Steel,W-27,560078,KSPDB-SD07-D-0019-1370
P-001371,12.971142,77.593602,F-07-01,D-0019,27,P-001367,LT-8m-Steel,W-15,560078,KSPDB-SD07-D-0019-1371
P-001372,12.971067,77.593558,F-07-01,D-0019,28,P-001371,LT-8m-PCC,W-47,560078,KSPDB-SD07-D-0019-1372
P-001373,12.970856,77.593539,F-07-01,D-0019,27,P-001368,LT-8m-Steel,W-39,560078,KSPDB-SD07-D-0019-1373
P-001374,12.971203,77.5937,F-07-01,D-0019,26,P-001370,LT-9m-PCC,W-59,560078,KSPDB-SD07-D-0019-1374
P-001375,12.97113,77.593525,F-07-01,D-0019,29,P-001372,LT-9m-PCC,W-96,560078,KSPDB-SD07-D-0019-1375
P-001376,12.971286,77.593571,F-07-01,D-0019,28,P-001371,LT-8m-PCC,W-24,560078,KSPDB-SD07-D-0019-1376
P-001377,12.971125,77.593663,F-07-01,D-0019,27,P-001374,LT-9m-PCC,W-98,560078,KSPDB-SD07-D-0019-1377
P-001378,12.971261,77.593641,F-07-01,D-0019,28,P-001377,LT-8m-PCC,W-34,560078,KSPDB-SD07-D-0019-1378
P-001379,12.970964,77.593711,F-07-01,D-0019,30,P-001375,LT-8m-Steel,W-25,560078,KSPDB-SD07-D-0019-1379
P-001380,12.971077,77.593726,F-07-01,D-0019,29,P-001378,LT-8m-PCC,W-45,560078,KSPDB-SD07-D-0019-1380
P-001381,12.971031,77.593641,F-07-01,D-0019,30,P-001380,LT-8m-PCC,W-19,560078,
P-001382,12.971299,77.593482,F-07-01,D-0019,28,P-001377,LT-8m-PCC,W-58,560078,KSPDB-SD07-D-0019-1382
P-001383,12.971349,77.593708,F-07-01,D-0019,29,P-001378,LT-9m-PCC,W-70,560078,KSPDB-SD07-D-0019-1383
P-001384,12.971485,77.593387,F-07-01,D-0019,29,P-001382,LT-8m-Steel,W-47,,KSPDB-SD07-D-0019-1384
P-001385,12.971317,77.59363,F-07-01,D-0019,29,P-001382,LT-9m-PCC,W-63,560078,
P-001386,12.97126,77.593605,F-07-01,D-0019,29,P-001382,LT-9m-PCC,W-53,560078,KSPDB-SD07-D-0019-1386
P-001387,12.971407,77.593595,F-07-01,D-0019,30,P-001383,LT-9m-PCC,W-65,560078,KSPDB-SD07-D-0019-1387
P-001388,12.971611,77.593291,F-07-01,D-0019,30,P-001384,LT-8m-PCC,W-25,560078,
P-001389,12.971447,77.593457,F-07-01,D-0019,30,P-001384,LT-8m-Steel,W-50,560078,KSPDB-SD07-D-0019-1389
P-001390,12.971307,77.59364,F-07-01,D-0019,31,P-001387,LT-8m-Steel,W-41,560078,KSPDB-SD07-D-0019-1390
P-001391,12.969057,77.582109,F-07-01,D-0020,1,,LT-9m-PCC,W-34,560078,KSPDB-SD07-D-0020-1391
P-001392,12.968879,77.582083,F-07-01,D-0020,2,P-001391,LT-8m-Steel,W-74,560078,KSPDB-SD07-D-0020-1392
P-001393,12.968845,77.582021,F-07-01,D-0020,3,P-001392,LT-8m-Steel,W-48,560078,KSPDB-SD07-D-0020-1393
P-001394,12.968988,77.581846,F-07-01,D-0020,4,P-001393,LT-8m-PCC,W-66,560078,KSPDB-SD07-D-0020-1394
P-001395,12.968902,77.582073,F-07-01,D-0020,3,P-001392,LT-8m-Steel,W-84,560078,KSPDB-SD07-D-0020-1395
P-001396,12.968709,77.582224,F-07-01,D-0020,4,P-001395,LT-9m-PCC,W-94,560078,KSPDB-SD07-D-0020-1396
P-001397,12.96883,77.582121,F-07-01,D-0020,4,P-001395,LT-8m-Steel,W-95,560078,KSPDB-SD07-D-0020-1397
P-001398,12.968758,77.581983,F-07-01,D-0020,4,P-001395,LT-8m-Steel,W-20,560078,KSPDB-SD07-D-0020-1398
P-001399,12.968819,77.581969,F-07-01,D-0020,5,P-001394,LT-8m-PCC,W-81,560078,KSPDB-SD07-D-0020-1399
P-001400,12.969087,77.582054,F-07-01,D-0020,4,P-001395,LT-8m-PCC,W-49,560078,KSPDB-SD07-D-0020-1400
P-001401,12.969261,77.581902,F-07-01,D-0020,5,P-001400,LT-8m-PCC,W-29,560078,KSPDB-SD07-D-0020-1401
P-001402,12.969271,77.581875,F-07-01,D-0020,5,P-001400,LT-9m-PCC,W-70,560078,KSPDB-SD07-D-0020-1402
P-001403,12.968984,77.582237,F-07-01,D-0020,5,P-001400,LT-9m-PCC,W-48,560078,KSPDB-SD07-D-0020-1403
P-001404,12.968902,77.582161,F-07-01,D-0020,6,P-001399,LT-8m-PCC,W-58,560078,
P-001405,12.969162,77.582028,F-07-01,D-0020,5,P-001400,LT-8m-PCC,W-82,560078,
P-001406,12.969194,77.582051,F-07-01,D-0020,6,P-001405,LT-9m-PCC,W-81,560078,KSPDB-SD07-D-0020-1406
P-001407,12.969116,77.582073,F-07-01,D-0020,6,P-001402,LT-8m-Steel,W-58,560078,KSPDB-SD07-D-0020-1407
P-001408,12.968884,77.58216,F-07-01,D-0020,7,P-001404,LT-8m-Steel,W-61,560078,KSPDB-SD07-D-0020-1408
P-001409,12.968745,77.582214,F-07-01,D-0020,8,P-001408,LT-8m-Steel,W-54,560078,KSPDB-SD07-D-0020-1409
P-001410,12.969184,77.581978,F-07-01,D-0020,6,P-001405,LT-8m-PCC,W-93,560078,KSPDB-SD07-D-0020-1410
P-001411,12.969257,77.581933,F-07-01,D-0020,7,P-001410,LT-9m-PCC,W-43,560078,KSPDB-SD07-D-0020-1411
P-001412,12.969029,77.582195,F-07-01,D-0020,8,P-001408,LT-9m-PCC,W-57,560078,KSPDB-SD07-D-0020-1412
P-001413,12.968883,77.582154,F-07-01,D-0020,9,P-001409,LT-9m-PCC,W-82,560078,KSPDB-SD07-D-0020-1413
P-001414,12.969253,77.58196,F-07-01,D-0020,8,P-001411,LT-8m-Steel,W-15,560078,KSPDB-SD07-D-0020-1414
P-001415,12.969369,77.582099,F-07-01,D-0020,7,P-001410,LT-8m-PCC,W-37,560078,KSPDB-SD07-D-0020-1415
P-001416,12.969131,77.581983,F-07-01,D-0020,9,P-001414,LT-8m-Steel,W-68,560078,KSPDB-SD07-D-0020-1416
P-001417,12.969149,77.581872,F-07-01,D-0020,9,P-001414,LT-8m-PCC,W-64,560078,
P-001418,12.968983,77.581991,F-07-01,D-0020,10,P-001416,LT-8m-Steel,W-87,,KSPDB-SD07-D-0020-1418
P-001419,12.969373,77.581959,F-07-01,D-0020,9,P-001414,LT-9m-PCC,W-74,560078,KSPDB-SD07-D-0020-1419
P-001420,12.969182,77.582181,F-07-01,D-0020,8,P-001415,LT-8m-Steel,W-27,560078,KSPDB-SD07-D-0020-1420
P-001421,12.969366,77.582162,F-07-01,D-0020,9,P-001420,LT-9m-PCC,W-47,560078,KSPDB-SD07-D-0020-1421
P-001422,12.968787,77.58186,F-07-01,D-0020,11,P-001418,LT-9m-PCC,W-35,560078,KSPDB-SD07-D-0020-1422
P-001423,12.969382,77.582239,F-07-01,D-0020,10,P-001421,LT-8m-PCC,W-92,560078,KSPDB-SD07-D-0020-1423
P-001424,12.96928,77.582161,F-07-01,D-0020,11,P-001423,LT-8m-Steel,W-47,560078,KSPDB-SD07-D-0020-1424
P-001425,12.968668,77.581661,F-07-01,D-0020,12,P-001422,LT-8m-Steel,W-10,560078,KSPDB-SD07-D-0020-1425
P-001426,12.968848,77.5817,F-07-01,D-0020,12,P-001422,LT-9m-PCC,W-95,560078,KSPDB-SD07-D-0020-1426
P-001427,12.969209,77.58205,F-07-01,D-0020,12,P-001424,LT-8m-Steel,W-14,560078,KSPDB-SD07-D-0020-1427
P-001428,12.969188,77.582288,F-07-01,D-0020,11,P-001423,LT-8m-Steel,W-13,560078,KSPDB-SD07-D-0020-1428
P-001429,12.968806,77.581778,F-07-01,D-0020,13,P-001426,LT-8m-PCC,W-93,560078,KSPDB-SD07-D-0020-1429
P-001430,12.969204,77.581864,F-07-01,D-0020,13,P-001427,LT-8m-Steel,W-91,560078,KSPDB-SD07-D-0020-1430
P-001431,12.968702,77.581815,F-07-01,D-0020,14,P-001429,LT-8m-PCC,W-87,560078,KSPDB-SD07-D-0020-1431
P-001432,12.969181,77.581688,F-07-01,D-0020,14,P-001430,LT-8m-PCC,W-11,560078,KSPDB-SD07-D-0020-1432
P-001433,12.969401,77.582015,F-07-01,D-0020,14,P-001430,LT-9m-PCC,W-52,560078,KSPDB-SD07-D-0020-1433
P-001434,12.968973,77.581633,F-07-01,D-0020,14,P-001429,LT-9m-PCC,W-72,560078,KSPDB-SD07-D-0020-1434
P-001435,12.969387,77.582048,F-07-01,D-0020,14,P-001430,LT-8m-Steel,W-39,560078,KSPDB-SD07-D-0020-1435
P-001436,12.969579,77.581846,F-07-01,D-0020,15,P-001433,LT-9m-PCC,W-13,560078,KSPDB-SD07-D-0020-1436
P-001437,12.969544,77.581844,F-07-01,D-0020,15,P-001433,LT-8m-Steel,W-50,560078,KSPDB-SD07-D-0020-1437
P-001438,12.969707,77.581831,F-07-01,D-0020,16,P-001437,LT-8m-PCC,W-17,560078,KSPDB-SD07-D-0020-1438
P-001439,12.969608,77.582005,F-07-01,D-0020,16,P-001437,LT-8m-PCC,W-27,560078,KSPDB-SD07-D-0020-1439
P-001440,12.969576,77.581861,F-07-01,D-0020,16,P-001436,LT-8m-PCC,W-81,560078,KSPDB-SD07-D-0020-1440
P-001441,12.969507,77.581963,F-07-01,D-0020,17,P-001438,LT-8m-PCC,W-86,560078,KSPDB-SD07-D-0020-1441
P-001442,12.969608,77.581941,F-07-01,D-0020,17,P-001438,LT-8m-Steel,W-34,560078,KSPDB-SD07-D-0020-1442
P-001443,12.969873,77.581852,F-07-01,D-0020,17,P-001438,LT-9m-PCC,W-36,560078,KSPDB-SD07-D-0020-1443
P-001444,12.969615,77.581844,F-07-01,D-0020,17,P-001439,LT-8m-PCC,W-22,560078,KSPDB-SD07-D-0020-1444
P-001445,12.969511,77.581719,F-07-01,D-0020,18,P-001444,LT-8m-Steel,W-17,560078,KSPDB-SD07-D-0020-1445
P-001446,12.969452,77.581952,F-07-01,D-0020,18,P-001442,LT-8m-Steel,W-11,560078,KSPDB-SD07-D-0020-1446
P-001447,12.969483,77.582087,F-07-01,D-0020,18,P-001442,LT-8m-Steel,W-99,560078,KSPDB-SD07-D-0020-1447
P-001448,12.969637,77.581735,F-07-01,D-0020,18,P-001444,LT-8m-PCC,W-90,560078,KSPDB-SD07-D-0020-1448
P-001449,12.969641,77.581907,F-07-01,D-0020,18,P-001444,LT-8m-Steel,W-97,560078,KSPDB-SD07-D-0020-1449
P-001450,12.96963,77.581639,F-07-01,D-0020,19,P-001448,LT-8m-PCC,W-80,560078,KSPDB-SD07-D-0020-1450
P-001451,12.969439,77.582204,F-07-01,D-0020,19,P-001447,LT-8m-PCC,W-52,560078,KSPDB-SD07-D-0020-1451
P-001452,12.96947,77.581805,F-07-01,D-0020,19,P-001449,LT-8m-Steel,W-81,560078,KSPDB-SD07-D-0020-1452
P-001453,12.969686,77.581931,F-07-01,D-0020,19,P-001449,LT-8m-PCC,W-54,560078,KSPDB-SD07-D-0020-1453
P-001454,12.969655,77.582075,F-07-01,D-0020,20,P-001453,LT-9m-PCC,W-25,560078,KSPDB-SD07-D-0020-1454
P-001455,12.969521,77.581646,F-07-01,D-0020,20,P-001450,LT-9m-PCC,W-16,560078,KSPDB-SD07-D-0020-1455
P-001456,12.969298,77.582185,F-07-01,D-0020,20,P-001451,LT-8m-Steel,W-46,560078,KSPDB-SD07-D-0020-1456
P-001457,12.969182,77.582039,F-07-01,D-0020,21,P-001456,LT-8m-PCC,W-79,560078,KSPDB-SD07-D-0020-1457
P-001458,12.969007,77.581859,F-07-01,D-0020,22,P-001457,LT-8m-Steel,W-62,560078,KSPDB-SD07-D-0020-1458
P-001459,12.969105,77.581948,F-07-01,D-0020,22,P-001457,LT-8m-Steel,W-61,560078,KSPDB-SD07-D-0020-1459
P-001460,12.969256,77.582139,F-07-01,D-0020,23,P-001459,LT-8m-Steel,W-73,560078,KSPDB-SD07-D-0020-1460
P-001461,12.969302,77.582013,F-07-01,D-0020,22,P-001457,LT-8m-PCC,W-23,560078,KSPDB-SD07-D-0020-1461
P-001462,12.969369,77.582014,F-07-01,D-0020,23,P-001461,LT-8m-Steel,W-39,560078,KSPDB-SD07-D-0020-1462
P-001463,12.968861,77.581813,F-07-01,D-0020,23,P-001458,LT-8m-PCC,W-53,560078,KSPDB-SD07-D-0020-1463
P-001464,12.969422,77.582187,F-07-01,D-0020,24,P-001460,LT-9m-PCC,W-13,560078,KSPDB-SD07-D-0020-1464
P-001465,12.968735,77.581841,F-07-01,D-0020,24,P-001463,LT-8m-Steel,W-50,560078,KSPDB-SD07-D-0020-1465
P-001466,12.969353,77.581947,F-07-01,D-0020,23,P-001461,LT-8m-Steel,W-98,560078,KSPDB-SD07-D-0020-1466
P-001467,12.96949,77.582005,F-07-01,D-0020,24,P-001466,LT-8m-Steel,W-29,560078,
P-001468,12.96953,77.582005,F-07-01,D-0020,25,P-001464,LT-9m-PCC,W-92,560078,KSPDB-SD07-D-0020-1468
P-001469,12.969581,77.581891,F-07-01,D-0020,26,P-001468,LT-9m-PCC,W-75,560078,KSPDB-SD07-D-0020-1469
P-001470,12.969552,77.581894,F-07-01,D-0020,24,P-001466,LT-9m-PCC,W-25,560078,KSPDB-SD07-D-0020-1470
P-001471,12.969614,77.582061,F-07-01,D-0020,25,P-001470,LT-8m-Steel,W-85,560078,KSPDB-SD07-D-0020-1471
P-001472,12.969646,77.58205,F-07-01,D-0020,26,P-001468,LT-8m-Steel,W-54,560078,KSPDB-SD07-D-0020-1472
P-001473,12.969633,77.581989,F-07-01,D-0020,26,P-001468,LT-9m-PCC,W-52,560078,KSPDB-SD07-D-0020-1473
P-001474,12.969493,77.582066,F-07-01,D-0020,26,P-001471,LT-9m-PCC,W-77,560078,KSPDB-SD07-D-0020-1474
P-001475,12.96952,77.582165,F-07-01,D-0020,27,P-001474,LT-8m-PCC,W-97,560078,KSPDB-SD07-D-0020-1475
P-001476,12.969627,77.582038,F-07-01,D-0020,27,P-001474,LT-8m-Steel,W-53,560078,
P-001477,12.969705,77.582013,F-07-01,D-0020,27,P-001473,LT-9m-PCC,W-33,560078,KSPDB-SD07-D-0020-1477
P-001478,12.969671,77.582033,F-07-01,D-0020,28,P-001475,LT-9m-PCC,W-59,560078,KSPDB-SD07-D-0020-1478
P-001479,12.970387,77.602751,F-07-01,D-0021,1,,LT-8m-PCC,W-48,560078,KSPDB-SD07-D-0021-1479
P-001480,12.970334,77.602869,F-07-01,D-0021,2,P-001479,LT-8m-PCC,W-74,560078,KSPDB-SD07-D-0021-1480
P-001481,12.970277,77.602711,F-07-01,D-0021,2,P-001479,LT-8m-PCC,W-71,560078,KSPDB-SD07-D-0021-1481
P-001482,12.970487,77.602741,F-07-01,D-0021,3,P-001480,LT-8m-PCC,W-54,560078,KSPDB-SD07-D-0021-1482
P-001483,12.970107,77.602747,F-07-01,D-0021,3,P-001481,LT-8m-PCC,W-90,560078,KSPDB-SD07-D-0021-1483
P-001484,12.970428,77.602728,F-07-01,D-0021,2,P-001479,LT-9m-PCC,W-24,560078,KSPDB-SD07-D-0021-1484
P-001485,12.970048,77.602577,F-07-01,D-0021,4,P-001483,LT-8m-Steel,W-66,560078,
P-001486,12.970345,77.602561,F-07-01,D-0021,4,P-001482,LT-8m-PCC,W-25,560078,KSPDB-SD07-D-0021-1486
P-001487,12.97025,77.602643,F-07-01,D-0021,3,P-001484,LT-8m-Steel,W-69,560078,KSPDB-SD07-D-0021-1487
P-001488,12.970105,77.602597,F-07-01,D-0021,4,P-001487,LT-9m-PCC,W-63,560078,KSPDB-SD07-D-0021-1488
P-001489,12.970319,77.602564,F-07-01,D-0021,5,P-001486,LT-8m-Steel,W-12,560078,KSPDB-SD07-D-0021-1489
P-001490,12.970167,77.60243,F-07-01,D-0021,6,P-001489,LT-8m-PCC,W-14,560078,KSPDB-SD07-D-0021-1490
P-001491,12.970077,77.602695,F-07-01,D-0021,4,P-001487,LT-8m-Steel,W-45,560078,KSPDB-SD07-D-0021-1491
P-001492,12.970494,77.60249,F-07-01,D-0021,6,P-001489,LT-8m-PCC,W-40,560078,KSPDB-SD07-D-0021-1492
P-001493,12.970173,77.602554,F-07-01,D-0021,5,P-001488,LT-8m-Steel,W-93,560078,KSPDB-SD07-D-0021-1493
P-001494,12.970049,77.602787,F-07-01,D-0021,5,P-001491,LT-8m-PCC,W-63,560078,KSPDB-SD07-D-0021-1494
P-001495,12.97032,77.602515,F-07-01,D-0021,7,P-001492,LT-8m-PCC,W-84,560078,KSPDB-SD07-D-0021-1495
P-001496,12.970415,77.602487,F-07-01,D-0021,7,P-001492,LT-9m-PCC,W-86,560078,KSPDB-SD07-D-0021-1496
P-001497,12.969879,77.602987,F-07-01,D-0021,6,P-001494,LT-8m-PCC,W-96,560078,KSPDB-SD07-D-0021-1497
P-001498,12.970304,77.602624,F-07-01,D-0021,8,P-001496,LT-8m-Steel,W-22,560078,KSPDB-SD07-D-0021-1498
P-001499,12.970344,77.602562,F-07-01,D-0021,9,P-001498,LT-9m-PCC,W-99,560078,KSPDB-SD07-D-0021-1499
P-001500,12.970243,77.602344,F-07-01,D-0021,8,P-001496,LT-9m-PCC,W-90,560078,KSPDB-SD07-D-0021-1500
P-001501,12.970245,77.602659,F-07-01,D-0021,9,P-001498,LT-8m-PCC,W-47,560078,KSPDB-SD07-D-0021-1501
P-001502,12.969911,77.603048,F-07-01,D-0021,7,P-001497,LT-8m-Steel,W-31,560078,KSPDB-SD07-D-0021-1502
P-001503,12.970174,77.602562,F-07-01,D-0021,9,P-001498,LT-9m-PCC,W-68,560078,KSPDB-SD07-D-0021-1503
P-001504,12.970189,77.602752,F-07-01,D-0021,10,P-001503,LT-8m-PCC,W-17,560078,KSPDB-SD07-D-0021-1504
P-001505,12.970393,77.602496,F-07-01,D-0021,10,P-001501,LT-8m-PCC,W-83,560078,
P-001506,12.970217,77.602576,F-07-01,D-0021,10,P-001501,LT-8m-Steel,W-54,560078,KSPDB-SD07-D-0021-1506
P-001507,12.970282,77.602346,F-07-01,D-0021,11,P-001505,LT-8m-PCC,W-72,560078,KSPDB-SD07-D-0021-1507
P-001508,12.970112,77.602373,F-07-01,D-0021,10,P-001503,LT-8m-Steel,W-36,560078,
P-001509,12.970405,77.60244,F-07-01,D-0021,11,P-001505,LT-8m-PCC,W-59,560078,KSPDB-SD07-D-0021-1509
P-001510,12.9701,77.602365,F-07-01,D-0021,12,P-001507,LT-8m-PCC,W-72,560078,
P-001511,12.970516,77.602318,F-07-01,D-0021,12,P-001509,LT-8m-Steel,W-26,560078,KSPDB-SD07-D-0021-1511
P-001512,12.970047,77.602509,F-07-01,D-0021,13,P-001510,LT-8m-Steel,W-20,560078,KSPDB-SD07-D-0021-1512
P-001513,12.97013,77.602463,F-07-01,D-0021,11,P-001508,LT-8m-Steel,W-99,560078,KSPDB-SD07-D-0021-1513
P-001514,12.970002,77.602531,F-07-01,D-0021,13,P-001510,LT-8m-Steel,W-80,560078,KSPDB-SD07-D-0021-1514
P-001515,12.970159,77.60251,F-07-01,D-0021,14,P-001512,LT-9m-PCC,W-43,560078,KSPDB-SD07-D-0021-1515
P-001516,12.969866,77.602478,F-07-01,D-0021,14,P-001514,LT-8m-PCC,W-64,,KSPDB-SD07-D-0021-1516
P-001517,12.970153,77.602603,F-07-01,D-0021,14,P-001512,LT-8m-PCC,W-46,560078,KSPDB-SD07-D-0021-1517
P-001518,12.970111,77.60261,F-07-01,D-0021,12,P-001513,LT-8m-PCC,W-50,560078,KSPDB-SD07-D-0021-1518
P-001519,12.970118,77.602568,F-07-01,D-0021,14,P-001514,LT-8m-PCC,W-92,560078,KSPDB-SD07-D-0021-1519
P-001520,12.970301,77.60248,F-07-01,D-0021,15,P-001515,LT-8m-PCC,W-98,560078,KSPDB-SD07-D-0021-1520
P-001521,12.969995,77.602625,F-07-01,D-0021,15,P-001519,LT-8m-Steel,W-45,560078,KSPDB-SD07-D-0021-1521
P-001522,12.970386,77.602402,F-07-01,D-0021,16,P-001520,LT-9m-PCC,W-11,560078,KSPDB-SD07-D-0021-1522
P-001523,12.970225,77.602447,F-07-01,D-0021,16,P-001520,LT-8m-PCC,W-42,560078,KSPDB-SD07-D-0021-1523
P-001524,12.969921,77.602574,F-07-01,D-0021,16,P-001521,LT-8m-PCC,W-20,560078,KSPDB-SD07-D-0021-1524
P-001525,12.97623,77.582481,F-07-04,D-0022,1,,LT-9m-PCC,W-12,560078,KSPDB-SD07-D-0022-1525
P-001526,12.976142,77.582641,F-07-04,D-0022,2,P-001525,LT-8m-PCC,W-25,560078,KSPDB-SD07-D-0022-1526
P-001527,12.976048,77.582476,F-07-04,D-0022,2,P-001525,LT-9m-PCC,W-53,560078,KSPDB-SD07-D-0022-1527
P-001528,12.975972,77.582338,F-07-04,D-0022,3,P-001527,LT-8m-PCC,W-11,560078,
P-001529,12.976226,77.582612,F-07-04,D-0022,2,P-001525,LT-9m-PCC,W-64,560078,KSPDB-SD07-D-0022-1529
P-001530,12.976363,77.582521,F-07-04,D-0022,2,P-001525,LT-9m-PCC,W-20,560078,KSPDB-SD07-D-0022-1530
P-001531,12.976163,77.582543,F-07-04,D-0022,3,P-001527,LT-9m-PCC,W-41,560078,KSPDB-SD07-D-0022-1531
P-001532,12.97618,77.582567,F-07-04,D-0022,3,P-001530,LT-8m-PCC,W-30,560078,KSPDB-SD07-D-0022-1532
P-001533,12.976137,77.582466,F-07-04,D-0022,4,P-001531,LT-8m-Steel,W-92,560078,KSPDB-SD07-D-0022-1533
P-001534,12.976247,77.582519,F-07-04,D-0022,3,P-001530,LT-8m-Steel,W-14,,
P-001535,12.976426,77.582359,F-07-04,D-0022,4,P-001534,LT-8m-PCC,W-93,560078,KSPDB-SD07-D-0022-1535
P-001536,12.976101,77.582393,F-07-04,D-0022,4,P-001531,LT-8m-Steel,W-85,560078,KSPDB-SD07-D-0022-1536
P-001537,12.976147,77.582578,F-07-04,D-0022,4,P-001532,LT-8m-Steel,W-48,560078,KSPDB-SD07-D-0022-1537
P-001538,12.976228,77.582244,F-07-04,D-0022,5,P-001536,LT-8m-PCC,W-71,560078,KSPDB-SD07-D-0022-1538
P-001539,12.976239,77.58236,F-07-04,D-0022,4,P-001534,LT-8m-PCC,W-43,560078,
P-001540,12.976061,77.582397,F-07-04,D-0022,5,P-001536,LT-9m-PCC,W-47,560078,KSPDB-SD07-D-0022-1540
P-001541,12.976178,77.582159,F-07-04,D-0022,6,P-001538,LT-9m-PCC,W-24,560078,KSPDB-SD07-D-0022-1541
P-001542,12.976182,77.582577,F-07-04,D-0022,5,P-001537,LT-8m-PCC,W-65,560078,KSPDB-SD07-D-0022-1542
P-001543,12.976214,77.582334,F-07-04,D-0022,7,P-001541,LT-9m-PCC,W-27,560078,KSPDB-SD07-D-0022-1543
P-001544,12.97637,77.582316,F-07-04,D-0022,8,P-001543,LT-8m-PCC,W-32,560078,KSPDB-SD07-D-0022-1544
P-001545,12.976116,77.582772,F-07-04,D-0022,6,P-001542,LT-9m-PCC,W-57,560078,KSPDB-SD07-D-0022-1545
P-001546,12.976063,77.582803,F-07-04,D-0022,7,P-001545,LT-8m-PCC,W-65,560078,
P-001547,12.976264,77.582492,F-07-04,D-0022,6,P-001542,LT-9m-PCC,W-12,560078,KSPDB-SD07-D-0022-1547
P-001548,12.976326,77.582192,F-07-04,D-0022,9,P-001544,LT-8m-Steel,W-20,560078,KSPDB-SD07-D-0022-1548
P-001549,12.975873,77.582686,F-07-04,D-0022,8,P-001546,LT-9m-PCC,W-39,560078,KSPDB-SD07-D-0022-1549
P-001550,12.975931,77.582973,F-07-04,D-0022,8,P-001546,LT-8m-Steel,W-28,560078,KSPDB-SD07-D-0022-1550
P-001551,12.975986,77.582619,F-07-04,D-0022,9,P-001549,LT-8m-PCC,W-70,560078,KSPDB-SD07-D-0022-1551
P-001552,12.976362,77.582322,F-07-04,D-0022,10,P-001548,LT-9m-PCC,W-36,560078,KSPDB-SD07-D-0022-1552
P-001553,12.97579,77.582744,F-07-04,D-0022,10,P-001551,LT-9m-PCC,W-36,560078,KSPDB-SD07-D-0022-1553
P-001554,12.975955,77.582927,F-07-04,D-0022,9,P-001550,LT-9m-PCC,W-48,560078,KSPDB-SD07-D-0022-1554
P-001555,12.976089,77.583118,F-07-04,D-0022,10,P-001554,LT-9m-PCC,W-45,560078,
P-001556,12.975816,77.582818,F-07-04,D-0022,10,P-001551,LT-8m-PCC,W-94,560078,KSPDB-SD07-D-0022-1556
P-001557,12.975753,77.582672,F-07-04,D-0022,11,P-001553,LT-8m-Steel,W-13,560078,KSPDB-SD07-D-0022-1557
P-001558,12.975871,77.582637,F-07-04,D-0022,12,P-001557,LT-8m-PCC,W-30,560078,KSPDB-SD07-D-0022-1558
P-001559,12.975918,77.582778,F-07-04,D-0022,10,P-001554,LT-9m-PCC,W-56,560078,
P-001560,12.97589,77.58267,F-07-04,D-0022,11,P-001556,LT-8m-Steel,W-46,560078,KSPDB-SD07-D-0022-1560
P-001561,12.975769,77.58265,F-07-04,D-0022,12,P-001560,LT-8m-PCC,W-11,560078,KSPDB-SD07-D-0022-1561
P-001562,12.976034,77.582548,F-07-04,D-0022,13,P-001558,LT-8m-PCC,W-97,560078,KSPDB-SD07-D-0022-1562
P-001563,12.975982,77.582848,F-07-04,D-0022,12,P-001560,LT-8m-Steel,W-22,560078,KSPDB-SD07-D-0022-1563
P-001564,12.97598,77.582718,F-07-04,D-0022,12,P-001560,LT-8m-Steel,W-99,560078,KSPDB-SD07-D-0022-1564
P-001565,12.976155,77.582388,F-07-04,D-0022,14,P-001562,LT-8m-PCC,W-84,560078,KSPDB-SD07-D-0022-1565
P-001566,12.9759,77.582569,F-07-04,D-0022,13,P-001561,LT-9m-PCC,W-47,560078,
P-001567,12.976065,77.582368,F-07-04,D-0022,15,P-001565,LT-8m-PCC,W-23,560078,KSPDB-SD07-D-0022-1567
P-001568,12.97594,77.582783,F-07-04,D-0022,13,P-001564,LT-8m-Steel,W-10,560078,KSPDB-SD07-D-0022-1568
P-001569,12.976116,77.582605,F-07-04,D-0022,13,P-001564,LT-9m-PCC,W-58,560078,KSPDB-SD07-D-0022-1569
P-001570,12.975912,77.582927,F-07-04,D-0022,14,P-001568,LT-9m-PCC,W-17,560078,KSPDB-SD07-D-0022-1570
P-001571,12.975954,77.583108,F-07-04,D-0022,15,P-001570,LT-8m-Steel,W-64,560078,KSPDB-SD07-D-0022-1571
P-001572,12.976109,77.583076,F-07-04,D-0022,16,P-001571,LT-8m-PCC,W-64,560078,KSPDB-SD07-D-0022-1572
P-001573,12.976054,77.58258,F-07-04,D-0022,14,P-001569,LT-8m-Steel,W-70,560078,KSPDB-SD07-D-0022-1573
P-001574,12.975825,77.583216,F-07-04,D-0022,16,P-001571,LT-9m-PCC,W-58,560078,KSPDB-SD07-D-0022-1574
P-001575,12.97622,77.583269,F-07-04,D-0022,17,P-001572,LT-9m-PCC,W-16,560078,KSPDB-SD07-D-0022-1575
P-001576,12.976217,77.582415,F-07-04,D-0022,15,P-001573,LT-8m-PCC,W-44,560078,KSPDB-SD07-D-0022-1576
P-001577,12.975993,77.583284,F-07-04,D-0022,17,P-001574,LT-8m-PCC,W-51,560078,
P-001578,12.975917,77.583162,F-07-04,D-0022,18,P-001577,LT-8m-Steel,W-59,560078,KSPDB-SD07-D-0022-1578
P-001579,12.976051,77.583115,F-07-04,D-0022,19,P-001578,LT-9m-PCC,W-32,560078,KSPDB-SD07-D-0022-1579
P-001580,12.976103,77.583238,F-07-04,D-0022,20,P-001579,LT-8m-Steel,W-55,560078,KSPDB-SD07-D-0022-1580
P-001581,12.976075,77.583042,F-07-04,D-0022,19,P-001578,LT-8m-PCC,W-67,560078,KSPDB-SD07-D-0022-1581
P-001582,12.975836,77.583357,F-07-04,D-0022,19,P-001578,LT-8m-PCC,W-87,560078,KSPDB-SD07-D-0022-1582
P-001583,12.975677,77.583213,F-07-04,D-0022,20,P-001582,LT-9m-PCC,W-42,560078,KSPDB-SD07-D-0022-1583
P-001584,12.97629,77.583375,F-07-04,D-0022,21,P-001580,LT-8m-PCC,W-10,560078,KSPDB-SD07-D-0022-1584
P-001585,12.975819,77.5831,F-07-04,D-0022,21,P-001583,LT-8m-PCC,W-91,560078,KSPDB-SD07-D-0022-1585
P-001586,12.975903,77.583266,F-07-04,D-0022,22,P-001585,LT-8m-Steel,W-23,,KSPDB-SD07-D-0022-1586
P-001587,12.975617,77.58324,F-07-04,D-0022,21,P-001583,LT-8m-Steel,W-96,560078,KSPDB-SD07-D-0022-1587
P-001588,12.975768,77.583051,F-07-04,D-0022,21,P-001583,LT-9m-PCC,W-76,560078,KSPDB-SD07-D-0022-1588
P-001589,12.975792,77.583346,F-07-04,D-0022,23,P-001586,LT-8m-Steel,W-55,560078,KSPDB-SD07-D-0022-1589
P-001590,12.975885,77.582895,F-07-04,D-0022,22,P-001588,LT-8m-Steel,W-20,560078,KSPDB-SD07-D-0022-1590
P-001591,12.975726,77.583401,F-07-04,D-0022,22,P-001587,LT-8m-Steel,W-97,560078,KSPDB-SD07-D-0022-1591
P-001592,12.975511,77.583324,F-07-04,D-0022,22,P-001587,LT-8m-PCC,W-35,560078,KSPDB-SD07-D-0022-1592
P-001593,12.975786,77.583059,F-07-04,D-0022,23,P-001590,LT-9m-PCC,W-90,560078,KSPDB-SD07-D-0022-1593
P-001594,12.9658,77.581551,F-07-01,D-0023,1,,LT-9m-PCC,W-92,560078,KSPDB-SD07-D-0023-1594
P-001595,12.96579,77.581712,F-07-01,D-0023,2,P-001594,LT-9m-PCC,W-35,560078,KSPDB-SD07-D-0023-1595
P-001596,12.965839,77.581387,F-07-01,D-0023,2,P-001594,LT-8m-PCC,W-46,560078,KSPDB-SD07-D-0023-1596
P-001597,12.965869,77.58185,F-07-01,D-0023,3,P-001595,LT-9m-PCC,W-89,560078,KSPDB-SD07-D-0023-1597
P-001598,12.965859,77.581979,F-07-01,D-0023,4,P-001597,LT-8m-Steel,W-19,560078,KSPDB-SD07-D-0023-1598
P-001599,12.966034,77.581805,F-07-01,D-0023,4,P-001597,LT-8m-Steel,W-31,560078,KSPDB-SD07-D-0023-1599
P-001600,12.965774,77.581903,F-07-01,D-0023,4,P-001597,LT-9m-PCC,W-41,560078,KSPDB-SD07-D-0023-1600
P-001601,12.966015,77.581383,F-07-01,D-0023,3,P-001596,LT-9m-PCC,W-84,560078,KSPDB-SD07-D-0023-1601
P-001602,12.965829,77.581565,F-07-01,D-0023,4,P-001601,LT-9m-PCC,W-46,560078,KSPDB-SD07-D-0023-1602
P-001603,12.96621,77.581619,F-07-01,D-0023,5,P-001599,LT-8m-PCC,W-11,560078,KSPDB-SD07-D-0023-1603
P-001604,12.965938,77.581476,F-07-01,D-0023,5,P-001602,LT-8m-Steel,W-40,560078,KSPDB-SD07-D-0023-1604
P-001605,12.965906,77.581751,F-07-01,D-0023,5,P-001600,LT-8m-Steel,W-46,560078,KSPDB-SD07-D-0023-1605
P-001606,12.966009,77.58157,F-07-01,D-0023,4,P-001601,LT-9m-PCC,W-83,560078,KSPDB-SD07-D-0023-1606
P-001607,12.965756,77.581641,F-07-01,D-0023,5,P-001602,LT-9m-PCC,W-83,560078,KSPDB-SD07-D-0023-1607
P-001608,12.965664,77.581665,F-07-01,D-0023,6,P-001607,LT-8m-PCC,W-39,560078,KSPDB-SD07-D-0023-1608
P-001609,12.965955,77.581514,F-07-01,D-0023,5,P-001606,LT-8m-Steel,W-82,560078,KSPDB-SD07-D-0023-1609
P-001610,12.966104,77.581486,F-07-01,D-0023,6,P-001609,LT-8m-Steel,W-51,560078,KSPDB-SD07-D-0023-1610
P-001611,12.965838,77.581613,F-07-01,D-0023,6,P-001609,LT-8m-PCC,W-46,560078,KSPDB-SD07-D-0023-1611
P-001612,12.9656,77.581825,F-07-01,D-0023,7,P-001608,LT-9m-PCC,W-87,,KSPDB-SD07-D-0023-1612
P-001613,12.965787,77.581717,F-07-01,D-0023,8,P-001612,LT-8m-Steel,W-98,560078,KSPDB-SD07-D-0023-1613
P-001614,12.965995,77.581492,F-07-01,D-0023,7,P-001611,LT-8m-Steel,W-24,560078,KSPDB-SD07-D-0023-1614
P-001615,12.965972,77.581762,F-07-01,D-0023,9,P-001613,LT-9m-PCC,W-81,560078,KSPDB-SD07-D-0023-1615
P-001616,12.965507,77.581864,F-07-01,D-0023,8,P-001612,LT-9m-PCC,W-19,560078,KSPDB-SD07-D-0023-1616
P-001617,12.965365,77.581979,F-07-01,D-0023,9,P-001616,LT-8m-PCC,W-36,560078,KSPDB-SD07-D-0023-1617
P-001618,12.965558,77.581782,F-07-01,D-0023,9,P-001616,LT-8m-Steel,W-44,560078,KSPDB-SD07-D-0023-1618
P-001619,12.965372,77.581694,F-07-01,D-0023,9,P-001616,LT-9m-PCC,W-41,560078,KSPDB-SD07-D-0023-1619
P-001620,12.965707,77.581902,F-07-01,D-0023,10,P-001618,LT-8m-Steel,W-64,560078,
P-001621,12.965578,77.581673,F-07-01,D-0023,9,P-001616,LT-9m-PCC,W-94,560078,KSPDB-SD07-D-0023-1621
P-001622,12.965292,77.581792,F-07-01,D-0023,10,P-001619,LT-8m-PCC,W-89,560078,KSPDB-SD07-D-0023-1622
P-001623,12.965636,77.581796,F-07-01,D-0023,10,P-001618,LT-8m-Steel,W-46,,KSPDB-SD07-D-0023-1623
P-001624,12.965646,77.581733,F-07-01,D-0023,10,P-001621,LT-8m-PCC,W-59,560078,KSPDB-SD07-D-0023-1624
P-001625,12.965511,77.58148,F-07-01,D-0023,10,P-001621,LT-8m-Steel,W-13,560078,KSPDB-SD07-D-0023-1625
P-001626,12.965618,77.581729,F-07-01,D-0023,10,P-001621,LT-8m-Steel,W-68,560078,
P-001627,12.965707,77.581908,F-07-01,D-0023,11,P-001623,LT-9m-PCC,W-73,560078,KSPDB-SD07-D-0023-1627
P-001628,12.965456,77.581737,F-07-01,D-0023,11,P-001623,LT-8m-Steel,W-59,560078,KSPDB-SD07-D-0023-1628
P-001629,12.965627,77.581931,F-07-01,D-0023,11,P-001624,LT-8m-PCC,W-44,560078,KSPDB-SD07-D-0023-1629
P-001630,12.965426,77.581768,F-07-01,D-0023,12,P-001628,LT-9m-PCC,W-73,560078,KSPDB-SD07-D-0023-1630
P-001631,12.96525,77.581966,F-07-01,D-0023,13,P-001630,LT-8m-Steel,W-14,560078,KSPDB-SD07-D-0023-1631
P-001632,12.965635,77.581577,F-07-01,D-0023,12,P-001628,LT-8m-PCC,W-16,560078,KSPDB-SD07-D-0023-1632
P-001633,12.965307,77.581574,F-07-01,D-0023,12,P-001628,LT-8m-PCC,W-51,560078,
P-001634,12.965106,77.581927,F-07-01,D-0023,14,P-001631,LT-9m-PCC,W-77,560078,KSPDB-SD07-D-0023-1634
P-001635,12.965276,77.581967,F-07-01,D-0023,14,P-001631,LT-9m-PCC,W-68,560078,KSPDB-SD07-D-0023-1635
P-001636,12.965358,77.581697,F-07-01,D-0023,13,P-001633,LT-8m-PCC,W-58,560078,KSPDB-SD07-D-0023-1636
P-001637,12.965367,77.581518,F-07-01,D-0023,14,P-001636,LT-8m-Steel,W-70,560078,KSPDB-SD07-D-0023-1637
P-001638,12.965291,77.581537,F-07-01,D-0023,15,P-001637,LT-8m-PCC,W-61,560078,KSPDB-SD07-D-0023-1638
P-001639,12.96542,77.581448,F-07-01,D-0023,16,P-001638,LT-8m-Steel,W-50,560078,KSPDB-SD07-D-0023-1639
P-001640,12.965379,77.581483,F-07-01,D-0023,15,P-001637,LT-8m-Steel,W-26,560078,
P-001641,12.965446,77.581392,F-07-01,D-0023,16,P-001638,LT-9m-PCC,W-67,560078,KSPDB-SD07-D-0023-1641
P-001642,12.965364,77.581503,F-07-01,D-0023,16,P-001638,LT-8m-Steel,W-96,560078,KSPDB-SD07-D-0023-1642
P-001643,12.96542,77.581628,F-07-01,D-0023,17,P-001639,LT-9m-PCC,W-96,560078,KSPDB-SD07-D-0023-1643
P-001644,12.965604,77.581712,F-07-01,D-0023,18,P-001643,LT-9m-PCC,W-64,560078,KSPDB-SD07-D-0023-1644
P-001645,12.965365,77.581814,F-07-01,D-0023,18,P-001643,LT-8m-Steel,W-84,560078,KSPDB-SD07-D-0023-1645
P-001646,12.965236,77.581687,F-07-01,D-0023,18,P-001643,LT-9m-PCC,W-98,560078,
P-001647,12.965536,77.581831,F-07-01,D-0023,19,P-001644,LT-8m-Steel,W-84,,
P-001648,12.965314,77.581745,F-07-01,D-0023,19,P-001645,LT-9m-PCC,W-87,560078,KSPDB-SD07-D-0023-1648
P-001649,12.965271,77.581832,F-07-01,D-0023,19,P-001645,LT-8m-Steel,W-30,560078,KSPDB-SD07-D-0023-1649
P-001650,12.965594,77.581877,F-07-01,D-0023,20,P-001647,LT-8m-PCC,W-77,560078,KSPDB-SD07-D-0023-1650
P-001651,12.965175,77.581865,F-07-01,D-0023,20,P-001649,LT-9m-PCC,W-75,560078,KSPDB-SD07-D-0023-1651
P-001652,12.965469,77.581933,F-07-01,D-0023,21,P-001650,LT-8m-PCC,W-68,560078,KSPDB-SD07-D-0023-1652
P-001653,12.965281,77.581843,F-07-01,D-0023,21,P-001651,LT-9m-PCC,W-92,560078,KSPDB-SD07-D-0023-1653
P-001654,12.965473,77.581888,F-07-01,D-0023,21,P-001650,LT-8m-PCC,W-67,560078,KSPDB-SD07-D-0023-1654
P-001655,12.965191,77.581728,F-07-01,D-0023,22,P-001653,LT-8m-PCC,W-15,560078,
P-001656,12.965254,77.581673,F-07-01,D-0023,23,P-001655,LT-8m-Steel,W-91,560078,KSPDB-SD07-D-0023-1656
P-001657,12.965098,77.581867,F-07-01,D-0023,22,P-001653,LT-8m-Steel,W-18,,KSPDB-SD07-D-0023-1657
P-001658,12.965178,77.581703,F-07-01,D-0023,23,P-001657,LT-8m-PCC,W-37,560078,KSPDB-SD07-D-0023-1658
P-001659,12.965104,77.581581,F-07-01,D-0023,24,P-001656,LT-9m-PCC,W-96,560078,KSPDB-SD07-D-0023-1659
P-001660,12.965126,77.581644,F-07-01,D-0023,25,P-001659,LT-9m-PCC,W-75,560078,KSPDB-SD07-D-0023-1660
P-001661,12.965376,77.581809,F-07-01,D-0023,24,P-001656,LT-8m-PCC,W-38,560078,KSPDB-SD07-D-0023-1661
P-001662,12.965154,77.58165,F-07-01,D-0023,26,P-001660,LT-9m-PCC,W-87,560078,KSPDB-SD07-D-0023-1662
P-001663,12.965154,77.581505,F-07-01,D-0023,25,P-001659,LT-8m-PCC,W-17,560078,KSPDB-SD07-D-0023-1663
P-001664,12.965371,77.581915,F-07-01,D-0023,25,P-001661,LT-8m-PCC,W-11,560078,KSPDB-SD07-D-0023-1664
P-001665,12.965354,77.581837,F-07-01,D-0023,25,P-001661,LT-8m-PCC,W-56,560078,KSPDB-SD07-D-0023-1665
P-001666,12.965501,77.581992,F-07-01,D-0023,26,P-001664,LT-8m-PCC,W-61,560078,KSPDB-SD07-D-0023-1666
P-001667,12.965204,77.581391,F-07-01,D-0023,26,P-001663,LT-8m-PCC,W-22,560078,KSPDB-SD07-D-0023-1667
P-001668,12.965474,77.582139,F-07-01,D-0023,27,P-001666,LT-9m-PCC,W-14,560078,KSPDB-SD07-D-0023-1668
P-001669,12.965246,77.581994,F-07-01,D-0023,26,P-001665,LT-9m-PCC,W-93,560078,
P-001670,12.965165,77.582088,F-07-01,D-0023,27,P-001669,LT-8m-PCC,W-25,560078,KSPDB-SD07-D-0023-1670
P-001671,12.965237,77.582104,F-07-01,D-0023,28,P-001670,LT-8m-PCC,W-70,560078,KSPDB-SD07-D-0023-1671
P-001672,12.965286,77.581988,F-07-01,D-0023,28,P-001668,LT-9m-PCC,W-92,560078,
P-001673,12.965296,77.581834,F-07-01,D-0023,27,P-001669,LT-9m-PCC,W-44,560078,KSPDB-SD07-D-0023-1673
P-001674,12.96543,77.582029,F-07-01,D-0023,29,P-001671,LT-9m-PCC,W-17,,KSPDB-SD07-D-0023-1674
P-001675,12.965288,77.581925,F-07-01,D-0023,28,P-001673,LT-8m-Steel,W-12,560078,KSPDB-SD07-D-0023-1675
P-001676,12.965377,77.582146,F-07-01,D-0023,30,P-001674,LT-8m-Steel,W-58,560078,
P-001677,12.965531,77.582152,F-07-01,D-0023,31,P-001676,LT-8m-Steel,W-69,560078,
P-001678,12.965409,77.582017,F-07-01,D-0023,32,P-001677,LT-8m-Steel,W-98,560078,KSPDB-SD07-D-0023-1678
P-001679,12.965621,77.58225,F-07-01,D-0023,32,P-001677,LT-9m-PCC,W-80,560078,KSPDB-SD07-D-0023-1679
P-001680,12.965524,77.582253,F-07-01,D-0023,32,P-001677,LT-9m-PCC,W-94,560078,KSPDB-SD07-D-0023-1680
P-001681,12.965377,77.581943,F-07-01,D-0023,33,P-001678,LT-9m-PCC,W-25,560078,KSPDB-SD07-D-0023-1681
P-001682,12.96565,77.582277,F-07-01,D-0023,32,P-001677,LT-8m-Steel,W-48,,KSPDB-SD07-D-0023-1682
P-001683,12.965447,77.582376,F-07-01,D-0023,33,P-001679,LT-8m-Steel,W-72,560078,KSPDB-SD07-D-0023-1683
P-001684,12.965271,77.582286,F-07-01,D-0023,34,P-001683,LT-9m-PCC,W-70,560078,
P-001685,12.965691,77.582465,F-07-01,D-0023,33,P-001682,LT-8m-Steel,W-62,560078,KSPDB-SD07-D-0023-1685
P-001686,12.965504,77.582252,F-07-01,D-0023,34,P-001683,LT-8m-Steel,W-72,560078,KSPDB-SD07-D-0023-1686
P-001687,12.974427,77.593417,F-07-02,D-0024,1,,LT-9m-PCC,W-26,560078,KSPDB-SD07-D-0024-1687
P-001688,12.974425,77.593353,F-07-02,D-0024,2,P-001687,LT-9m-PCC,W-51,560078,KSPDB-SD07-D-0024-1688
P-001689,12.974556,77.593312,F-07-02,D-0024,3,P-001688,LT-9m-PCC,W-96,560078,KSPDB-SD07-D-0024-1689
P-001690,12.974419,77.593225,F-07-02,D-0024,3,P-001688,LT-8m-Steel,W-96,560078,KSPDB-SD07-D-0024-1690
P-001691,12.974316,77.593512,F-07-02,D-0024,2,P-001687,LT-8m-Steel,W-18,560078,KSPDB-SD07-D-0024-1691
P-001692,12.974489,77.593397,F-07-02,D-0024,3,P-001691,LT-9m-PCC,W-20,560078,KSPDB-SD07-D-0024-1692
P-001693,12.974557,77.593174,F-07-02,D-0024,3,P-001688,LT-9m-PCC,W-83,560078,KSPDB-SD07-D-0024-1693
P-001694,12.974317,77.593541,F-07-02,D-0024,3,P-001691,LT-8m-PCC,W-41,560078,KSPDB-SD07-D-0024-1694
P-001695,12.974336,77.593354,F-07-02,D-0024,4,P-001694,LT-8m-PCC,W-28,560078,KSPDB-SD07-D-0024-1695
P-001696,12.974468,77.593218,F-07-02,D-0024,4,P-001692,LT-8m-Steel,W-60,560078,KSPDB-SD07-D-0024-1696
P-001697,12.974356,77.593032,F-07-02,D-0024,5,P-001696,LT-9m-PCC,W-39,560078,KSPDB-SD07-D-0024-1697
P-001698,12.974332,77.593282,F-07-02,D-0024,5,P-001696,LT-8m-PCC,W-88,,KSPDB-SD07-D-0024-1698
P-001699,12.974284,77.593166,F-07-02,D-0024,6,P-001698,LT-8m-Steel,W-31,560078,KSPDB-SD07-D-0024-1699
P-001700,12.974443,77.593177,F-07-02,D-0024,6,P-001698,LT-8m-Steel,W-38,560078,KSPDB-SD07-D-0024-1700
P-001701,12.974439,77.593254,F-07-02,D-0024,6,P-001698,LT-8m-Steel,W-56,560078,KSPDB-SD07-D-0024-1701
P-001702,12.974597,77.593257,F-07-02,D-0024,7,P-001700,LT-8m-PCC,W-99,560078,KSPDB-SD07-D-0024-1702
P-001703,12.974312,77.593283,F-07-02,D-0024,7,P-001699,LT-8m-Steel,W-77,560078,KSPDB-SD07-D-0024-1703
P-001704,12.974572,77.593307,F-07-02,D-0024,8,P-001702,LT-9m-PCC,W-71,560078,KSPDB-SD07-D-0024-1704
P-001705,12.974406,77.59312,F-07-02,D-0024,7,P-001701,LT-8m-Steel,W-93,560078,KSPDB-SD07-D-0024-1705
P-001706,12.974601,77.593231,F-07-02,D-0024,9,P-001704,LT-8m-Steel,W-18,560078,KSPDB-SD07-D-0024-1706
P-001707,12.974743,77.593439,F-07-02,D-0024,8,P-001702,LT-9m-PCC,W-10,560078,KSPDB-SD07-D-0024-1707
P-001708,12.974654,77.59343,F-07-02,D-0024,9,P-001704,LT-8m-PCC,W-71,560078,KSPDB-SD07-D-0024-1708
P-001709,12.97429,77.593141,F-07-02,D-0024,8,P-001705,LT-9m-PCC,W-17,560078,KSPDB-SD07-D-0024-1709
P-001710,12.9746,77.593094,F-07-02,D-0024,8,P-001705,LT-9m-PCC,W-74,560078,KSPDB-SD07-D-0024-1710
P-001711,12.974655,77.593445,F-07-02,D-0024,10,P-001708,LT-8m-Steel,W-44,560078,KSPDB-SD07-D-0024-1711
P-001712,12.974632,77.592906,F-07-02,D-0024,9,P-001710,LT-8m-PCC,W-37,560078,
P-001713,12.974792,77.592839,F-07-02,D-0024,10,P-001712,LT-9m-PCC,W-79,560078,KSPDB-SD07-D-0024-1713
P-001714,12.97452,77.593046,F-07-02,D-0024,10,P-001712,LT-8m-Steel,W-66,560078,KSPDB-SD07-D-0024-1714
P-001715,12.97458,77.593,F-07-02,D-0024,11,P-001714,LT-8m-Steel,W-91,560078,KSPDB-SD07-D-0024-1715
P-001716,12.97456,77.593203,F-07-02,D-0024,11,P-001714,LT-9m-PCC,W-46,560078,KSPDB-SD07-D-0024-1716
P-001717,12.97472,77.593043,F-07-02,D-0024,12,P-001715,LT-8m-PCC,W-29,560078,KSPDB-SD07-D-0024-1717
P-001718,12.974384,77.593204,F-07-02,D-0024,11,P-001714,LT-8m-PCC,W-99,560078,
P-001719,12.974568,77.593297,F-07-02,D-0024,12,P-001718,LT-8m-Steel,W-56,560078,KSPDB-SD07-D-0024-1719
P-001720,12.974687,77.593169,F-07-02,D-0024,12,P-001715,LT-8m-PCC,W-48,560078,KSPDB-SD07-D-0024-1720
P-001721,12.974189,77.593341,F-07-02,D-0024,12,P-001718,LT-8m-PCC,W-84,560078,KSPDB-SD07-D-0024-1721
P-001722,12.974767,77.593073,F-07-02,D-0024,13,P-001720,LT-8m-Steel,W-82,,KSPDB-SD07-D-0024-1722
P-001723,12.974313,77.593382,F-07-02,D-0024,13,P-001721,LT-9m-PCC,W-52,560078,KSPDB-SD07-D-0024-1723
P-001724,12.974135,77.593476,F-07-02,D-0024,13,P-001721,LT-9m-PCC,W-52,,KSPDB-SD07-D-0024-1724
P-001725,12.974114,77.593433,F-07-02,D-0024,13,P-001721,LT-8m-PCC,W-59,560078,KSPDB-SD07-D-0024-1725
P-001726,12.974014,77.593557,F-07-02,D-0024,14,P-001724,LT-8m-Steel,W-19,560078,
P-001727,12.973999,77.59332,F-07-02,D-0024,14,P-001725,LT-9m-PCC,W-96,560078,KSPDB-SD07-D-0024-1727
P-001728,12.973944,77.593583,F-07-02,D-0024,14,P-001725,LT-8m-PCC,W-43,560078,KSPDB-SD07-D-0024-1728
P-001729,12.973851,77.59357,F-07-02,D-0024,15,P-001726,LT-8m-Steel,W-40,560078,KSPDB-SD07-D-0024-1729
P-001730,12.974109,77.593416,F-07-02,D-0024,14,P-001725,LT-9m-PCC,W-82,560078,KSPDB-SD07-D-0024-1730
P-001731,12.973868,77.593409,F-07-02,D-0024,15,P-001727,LT-8m-Steel,W-79,,KSPDB-SD07-D-0024-1731
P-001732,12.973687,77.593547,F-07-02,D-0024,16,P-001731,LT-8m-Steel,W-13,560078,KSPDB-SD07-D-0024-1732
P-001733,12.974019,77.593774,F-07-02,D-0024,15,P-001728,LT-8m-Steel,W-96,560078,KSPDB-SD07-D-0024-1733
P-001734,12.973684,77.593676,F-07-02,D-0024,16,P-001729,LT-9m-PCC,W-84,560078,KSPDB-SD07-D-0024-1734
P-001735,12.973627,77.593618,F-07-02,D-0024,17,P-001734,LT-8m-Steel,W-89,560078,KSPDB-SD07-D-0024-1735
P-001736,12.973572,77.593741,F-07-02,D-0024,17,P-001734,LT-8m-Steel,W-40,560078,KSPDB-SD07-D-0024-1736
P-001737,12.973556,77.593483,F-07-02,D-0024,18,P-001735,LT-8m-PCC,W-15,560078,KSPDB-SD07-D-0024-1737
P-001738,12.973713,77.593741,F-07-02,D-0024,18,P-001736,LT-9m-PCC,W-87,560078,KSPDB-SD07-D-0024-1738
P-001739,12.973672,77.593529,F-07-02,D-0024,17,P-001734,LT-8m-Steel,W-37,560078,KSPDB-SD07-D-0024-1739
P-001740,12.973731,77.59358,F-07-02,D-0024,19,P-001737,LT-9m-PCC,W-15,560078,KSPDB-SD07-D-0024-1740
P-001741,12.973659,77.593649,F-07-02,D-0024,18,P-001739,LT-8m-PCC,W-97,560078,KSPDB-SD07-D-0024-1741
P-001742,12.973615,77.593624,F-07-02,D-0024,18,P-001739,LT-8m-Steel,W-82,560078,KSPDB-SD07-D-0024-1742
P-001743,12.973799,77.593707,F-07-02,D-0024,19,P-001742,LT-8m-Steel,W-29,560078,KSPDB-SD07-D-0024-1743
P-001744,12.973624,77.593433,F-07-02,D-0024,18,P-001739,LT-9m-PCC,W-48,560078,KSPDB-SD07-D-0024-1744
P-001745,12.973903,77.593709,F-07-02,D-0024,20,P-001740,LT-9m-PCC,W-64,560078,
P-001746,12.973609,77.593464,F-07-02,D-0024,19,P-001741,LT-8m-PCC,W-83,560078,KSPDB-SD07-D-0024-1746
P-001747,12.973981,77.593687,F-07-02,D-0024,20,P-001743,LT-8m-Steel,W-40,560078,
P-001748,12.97383,77.593561,F-07-02,D-0024,21,P-001747,LT-9m-PCC,W-79,560078,KSPDB-SD07-D-0024-1748
P-001749,12.973921,77.593511,F-07-02,D-0024,21,P-001745,LT-8m-PCC,W-38,560078,KSPDB-SD07-D-0024-1749
P-001750,12.973878,77.593763,F-07-02,D-0024,21,P-001747,LT-8m-PCC,W-94,560078,KSPDB-SD07-D-0024-1750
P-001751,12.973852,77.593462,F-07-02,D-0024,22,P-001748,LT-8m-Steel,W-50,560078,KSPDB-SD07-D-0024-1751
P-001752,12.974017,77.593612,F-07-02,D-0024,21,P-001747,LT-8m-PCC,W-44,560078,KSPDB-SD07-D-0024-1752
P-001753,12.973736,77.593613,F-07-02,D-0024,23,P-001751,LT-9m-PCC,W-72,560078,KSPDB-SD07-D-0024-1753
P-001754,12.973941,77.593303,F-07-02,D-0024,23,P-001751,LT-9m-PCC,W-54,560078,KSPDB-SD07-D-0024-1754
P-001755,12.973643,77.593687,F-07-02,D-0024,24,P-001753,LT-9m-PCC,W-20,560078,
P-001756,12.973743,77.593518,F-07-02,D-0024,25,P-001755,LT-8m-Steel,W-13,560078,KSPDB-SD07-D-0024-1756
P-001757,12.973929,77.593483,F-07-02,D-0024,26,P-001756,LT-9m-PCC,W-40,560078,KSPDB-SD07-D-0024-1757
P-001758,12.973961,77.593666,F-07-02,D-0024,27,P-001757,LT-8m-Steel,W-16,560078,KSPDB-SD07-D-0024-1758
P-001759,12.973897,77.593301,F-07-02,D-0024,27,P-001757,LT-8m-Steel,W-70,560078,KSPDB-SD07-D-0024-1759
P-001760,12.973867,77.593365,F-07-02,D-0024,26,P-001756,LT-9m-PCC,W-81,560078,KSPDB-SD07-D-0024-1760
P-001761,12.973988,77.593803,F-07-02,D-0024,28,P-001758,LT-8m-PCC,W-12,560078,KSPDB-SD07-D-0024-1761
P-001762,12.973903,77.593499,F-07-02,D-0024,27,P-001760,LT-8m-PCC,W-82,560078,KSPDB-SD07-D-0024-1762
P-001763,12.973803,77.593852,F-07-02,D-0024,28,P-001758,LT-8m-PCC,W-71,560078,KSPDB-SD07-D-0024-1763
P-001764,12.97393,77.593266,F-07-02,D-0024,28,P-001759,LT-8m-PCC,W-53,560078,KSPDB-SD07-D-0024-1764
P-001765,12.973951,77.593297,F-07-02,D-0024,27,P-001760,LT-8m-PCC,W-86,560078,KSPDB-SD07-D-0024-1765
P-001766,12.974003,77.593954,F-07-02,D-0024,29,P-001763,LT-8m-Steel,W-57,560078,KSPDB-SD07-D-0024-1766
P-001767,12.973977,77.593532,F-07-02,D-0024,28,P-001762,LT-8m-PCC,W-58,560078,KSPDB-SD07-D-0024-1767
P-001768,12.973925,77.59392,F-07-02,D-0024,29,P-001763,LT-8m-PCC,W-53,560078,KSPDB-SD07-D-0024-1768
P-001769,12.973837,77.593661,F-07-02,D-0024,29,P-001767,LT-9m-PCC,W-37,560078,KSPDB-SD07-D-0024-1769
P-001770,12.973851,77.5941,F-07-02,D-0024,30,P-001768,LT-8m-Steel,W-46,560078,KSPDB-SD07-D-0024-1770
P-001771,12.973762,77.593732,F-07-02,D-0024,30,P-001768,LT-8m-PCC,W-61,560078,KSPDB-SD07-D-0024-1771
P-001772,12.973927,77.593532,F-07-02,D-0024,31,P-001771,LT-8m-Steel,W-88,560078,
P-001773,12.967148,77.575649,F-07-04,D-0025,1,,LT-8m-Steel,W-63,560078,KSPDB-SD07-D-0025-1773
P-001774,12.967067,77.575718,F-07-04,D-0025,2,P-001773,LT-8m-PCC,W-63,560078,KSPDB-SD07-D-0025-1774
P-001775,12.967124,77.575906,F-07-04,D-0025,3,P-001774,LT-9m-PCC,W-96,560078,KSPDB-SD07-D-0025-1775
P-001776,12.967038,77.57553,F-07-04,D-0025,2,P-001773,LT-8m-PCC,W-29,560078,KSPDB-SD07-D-0025-1776
P-001777,12.967257,77.575975,F-07-04,D-0025,4,P-001775,LT-9m-PCC,W-81,560078,KSPDB-SD07-D-0025-1777
P-001778,12.967321,77.575911,F-07-04,D-0025,5,P-001777,LT-8m-Steel,W-33,560078,KSPDB-SD07-D-0025-1778
P-001779,12.967348,77.575859,F-07-04,D-0025,5,P-001777,LT-8m-Steel,W-19,560078,KSPDB-SD07-D-0025-1779
P-001780,12.967051,77.575671,F-07-04,D-0025,3,P-001776,LT-8m-PCC,W-51,560078,KSPDB-SD07-D-0025-1780
P-001781,12.967412,77.575823,F-07-04,D-0025,6,P-001778,LT-8m-PCC,W-69,560078,KSPDB-SD07-D-0025-1781
P-001782,12.967165,77.575739,F-07-04,D-0025,4,P-001780,LT-9m-PCC,W-18,560078,KSPDB-SD07-D-0025-1782
P-001783,12.967397,77.576014,F-07-04,D-0025,6,P-001778,LT-8m-Steel,W-78,560078,KSPDB-SD07-D-0025-1783
P-001784,12.967408,77.575853,F-07-04,D-0025,7,P-001781,LT-9m-PCC,W-24,560078,KSPDB-SD07-D-0025-1784
P-001785,12.967075,77.575645,F-07-04,D-0025,4,P-001780,LT-8m-PCC,W-93,560078,KSPDB-SD07-D-0025-1785
P-001786,12.967113,77.575674,F-07-04,D-0025,5,P-001782,LT-8m-PCC,W-48,560078,KSPDB-SD07-D-0025-1786
P-001787,12.967504,77.575653,F-07-04,D-0025,8,P-001784,LT-8m-PCC,W-14,560078,KSPDB-SD07-D-0025-1787
P-001788,12.967132,77.575455,F-07-04,D-0025,5,P-001785,LT-8m-PCC,W-34,560078,KSPDB-SD07-D-0025-1788
P-001789,12.967284,77.576013,F-07-04,D-0025,8,P-001784,LT-8m-PCC,W-48,560078,KSPDB-SD07-D-0025-1789
P-001790,12.967256,77.576199,F-07-04,D-0025,9,P-001789,LT-9m-PCC,W-47,560078,KSPDB-SD07-D-0025-1790
P-001791,12.967268,77.575478,F-07-04,D-0025,6,P-001786,LT-8m-PCC,W-24,560078,KSPDB-SD07-D-0025-1791
P-001792,12.967384,77.575886,F-07-04,D-0025,9,P-001789,LT-8m-Steel,W-58,,KSPDB-SD07-D-0025-1792
P-001793,12.967395,77.576048,F-07-04,D-0025,10,P-001792,LT-8m-PCC,W-40,560078,KSPDB-SD07-D-0025-1793
P-001794,12.967128,77.57562,F-07-04,D-0025,7,P-001791,LT-9m-PCC,W-25,560078,KSPDB-SD07-D-0025-1794
P-001795,12.967426,77.575745,F-07-04,D-0025,10,P-001792,LT-8m-PCC,W-93,560078,KSPDB-SD07-D-0025-1795
P-001796,12.967258,77.575579,F-07-04,D-0025,11,P-001795,LT-8m-PCC,W-89,560078,KSPDB-SD07-D-0025-1796
P-001797,12.967226,77.575903,F-07-04,D-0025,10,P-001792,LT-8m-Steel,W-99,560078,KSPDB-SD07-D-0025-1797
P-001798,12.967595,77.57587,F-07-04,D-0025,11,P-001793,LT-8m-Steel,W-76,560078,KSPDB-SD07-D-0025-1798
P-001799,12.967085,77.575804,F-07-04,D-0025,8,P-001794,LT-9m-PCC,W-30,560078,KSPDB-SD07-D-0025-1799
P-001800,12.967224,77.575498,F-07-04,D-0025,12,P-001796,LT-8m-Steel,W-18,560078,KSPDB-SD07-D-0025-1800
P-001801,12.96711,77.575769,F-07-04,D-0025,9,P-001799,LT-8m-PCC,W-65,560078,KSPDB-SD07-D-0025-1801
P-001802,12.967146,77.5756,F-07-04,D-0025,10,P-001801,LT-9m-PCC,W-87,560078,KSPDB-SD07-D-0025-1802
P-001803,12.967607,77.575976,F-07-04,D-0025,12,P-001798,LT-8m-Steel,W-63,560078,KSPDB-SD07-D-0025-1803
P-001804,12.967264,77.57556,F-07-04,D-0025,13,P-001800,LT-9m-PCC,W-96,560078,KSPDB-SD07-D-0025-1804
P-001805,12.967401,77.575613,F-07-04,D-0025,14,P-001804,LT-8m-Steel,W-92,560078,KSPDB-SD07-D-0025-1805
P-001806,12.967719,77.576019,F-07-04,D-0025,13,P-001803,LT-9m-PCC,W-37,560078,KSPDB-SD07-D-0025-1806
P-001807,12.96726,77.575464,F-07-04,D-0025,15,P-001805,LT-8m-PCC,W-85,560078,KSPDB-SD07-D-0025-1807
P-001808,12.967205,77.575556,F-07-04,D-0025,14,P-001804,LT-9m-PCC,W-93,560078,KSPDB-SD07-D-0025-1808
P-001809,12.967263,77.575738,F-07-04,D-0025,14,P-001804,LT-8m-Steel,W-55,560078,KSPDB-SD07-D-0025-1809
P-001810,12.967398,77.575616,F-07-04,D-0025,15,P-001808,LT-8m-Steel,W-30,560078,
P-001811,12.967228,77.57569,F-07-04,D-0025,16,P-001810,LT-9m-PCC,W-45,560078,KSPDB-SD07-D-0025-1811
P-001812,12.967354,77.575773,F-07-04,D-0025,17,P-001811,LT-9m-PCC,W-18,560078,KSPDB-SD07-D-0025-1812
P-001813,12.96724,77.575769,F-07-04,D-0025,15,P-001809,LT-9m-PCC,W-63,560078,KSPDB-SD07-D-0025-1813
P-001814,12.96735,77.575688,F-07-04,D-0025,17,P-001811,LT-8m-PCC,W-45,560078,
P-001815,12.967292,77.575884,F-07-04,D-0025,16,P-001813,LT-8m-Steel,W-98,560078,KSPDB-SD07-D-0025-1815
P-001816,12.967317,77.575967,F-07-04,D-0025,18,P-001812,LT-8m-Steel,W-34,560078,KSPDB-SD07-D-0025-1816
P-001817,12.967492,77.575838,F-07-04,D-0025,18,P-001812,LT-9m-PCC,W-11,560078,KSPDB-SD07-D-0025-1817
P-001818,12.951394,77.60278,F-07-02,D-0026,1,,LT-8m-PCC,W-99,560078,KSPDB-SD07-D-0026-1818
P-001819,12.95139,77.602891,F-07-02,D-0026,2,P-001818,LT-8m-PCC,W-21,560078,KSPDB-SD07-D-0026-1819
P-001820,12.951587,77.602694,F-07-02,D-0026,2,P-001818,LT-9m-PCC,W-48,560078,KSPDB-SD07-D-0026-1820
P-001821,12.951459,77.602704,F-07-02,D-0026,3,P-001820,LT-8m-PCC,W-34,560078,KSPDB-SD07-D-0026-1821
P-001822,12.951488,77.602942,F-07-02,D-0026,2,P-001818,LT-9m-PCC,W-37,560078,KSPDB-SD07-D-0026-1822
P-001823,12.951427,77.602741,F-07-02,D-0026,3,P-001819,LT-8m-Steel,W-90,560078,KSPDB-SD07-D-0026-1823
P-001824,12.951429,77.602806,F-07-02,D-0026,3,P-001822,LT-9m-PCC,W-69,560078,KSPDB-SD07-D-0026-1824
P-001825,12.951326,77.602676,F-07-02,D-0026,4,P-001824,LT-8m-PCC,W-14,560078,KSPDB-SD07-D-0026-1825
P-001826,12.951609,77.602889,F-07-02,D-0026,4,P-001824,LT-8m-PCC,W-64,560078,KSPDB-SD07-D-0026-1826
P-001827,12.951585,77.602647,F-07-02,D-0026,4,P-001824,LT-9m-PCC,W-36,560078,KSPDB-SD07-D-0026-1827
P-001828,12.951523,77.60246,F-07-02,D-0026,5,P-001827,LT-9m-PCC,W-75,560078,KSPDB-SD07-D-0026-1828
P-001829,12.951443,77.602596,F-07-02,D-0026,5,P-001825,LT-8m-Steel,W-75,560078,KSPDB-SD07-D-0026-1829
P-001830,12.951733,77.602638,F-07-02,D-0026,5,P-001827,LT-9m-PCC,W-65,560078,KSPDB-SD07-D-0026-1830
P-001831,12.951689,77.602552,F-07-02,D-0026,6,P-001830,LT-8m-Steel,W-13,,KSPDB-SD07-D-0026-1831
P-001832,12.951673,77.602298,F-07-02,D-0026,6,P-001828,LT-9m-PCC,W-10,560078,KSPDB-SD07-D-0026-1832
P-001833,12.951786,77.602258,F-07-02,D-0026,7,P-001832,LT-8m-PCC,W-59,560078,KSPDB-SD07-D-0026-1833
P-001834,12.951804,77.602475,F-07-02,D-0026,7,P-001831,LT-8m-Steel,W-56,560078,KSPDB-SD07-D-0026-1834
P-001835,12.951696,77.602331,F-07-02,D-0026,7,P-001832,LT-8m-Steel,W-28,560078,KSPDB-SD07-D-0026-1835
P-001836,12.951822,77.60213,F-07-02,D-0026,8,P-001833,LT-8m-Steel,W-90,560078,KSPDB-SD07-D-0026-1836
P-001837,12.951725,77.602276,F-07-02,D-0026,8,P-001835,LT-9m-PCC,W-83,560078,KSPDB-SD07-D-0026-1837
P-001838,12.951883,77.60253,F-07-02,D-0026,8,P-001834,LT-8m-Steel,W-20,560078,
P-001839,12.951717,77.602444,F-07-02,D-0026,8,P-001834,LT-8m-Steel,W-28,560078,KSPDB-SD07-D-0026-1839
P-001840,12.951864,77.602266,F-07-02,D-0026,9,P-001839,LT-8m-Steel,W-41,560078,KSPDB-SD07-D-0026-1840
P-001841,12.951672,77.602127,F-07-02,D-0026,9,P-001836,LT-8m-PCC,W-35,560078,KSPDB-SD07-D-0026-1841
P-001842,12.951513,77.601974,F-07-02,D-0026,10,P-001841,LT-8m-Steel,W-21,560078,KSPDB-SD07-D-0026-1842
P-001843,12.951817,77.602408,F-07-02,D-0026,9,P-001839,LT-8m-PCC,W-45,560078,KSPDB-SD07-D-0026-1843
P-001844,12.952024,77.602419,F-07-02,D-0026,10,P-001840,LT-8m-PCC,W-85,560078,KSPDB-SD07-D-0026-1844
P-001845,12.951666,77.602074,F-07-02,D-0026,10,P-001841,LT-9m-PCC,W-43,560078,KSPDB-SD07-D-0026-1845
P-001846,12.951779,77.601993,F-07-02,D-0026,10,P-001841,LT-9m-PCC,W-87,560078,
P-001847,12.951831,77.602044,F-07-02,D-0026,11,P-001845,LT-8m-Steel,W-47,560078,KSPDB-SD07-D-0026-1847
P-001848,12.95176,77.602035,F-07-02,D-0026,12,P-001847,LT-9m-PCC,W-69,560078,KSPDB-SD07-D-0026-1848
P-001849,12.951578,77.602182,F-07-02,D-0026,11,P-001845,LT-9m-PCC,W-96,560078,KSPDB-SD07-D-0026-1849
P-001850,12.951766,77.602058,F-07-02,D-0026,11,P-001845,LT-8m-Steel,W-78,560078,KSPDB-SD07-D-0026-1850
P-001851,12.95177,77.601954,F-07-02,D-0026,12,P-001850,LT-8m-PCC,W-83,560078,
P-001852,12.951757,77.602208,F-07-02,D-0026,12,P-001850,LT-8m-Steel,W-76,560078,KSPDB-SD07-D-0026-1852
P-001853,12.951548,77.602093,F-07-02,D-0026,12,P-001849,LT-8m-Steel,W-81,560078,
P-001854,12.951501,77.602013,F-07-02,D-0026,13,P-001853,LT-8m-Steel,W-93,560078,KSPDB-SD07-D-0026-1854
P-001855,12.951951,77.602105,F-07-02,D-0026,13,P-001851,LT-9m-PCC,W-31,560078,KSPDB-SD07-D-0026-1855
P-001856,12.951574,77.602111,F-07-02,D-0026,14,P-001854,LT-8m-Steel,W-62,560078,KSPDB-SD07-D-0026-1856
P-001857,12.951477,77.601908,F-07-02,D-0026,13,P-001853,LT-8m-Steel,W-63,560078,KSPDB-SD07-D-0026-1857
P-001858,12.95157,77.602061,F-07-02,D-0026,15,P-001856,LT-8m-Steel,W-61,560078,KSPDB-SD07-D-0026-1858
P-001859,12.9517,77.602212,F-07-02,D-0026,14,P-001854,LT-8m-Steel,W-33,560078,KSPDB-SD07-D-0026-1859
P-001860,12.951435,77.601911,F-07-02,D-0026,16,P-001858,LT-8m-PCC,W-17,560078,KSPDB-SD07-D-0026-1860
P-001861,12.951633,77.602115,F-07-02,D-0026,16,P-001858,LT-8m-PCC,W-52,560078,KSPDB-SD07-D-0026-1861
P-001862,12.951572,77.601791,F-07-02,D-0026,14,P-001857,LT-8m-Steel,W-28,560078,KSPDB-SD07-D-0026-1862
P-001863,12.951455,77.602064,F-07-02,D-0026,16,P-001858,LT-9m-PCC,W-29,560078,KSPDB-SD07-D-0026-1863
P-001864,12.951818,77.602244,F-07-02,D-0026,17,P-001861,LT-9m-PCC,W-60,560078,
P-001865,12.951692,77.602169,F-07-02,D-0026,18,P-001864,LT-9m-PCC,W-71,560078,KSPDB-SD07-D-0026-1865
P-001866,12.951784,77.602097,F-07-02,D-0026,19,P-001865,LT-9m-PCC,W-66,560078,KSPDB-SD07-D-0026-1866
P-001867,12.95174,77.602195,F-07-02,D-0026,20,P-001866,LT-8m-Steel,W-53,560078,KSPDB-SD07-D-0026-1867
P-001868,12.951582,77.602086,F-07-02,D-0026,21,P-001867,LT-8m-PCC,W-43,560078,KSPDB-SD07-D-0026-1868
P-001869,12.951493,77.602205,F-07-02,D-0026,19,P-001865,LT-8m-Steel,W-75,560078,KSPDB-SD07-D-0026-1869
P-001870,12.951721,77.602244,F-07-02,D-0026,21,P-001867,LT-8m-Steel,W-88,560078,KSPDB-SD07-D-0026-1870
P-001871,12.95158,77.602211,F-07-02,D-0026,21,P-001867,LT-8m-Steel,W-99,560078,KSPDB-SD07-D-0026-1871
P-001872,12.951765,77.602201,F-07-02,D-0026,22,P-001868,LT-9m-PCC,W-34,560078,KSPDB-SD07-D-0026-1872
P-001873,12.951629,77.60237,F-07-02,D-0026,22,P-001870,LT-9m-PCC,W-65,560078,KSPDB-SD07-D-0026-1873
P-001874,12.951529,77.60209,F-07-02,D-0026,22,P-001870,LT-8m-Steel,W-57,560078,KSPDB-SD07-D-0026-1874
P-001875,12.951701,77.602544,F-07-02,D-0026,23,P-001873,LT-9m-PCC,W-42,560078,KSPDB-SD07-D-0026-1875
P-001876,12.976983,77.578508,F-07-02,D-0027,1,,LT-9m-PCC,W-40,560078,KSPDB-SD07-D-0027-1876
P-001877,12.97703,77.578593,F-07-02,D-0027,2,P-001876,LT-9m-PCC,W-52,560078,KSPDB-SD07-D-0027-1877
P-001878,12.976876,77.578404,F-07-02,D-0027,3,P-001877,LT-8m-Steel,W-53,560078,KSPDB-SD07-D-0027-1878
P-001879,12.976896,77.578476,F-07-02,D-0027,3,P-001877,LT-8m-PCC,W-98,560078,KSPDB-SD07-D-0027-1879
P-001880,12.976744,77.578404,F-07-02,D-0027,4,P-001878,LT-9m-PCC,W-61,560078,KSPDB-SD07-D-0027-1880
P-001881,12.977049,77.578702,F-07-02,D-0027,2,P-001876,LT-9m-PCC,W-59,560078,
P-001882,12.976968,77.578553,F-07-02,D-0027,3,P-001881,LT-8m-Steel,W-67,560078,KSPDB-SD07-D-0027-1882
P-001883,12.976872,77.578253,F-07-02,D-0027,5,P-001880,LT-8m-Steel,W-73,560078,KSPDB-SD07-D-0027-1883
P-001884,12.97678,77.578375,F-07-02,D-0027,6,P-001883,LT-8m-PCC,W-50,560078,KSPDB-SD07-D-0027-1884
P-001885,12.977143,77.578744,F-07-02,D-0027,4,P-001882,LT-8m-Steel,W-40,560078,KSPDB-SD07-D-0027-1885
P-001886,12.976763,77.57832,F-07-02,D-0027,7,P-001884,LT-8m-Steel,W-47,560078,KSPDB-SD07-D-0027-1886
P-001887,12.977173,77.578769,F-07-02,D-0027,5,P-001885,LT-8m-PCC,W-92,560078,KSPDB-SD07-D-0027-1887
P-001888,12.977305,77.578678,F-07-02,D-0027,5,P-001885,LT-8m-Steel,W-44,560078,KSPDB-SD07-D-0027-1888
P-001889,12.977111,77.578681,F-07-02,D-0027,6,P-001887,LT-9m-PCC,W-95,560078,KSPDB-SD07-D-0027-1889
P-001890,12.977107,77.578601,F-07-02,D-0027,6,P-001887,LT-8m-PCC,W-21,,KSPDB-SD07-D-0027-1890
P-001891,12.977024,77.57879,F-07-02,D-0027,7,P-001889,LT-9m-PCC,W-57,560078,KSPDB-SD07-D-0027-1891
P-001892,12.977189,77.578973,F-07-02,D-0027,8,P-001891,LT-8m-PCC,W-84,560078,KSPDB-SD07-D-0027-1892
P-001893,12.977379,77.578721,F-07-02,D-0027,6,P-001888,LT-8m-PCC,W-83,560078,KSPDB-SD07-D-0027-1893
P-001894,12.977122,77.578769,F-07-02,D-0027,7,P-001889,LT-8m-Steel,W-26,560078,KSPDB-SD07-D-0027-1894
P-001895,12.977133,77.578598,F-07-02,D-0027,8,P-001894,LT-8m-PCC,W-55,560078,
P-001896,12.976844,77.578648,F-07-02,D-0027,8,P-001891,LT-8m-PCC,W-30,560078,KSPDB-SD07-D-0027-1896
P-001897,12.976942,77.578677,F-07-02,D-0027,8,P-001894,LT-8m-Steel,W-54,560078,
P-001898,12.977238,77.578445,F-07-02,D-0027,9,P-001895,LT-8m-PCC,W-26,560078,
P-001899,12.977013,77.578736,F-07-02,D-0027,9,P-001896,LT-8m-PCC,W-14,560078,KSPDB-SD07-D-0027-1899
P-001900,12.977159,77.578604,F-07-02,D-0027,10,P-001899,LT-8m-PCC,W-92,560078,KSPDB-SD07-D-0027-1900
P-001901,12.977002,77.57879,F-07-02,D-0027,9,P-001897,LT-8m-PCC,W-61,560078,KSPDB-SD07-D-0027-1901
P-001902,12.97694,77.578895,F-07-02,D-0027,10,P-001899,LT-8m-Steel,W-57,560078,KSPDB-SD07-D-0027-1902
P-001903,12.977208,77.578301,F-07-02,D-0027,10,P-001898,LT-9m-PCC,W-73,560078,KSPDB-SD07-D-0027-1903
P-001904,12.977188,77.578579,F-07-02,D-0027,10,P-001899,LT-8m-PCC,W-56,560078,KSPDB-SD07-D-0027-1904
P-001905,12.977399,77.578308,F-07-02,D-0027,11,P-001903,LT-8m-PCC,W-63,560078,KSPDB-SD07-D-0027-1905
P-001906,12.97717,77.578413,F-07-02,D-0027,11,P-001904,LT-9m-PCC,W-55,560078,KSPDB-SD07-D-0027-1906
P-001907,12.977188,77.578236,F-07-02,D-0027,11,P-001903,LT-8m-Steel,W-79,560078,KSPDB-SD07-D-0027-1907
P-001908,12.977589,77.578322,F-07-02,D-0027,12,P-001905,LT-9m-PCC,W-24,560078,KSPDB-SD07-D-0027-1908
P-001909,12.976996,77.578258,F-07-02,D-0027,12,P-001907,LT-8m-Steel,W-25,,KSPDB-SD07-D-0027-1909
P-001910,12.977079,77.578567,F-07-02,D-0027,12,P-001906,LT-9m-PCC,W-56,560078,KSPDB-SD07-D-0027-1910
P-001911,12.977363,77.578056,F-07-02,D-0027,12,P-001907,LT-8m-Steel,W-61,560078,KSPDB-SD07-D-0027-1911
P-001912,12.977178,77.578119,F-07-02,D-0027,13,P-001911,LT-8m-Steel,W-84,560078,KSPDB-SD07-D-0027-1912
P-001913,12.97686,77.578203,F-07-02,D-0027,13,P-001909,LT-8m-PCC,W-73,560078,KSPDB-SD07-D-0027-1913
P-001914,12.977183,77.578169,F-07-02,D-0027,13,P-001911,LT-9m-PCC,W-51,560078,KSPDB-SD07-D-0027-1914
P-001915,12.977373,77.578058,F-07-02,D-0027,14,P-001912,LT-8m-PCC,W-10,560078,KSPDB-SD07-D-0027-1915
P-001916,12.977104,77.578141,F-07-02,D-0027,14,P-001914,LT-8m-PCC,W-68,560078,KSPDB-SD07-D-0027-1916
P-001917,12.977273,77.578183,F-07-02,D-0027,14,P-001914,LT-8m-PCC,W-38,560078,KSPDB-SD07-D-0027-1917
P-001918,12.977185,77.578331,F-07-02,D-0027,15,P-001917,LT-9m-PCC,W-19,560078,KSPDB-SD07-D-0027-1918
P-001919,12.977143,77.578352,F-07-02,D-0027,14,P-001914,LT-8m-PCC,W-49,560078,
P-001920,12.977466,77.578219,F-07-02,D-0027,15,P-001917,LT-8m-Steel,W-46,560078,KSPDB-SD07-D-0027-1920
P-001921,12.977232,77.577954,F-07-02,D-0027,15,P-001916,LT-9m-PCC,W-15,560078,KSPDB-SD07-D-0027-1921
P-001922,12.977522,77.578064,F-07-02,D-0027,16,P-001920,LT-9m-PCC,W-79,560078,KSPDB-SD07-D-0027-1922
P-001923,12.977419,77.578319,F-07-02,D-0027,16,P-001920,LT-9m-PCC,W-98,560078,KSPDB-SD07-D-0027-1923
P-001924,12.97733,77.578066,F-07-02,D-0027,16,P-001920,LT-8m-Steel,W-91,560078,KSPDB-SD07-D-0027-1924
P-001925,12.977716,77.577895,F-07-02,D-0027,17,P-001922,LT-9m-PCC,W-77,560078,KSPDB-SD07-D-0027-1925
P-001926,12.977361,77.577759,F-07-02,D-0027,16,P-001921,LT-8m-Steel,W-40,560078,KSPDB-SD07-D-0027-1926
P-001927,12.977254,77.578213,F-07-02,D-0027,17,P-001924,LT-9m-PCC,W-90,560078,KSPDB-SD07-D-0027-1927
P-001928,12.977558,77.577829,F-07-02,D-0027,18,P-001925,LT-8m-PCC,W-63,,KSPDB-SD07-D-0027-1928
P-001929,12.977196,77.577936,F-07-02,D-0027,17,P-001926,LT-8m-Steel,W-53,560078,KSPDB-SD07-D-0027-1929
P-001930,12.977246,77.578079,F-07-02,D-0027,18,P-001927,LT-8m-Steel,W-93,560078,KSPDB-SD07-D-0027-1930
P-001931,12.977344,77.577807,F-07-02,D-0027,17,P-001926,LT-8m-PCC,W-79,560078,KSPDB-SD07-D-0027-1931
P-001932,12.977355,77.578335,F-07-02,D-0027,18,P-001927,LT-8m-Steel,W-32,560078,KSPDB-SD07-D-0027-1932
P-001933,12.977503,77.578489,F-07-02,D-0027,19,P-001932,LT-9m-PCC,W-90,560078,KSPDB-SD07-D-0027-1933
P-001934,12.977395,77.578265,F-07-02,D-0027,19,P-001932,LT-8m-PCC,W-92,560078,KSPDB-SD07-D-0027-1934
P-001935,12.977164,77.578221,F-07-02,D-0027,19,P-001932,LT-8m-PCC,W-18,560078,KSPDB-SD07-D-0027-1935
P-001936,12.977642,77.578623,F-07-02,D-0027,20,P-001933,LT-8m-PCC,W-15,560078,KSPDB-SD07-D-0027-1936
P-001937,12.977328,77.578194,F-07-02,D-0027,19,P-001932,LT-8m-PCC,W-62,560078,KSPDB-SD07-D-0027-1937
P-001938,12.977346,77.578038,F-07-02,D-0027,20,P-001937,LT-8m-Steel,W-87,560078,KSPDB-SD07-D-0027-1938
P-001939,12.977284,77.578182,F-07-02,D-0027,20,P-001937,LT-9m-PCC,W-15,560078,KSPDB-SD07-D-0027-1939
P-001940,12.977055,77.57824,F-07-02,D-0027,20,P-001935,LT-8m-Steel,W-83,560078,KSPDB-SD07-D-0027-1940
P-001941,12.977523,77.578505,F-07-02,D-0027,21,P-001936,LT-9m-PCC,W-80,560078,KSPDB-SD07-D-0027-1941
P-001942,12.977383,77.578437,F-07-02,D-0027,22,P-001941,LT-8m-PCC,W-95,560078,KSPDB-SD07-D-0027-1942
P-001943,12.977237,77.577955,F-07-02,D-0027,21,P-001938,LT-9m-PCC,W-56,560078,KSPDB-SD07-D-0027-1943
P-001944,12.977414,77.578232,F-07-02,D-0027,21,P-001939,LT-8m-PCC,W-70,560078,KSPDB-SD07-D-0027-1944
P-001945,12.977431,77.578587,F-07-02,D-0027,23,P-001942,LT-8m-PCC,W-96,,KSPDB-SD07-D-0027-1945
P-001946,12.977356,77.578018,F-07-02,D-0027,22,P-001943,LT-8m-PCC,W-30,560078,KSPDB-SD07-D-0027-1946
P-001947,12.977348,77.577889,F-07-02,D-0027,22,P-001943,LT-8m-Steel,W-18,560078,KSPDB-SD07-D-0027-1947
P-001948,12.977394,77.578091,F-07-02,D-0027,22,P-001944,LT-8m-PCC,W-64,560078,KSPDB-SD07-D-0027-1948
P-001949,12.977207,77.577776,F-07-02,D-0027,23,P-001947,LT-8m-Steel,W-66,,KSPDB-SD07-D-0027-1949
P-001950,12.977459,77.57773,F-07-02,D-0027,23,P-001947,LT-9m-PCC,W-18,560078,KSPDB-SD07-D-0027-1950
P-001951,12.977424,77.578006,F-07-02,D-0027,23,P-001947,LT-9m-PCC,W-40,560078,KSPDB-SD07-D-0027-1951
P-001952,12.977459,77.577833,F-07-02,D-0027,23,P-001947,LT-9m-PCC,W-31,560078,KSPDB-SD07-D-0027-1952
P-001953,12.977404,77.577641,F-07-02,D-0027,24,P-001950,LT-9m-PCC,W-30,560078,
P-001954,12.977408,77.5776,F-07-02,D-0027,25,P-001953,LT-8m-PCC,W-50,560078,KSPDB-SD07-D-0027-1954
P-001955,12.977486,77.577613,F-07-02,D-0027,25,P-001953,LT-9m-PCC,W-94,560078,
P-001956,12.977423,77.577782,F-07-02,D-0027,26,P-001954,LT-8m-Steel,W-71,,KSPDB-SD07-D-0027-1956
P-001957,12.977485,77.577749,F-07-02,D-0027,25,P-001953,LT-8m-Steel,W-31,560078,KSPDB-SD07-D-0027-1957
P-001958,12.977552,77.577612,F-07-02,D-0027,27,P-001956,LT-8m-PCC,W-55,560078,
P-001959,12.97752,77.577788,F-07-02,D-0027,27,P-001956,LT-8m-PCC,W-88,560078,KSPDB-SD07-D-0027-1959
P-001960,12.977629,77.577894,F-07-02,D-0027,28,P-001959,LT-9m-PCC,W-31,560078,
P-001961,12.977658,77.577634,F-07-02,D-0027,28,P-001958,LT-8m-Steel,W-52,560078,KSPDB-SD07-D-0027-1961
P-001962,12.977828,77.578057,F-07-02,D-0027,29,P-001960,LT-9m-PCC,W-51,560078,KSPDB-SD07-D-0027-1962
P-001963,12.977498,77.577649,F-07-02,D-0027,28,P-001958,LT-8m-Steel,W-75,560078,KSPDB-SD07-D-0027-1963
P-001964,12.977801,77.578171,F-07-02,D-0027,30,P-001962,LT-9m-PCC,W-45,560078,
P-001965,12.977762,77.577963,F-07-02,D-0027,29,P-001960,LT-8m-PCC,W-80,560078,KSPDB-SD07-D-0027-1965
P-001966,12.977669,77.577768,F-07-02,D-0027,29,P-001963,LT-8m-Steel,W-36,560078,KSPDB-SD07-D-0027-1966
P-001967,12.977724,77.577642,F-07-02,D-0027,30,P-001966,LT-8m-PCC,W-57,560078,KSPDB-SD07-D-0027-1967
P-001968,12.977802,77.578101,F-07-02,D-0027,30,P-001965,LT-8m-PCC,W-27,560078,KSPDB-SD07-D-0027-1968
P-001969,12.977914,77.578056,F-07-02,D-0027,31,P-001968,LT-8m-PCC,W-84,560078,KSPDB-SD07-D-0027-1969
P-001970,12.977867,77.578115,F-07-02,D-0027,31,P-001968,LT-8m-PCC,W-84,560078,KSPDB-SD07-D-0027-1970
P-001971,12.977904,77.578142,F-07-02,D-0027,32,P-001970,LT-8m-Steel,W-96,560078,KSPDB-SD07-D-0027-1971
P-001972,12.977916,77.577536,F-07-02,D-0027,31,P-001967,LT-9m-PCC,W-78,560078,KSPDB-SD07-D-0027-1972
P-001973,12.9778,77.57771,F-07-02,D-0027,32,P-001972,LT-8m-PCC,W-71,560078,KSPDB-SD07-D-0027-1973
P-001974,12.978106,77.577728,F-07-02,D-0027,32,P-001972,LT-8m-PCC,W-12,560078,
P-001975,12.977683,77.577927,F-07-02,D-0027,32,P-001970,LT-8m-PCC,W-88,560078,KSPDB-SD07-D-0027-1975
P-001976,12.958153,77.583155,F-07-02,D-0028,1,,LT-8m-Steel,W-56,560078,KSPDB-SD07-D-0028-1976
P-001977,12.957998,77.583066,F-07-02,D-0028,2,P-001976,LT-9m-PCC,W-93,560078,KSPDB-SD07-D-0028-1977
P-001978,12.958018,77.582963,F-07-02,D-0028,2,P-001976,LT-8m-Steel,W-54,,KSPDB-SD07-D-0028-1978
P-001979,12.95822,77.583064,F-07-02,D-0028,2,P-001976,LT-8m-Steel,W-32,560078,KSPDB-SD07-D-0028-1979
P-001980,12.958223,77.583026,F-07-02,D-0028,3,P-001979,LT-8m-PCC,W-49,560078,KSPDB-SD07-D-0028-1980
P-001981,12.958296,77.582839,F-07-02,D-0028,4,P-001980,LT-8m-PCC,W-33,560078,KSPDB-SD07-D-0028-1981
P-001982,12.958445,77.58264,F-07-02,D-0028,5,P-001981,LT-8m-PCC,W-71,560078,KSPDB-SD07-D-0028-1982
P-001983,12.95823,77.583036,F-07-02,D-0028,4,P-001980,LT-8m-PCC,W-22,560078,KSPDB-SD07-D-0028-1983
P-001984,12.958039,77.583119,F-07-02,D-0028,3,P-001979,LT-9m-PCC,W-18,560078,KSPDB-SD07-D-0028-1984
P-001985,12.958114,77.582959,F-07-02,D-0028,5,P-001981,LT-8m-Steel,W-29,560078,KSPDB-SD07-D-0028-1985
P-001986,12.958516,77.582562,F-07-02,D-0028,6,P-001982,LT-9m-PCC,W-39,560078,KSPDB-SD07-D-0028-1986
P-001987,12.958423,77.583156,F-07-02,D-0028,5,P-001983,LT-8m-Steel,W-88,560078,KSPDB-SD07-D-0028-1987
P-001988,12.958368,77.583126,F-07-02,D-0028,5,P-001983,LT-9m-PCC,W-45,560078,KSPDB-SD07-D-0028-1988
P-001989,12.958417,77.583187,F-07-02,D-0028,6,P-001988,LT-8m-Steel,W-16,560078,KSPDB-SD07-D-0028-1989
P-001990,12.958401,77.582419,F-07-02,D-0028,7,P-001986,LT-9m-PCC,W-28,560078,KSPDB-SD07-D-0028-1990
P-001991,12.958314,77.583011,F-07-02,D-0028,6,P-001987,LT-8m-Steel,W-58,560078,KSPDB-SD07-D-0028-1991
P-001992,12.958152,77.58315,F-07-02,D-0028,7,P-001991,LT-8m-PCC,W-76,560078,KSPDB-SD07-D-0028-1992
P-001993,12.958616,77.58313,F-07-02,D-0028,7,P-001989,LT-9m-PCC,W-78,560078,KSPDB-SD07-D-0028-1993
P-001994,12.958263,77.582376,F-07-02,D-0028,8,P-001990,LT-9m-PCC,W-59,560078,
P-001995,12.958806,77.583036,F-07-02,D-0028,8,P-001993,LT-8m-Steel,W-54,560078,KSPDB-SD07-D-0028-1995
P-001996,12.958926,77.58306,F-07-02,D-0028,9,P-001995,LT-8m-Steel,W-83,560078,
P-001997,12.958728,77.583023,F-07-02,D-0028,8,P-001993,LT-8m-Steel,W-20,560078,KSPDB-SD07-D-0028-1997
P-001998,12.958953,77.583075,F-07-02,D-0028,10,P-001996,LT-8m-PCC,W-84,560078,KSPDB-SD07-D-0028-1998
P-001999,12.958741,77.583155,F-07-02,D-0028,9,P-001995,LT-9m-PCC,W-47,560078,KSPDB-SD07-D-0028-1999
P-002000,12.958645,77.58304,F-07-02,D-0028,10,P-001999,LT-8m-Steel,W-15,560078,KSPDB-SD07-D-0028-2000
P-002001,12.958477,77.582844,F-07-02,D-0028,11,P-002000,LT-8m-PCC,W-39,560078,KSPDB-SD07-D-0028-2001
P-002002,12.958838,77.583208,F-07-02,D-0028,11,P-002000,LT-8m-Steel,W-92,560078,KSPDB-SD07-D-0028-2002
P-002003,12.958626,77.583158,F-07-02,D-0028,11,P-002000,LT-8m-PCC,W-41,560078,KSPDB-SD07-D-0028-2003
P-002004,12.958676,77.582939,F-07-02,D-0028,11,P-002000,LT-9m-PCC,W-84,560078,KSPDB-SD07-D-0028-2004
P-002005,12.958648,77.583046,F-07-02,D-0028,12,P-002002,LT-9m-PCC,W-20,560078,KSPDB-SD07-D-0028-2005
P-002006,12.958492,77.583124,F-07-02,D-0028,13,P-002005,LT-9m-PCC,W-55,560078,KSPDB-SD07-D-0028-2006
P-002007,12.958535,77.583117,F-07-02,D-0028,12,P-002004,LT-8m-PCC,W-85,560078,KSPDB-SD07-D-0028-2007
P-002008,12.958697,77.583012,F-07-02,D-0028,12,P-002003,LT-8m-Steel,W-77,560078,KSPDB-SD07-D-0028-2008
P-002009,12.958597,77.583049,F-07-02,D-0028,12,P-002004,LT-8m-PCC,W-46,560078,KSPDB-SD07-D-0028-2009
P-002010,12.958575,77.583226,F-07-02,D-0028,13,P-002007,LT-8m-Steel,W-58,560078,KSPDB-SD07-D-0028-2010
P-002011,12.958716,77.58291,F-07-02,D-0028,13,P-002009,LT-8m-PCC,W-92,560078,KSPDB-SD07-D-0028-2011
P-002012,12.958705,77.583176,F-07-02,D-0028,13,P-002007,LT-8m-Steel,W-30,560078,KSPDB-SD07-D-0028-2012
P-002013,12.958609,77.583241,F-07-02,D-0028,13,P-002009,LT-8m-Steel,W-32,560078,KSPDB-SD07-D-0028-2013
P-002014,12.958786,77.583208,F-07-02,D-0028,13,P-002009,LT-9m-PCC,W-75,560078,KSPDB-SD07-D-0028-2014
P-002015,12.958608,77.583271,F-07-02,D-0028,14,P-002012,LT-8m-Steel,W-18,560078,KSPDB-SD07-D-0028-2015
P-002016,12.958435,77.583252,F-07-02,D-0028,15,P-002015,LT-9m-PCC,W-52,560078,KSPDB-SD07-D-0028-2016
P-002017,12.958721,77.583248,F-07-02,D-0028,14,P-002013,LT-9m-PCC,W-96,560078,
P-002018,12.958704,77.583328,F-07-02,D-0028,14,P-002014,LT-8m-Steel,W-79,560078,KSPDB-SD07-D-0028-2018
P-002019,12.958618,77.583194,F-07-02,D-0028,15,P-002018,LT-8m-Steel,W-56,560078,KSPDB-SD07-D-0028-2019
P-002020,12.958507,77.583325,F-07-02,D-0028,15,P-002015,LT-9m-PCC,W-82,560078,KSPDB-SD07-D-0028-2020
P-002021,12.958562,77.583419,F-07-02,D-0028,16,P-002020,LT-9m-PCC,W-67,560078,KSPDB-SD07-D-0028-2021
P-002022,12.958735,77.583016,F-07-02,D-0028,16,P-002019,LT-8m-PCC,W-89,560078,KSPDB-SD07-D-0028-2022
P-002023,12.95861,77.583477,F-07-02,D-0028,17,P-002021,LT-8m-PCC,W-50,560078,KSPDB-SD07-D-0028-2023
P-002024,12.958867,77.582953,F-07-02,D-0028,17,P-002022,LT-9m-PCC,W-44,560078,KSPDB-SD07-D-0028-2024
P-002025,12.958608,77.583536,F-07-02,D-0028,17,P-002021,LT-8m-PCC,W-29,560078,KSPDB-SD07-D-0028-2025
P-002026,12.958748,77.582857,F-07-02,D-0028,18,P-002024,LT-8m-PCC,W-32,560078,KSPDB-SD07-D-0028-2026
P-002027,12.95846,77.583377,F-07-02,D-0028,18,P-002025,LT-9m-PCC,W-32,560078,KSPDB-SD07-D-0028-2027
P-002028,12.958622,77.583642,F-07-02,D-0028,18,P-002025,LT-9m-PCC,W-24,560078,KSPDB-SD07-D-0028-2028
P-002029,12.958914,77.582836,F-07-02,D-0028,18,P-002024,LT-8m-PCC,W-63,560078,KSPDB-SD07-D-0028-2029
P-002030,12.958599,77.583615,F-07-02,D-0028,18,P-002025,LT-9m-PCC,W-84,560078,KSPDB-SD07-D-0028-2030
P-002031,12.958939,77.583016,F-07-02,D-0028,19,P-002029,LT-8m-PCC,W-39,560078,KSPDB-SD07-D-0028-2031
P-002032,12.958634,77.583496,F-07-02,D-0028,19,P-002028,LT-9m-PCC,W-23,,KSPDB-SD07-D-0028-2032
P-002033,12.958492,77.583401,F-07-02,D-0028,20,P-002032,LT-8m-PCC,W-82,560078,KSPDB-SD07-D-0028-2033
P-002034,12.959123,77.583009,F-07-02,D-0028,20,P-002031,LT-9m-PCC,W-47,560078,KSPDB-SD07-D-0028-2034
P-002035,12.958745,77.583112,F-07-02,D-0028,20,P-002031,LT-8m-PCC,W-71,560078,KSPDB-SD07-D-0028-2035
P-002036,12.959121,77.582891,F-07-02,D-0028,21,P-002034,LT-9m-PCC,W-20,560078,KSPDB-SD07-D-0028-2036
P-002037,12.958451,77.583383,F-07-02,D-0028,21,P-002033,LT-9m-PCC,W-32,560078,KSPDB-SD07-D-0028-2037
P-002038,12.958573,77.583009,F-07-02,D-0028,21,P-002035,LT-9m-PCC,W-18,560078,KSPDB-SD07-D-0028-2038
P-002039,12.95921,77.582891,F-07-02,D-0028,21,P-002034,LT-9m-PCC,W-65,560078,KSPDB-SD07-D-0028-2039
P-002040,12.959007,77.582753,F-07-02,D-0028,22,P-002036,LT-8m-Steel,W-95,560078,KSPDB-SD07-D-0028-2040
P-002041,12.959174,77.582925,F-07-02,D-0028,23,P-002040,LT-9m-PCC,W-36,560078,KSPDB-SD07-D-0028-2041
P-002042,12.95915,77.582793,F-07-02,D-0028,23,P-002040,LT-8m-PCC,W-50,560078,KSPDB-SD07-D-0028-2042
P-002043,12.959051,77.582984,F-07-02,D-0028,22,P-002039,LT-8m-PCC,W-85,560078,KSPDB-SD07-D-0028-2043
P-002044,12.959186,77.582857,F-07-02,D-0028,22,P-002039,LT-9m-PCC,W-85,560078,KSPDB-SD07-D-0028-2044
P-002045,12.959011,77.582692,F-07-02,D-0028,23,P-002044,LT-8m-Steel,W-95,,KSPDB-SD07-D-0028-2045
P-002046,12.959214,77.582938,F-07-02,D-0028,24,P-002042,LT-9m-PCC,W-70,560078,KSPDB-SD07-D-0028-2046
P-002047,12.95887,77.582853,F-07-02,D-0028,23,P-002043,LT-8m-PCC,W-58,560078,KSPDB-SD07-D-0028-2047
P-002048,12.958914,77.582696,F-07-02,D-0028,24,P-002045,LT-8m-Steel,W-93,560078,KSPDB-SD07-D-0028-2048
P-002049,12.959209,77.582516,F-07-02,D-0028,24,P-002045,LT-8m-PCC,W-42,560078,KSPDB-SD07-D-0028-2049
P-002050,12.958681,77.583018,F-07-02,D-0028,24,P-002047,LT-9m-PCC,W-75,560078,KSPDB-SD07-D-0028-2050
P-002051,12.959028,77.58244,F-07-02,D-0028,25,P-002049,LT-8m-Steel,W-66,560078,KSPDB-SD07-D-0028-2051
P-002052,12.964989,77.576681,F-07-03,D-0029,1,,LT-8m-PCC,W-53,560078,KSPDB-SD07-D-0029-2052
P-002053,12.964984,77.576657,F-07-03,D-0029,2,P-002052,LT-8m-Steel,W-27,,KSPDB-SD07-D-0029-2053
P-002054,12.96486,77.576702,F-07-03,D-0029,3,P-002053,LT-8m-Steel,W-46,560078,KSPDB-SD07-D-0029-2054
P-002055,12.96486,77.576583,F-07-03,D-0029,4,P-002054,LT-8m-PCC,W-11,560078,KSPDB-SD07-D-0029-2055
P-002056,12.964775,77.576576,F-07-03,D-0029,5,P-002055,LT-8m-Steel,W-36,560078,KSPDB-SD07-D-0029-2056
P-002057,12.965023,77.576519,F-07-03,D-0029,5,P-002055,LT-8m-Steel,W-54,560078,KSPDB-SD07-D-0029-2057
P-002058,12.964851,77.576663,F-07-03,D-0029,6,P-002056,LT-8m-Steel,W-14,560078,KSPDB-SD07-D-0029-2058
P-002059,12.964692,77.576537,F-07-03,D-0029,7,P-002058,LT-8m-PCC,W-48,560078,KSPDB-SD07-D-0029-2059
P-002060,12.964647,77.576756,F-07-03,D-0029,6,P-002056,LT-9m-PCC,W-88,560078,KSPDB-SD07-D-0029-2060
P-002061,12.964682,77.576483,F-07-03,D-0029,6,P-002056,LT-9m-PCC,W-47,560078,
P-002062,12.964761,77.576456,F-07-03,D-0029,7,P-002061,LT-8m-Steel,W-38,560078,
P-002063,12.964801,77.576576,F-07-03,D-0029,8,P-002059,LT-8m-PCC,W-69,560078,KSPDB-SD07-D-0029-2063
P-002064,12.964666,77.576436,F-07-03,D-0029,7,P-002061,LT-8m-PCC,W-45,560078,KSPDB-SD07-D-0029-2064
P-002065,12.964846,77.576939,F-07-03,D-0029,7,P-002060,LT-9m-PCC,W-65,560078,KSPDB-SD07-D-0029-2065
P-002066,12.964574,77.576445,F-07-03,D-0029,7,P-002061,LT-8m-Steel,W-77,560078,KSPDB-SD07-D-0029-2066
P-002067,12.964652,77.57634,F-07-03,D-0029,8,P-002064,LT-9m-PCC,W-27,560078,KSPDB-SD07-D-0029-2067
P-002068,12.96467,77.576461,F-07-03,D-0029,8,P-002066,LT-9m-PCC,W-38,560078,
P-002069,12.964571,77.576254,F-07-03,D-0029,9,P-002067,LT-8m-Steel,W-43,560078,KSPDB-SD07-D-0029-2069
P-002070,12.964912,77.576918,F-07-03,D-0029,8,P-002065,LT-8m-Steel,W-42,560078,KSPDB-SD07-D-0029-2070
P-002071,12.964504,77.576546,F-07-03,D-0029,9,P-002068,LT-8m-PCC,W-15,560078,KSPDB-SD07-D-0029-2071
P-002072,12.964475,77.576207,F-07-03,D-0029,9,P-002067,LT-8m-Steel,W-92,560078,KSPDB-SD07-D-0029-2072
P-002073,12.964444,77.576414,F-07-03,D-0029,10,P-002069,LT-8m-PCC,W-59,560078,
P-002074,12.964919,77.576754,F-07-03,D-0029,9,P-002070,LT-8m-PCC,W-58,560078,KSPDB-SD07-D-0029-2074
P-002075,12.964926,77.576953,F-07-03,D-0029,9,P-002070,LT-8m-PCC,W-81,560078,
P-002076,12.96433,77.576407,F-07-03,D-0029,10,P-002071,LT-9m-PCC,W-30,560078,KSPDB-SD07-D-0029-2076
P-002077,12.965042,77.577035,F-07-03,D-0029,10,P-002075,LT-8m-PCC,W-21,560078,KSPDB-SD07-D-0029-2077
P-002078,12.964415,77.576583,F-07-03,D-0029,11,P-002076,LT-9m-PCC,W-98,560078,
P-002079,12.964885,77.576895,F-07-03,D-0029,10,P-002075,LT-9m-PCC,W-64,560078,
P-002080,12.964379,77.576383,F-07-03,D-0029,12,P-002078,LT-8m-PCC,W-69,560078,KSPDB-SD07-D-0029-2080
P-002081,12.964396,77.576456,F-07-03,D-0029,11,P-002076,LT-8m-Steel,W-59,560078,KSPDB-SD07-D-0029-2081
P-002082,12.964334,77.576482,F-07-03,D-0029,13,P-002080,LT-8m-Steel,W-84,560078,KSPDB-SD07-D-0029-2082
P-002083,12.964547,77.576389,F-07-03,D-0029,13,P-002080,LT-8m-Steel,W-36,560078,KSPDB-SD07-D-0029-2083
P-002084,12.964479,77.576305,F-07-03,D-0029,14,P-002082,LT-9m-PCC,W-19,560078,KSPDB-SD07-D-0029-2084
P-002085,12.964568,77.57643,F-07-03,D-0029,13,P-002080,LT-9m-PCC,W-92,560078,KSPDB-SD07-D-0029-2085
P-002086,12.964459,77.576185,F-07-03,D-0029,15,P-002084,LT-9m-PCC,W-53,560078,KSPDB-SD07-D-0029-2086
P-002087,12.96456,77.57638,F-07-03,D-0029,14,P-002085,LT-8m-PCC,W-16,560078,KSPDB-SD07-D-0029-2087
P-002088,12.964654,77.576358,F-07-03,D-0029,16,P-002086,LT-8m-Steel,W-68,560078,KSPDB-SD07-D-0029-2088
P-002089,12.96442,77.576628,F-07-03,D-0029,14,P-002085,LT-8m-PCC,W-71,560078,KSPDB-SD07-D-0029-2089
P-002090,12.96445,77.576682,F-07-03,D-0029,15,P-002089,LT-9m-PCC,W-81,560078,KSPDB-SD07-D-0029-2090
P-002091,12.964667,77.576512,F-07-03,D-0029,17,P-002088,LT-8m-Steel,W-36,560078,KSPDB-SD07-D-0029-2091
P-002092,12.964616,77.576537,F-07-03,D-0029,18,P-002091,LT-9m-PCC,W-79,560078,KSPDB-SD07-D-0029-2092
P-002093,12.964692,77.576556,F-07-03,D-0029,17,P-002088,LT-8m-Steel,W-80,560078,KSPDB-SD07-D-0029-2093
P-002094,12.964454,77.57658,F-07-03,D-0029,16,P-002090,LT-8m-PCC,W-40,560078,KSPDB-SD07-D-0029-2094
P-002095,12.964615,77.57671,F-07-03,D-0029,17,P-002094,LT-8m-Steel,W-47,560078,
P-002096,12.964703,77.576602,F-07-03,D-0029,18,P-002095,LT-8m-Steel,W-17,560078,KSPDB-SD07-D-0029-2096
P-002097,12.964676,77.576763,F-07-03,D-0029,19,P-002096,LT-8m-Steel,W-66,560078,
P-002098,12.964582,77.576424,F-07-03,D-0029,19,P-002096,LT-8m-PCC,W-50,560078,KSPDB-SD07-D-0029-2098
P-002099,12.964442,77.576627,F-07-03,D-0029,18,P-002095,LT-9m-PCC,W-75,560078,KSPDB-SD07-D-0029-2099
P-002100,12.964517,77.576744,F-07-03,D-0029,20,P-002097,LT-8m-Steel,W-89,560078,KSPDB-SD07-D-0029-2100
P-002101,12.964523,77.5767,F-07-03,D-0029,19,P-002096,LT-8m-PCC,W-77,560078,KSPDB-SD07-D-0029-2101
P-002102,12.964432,77.576686,F-07-03,D-0029,20,P-002101,LT-8m-Steel,W-79,560078,KSPDB-SD07-D-0029-2102
P-002103,12.964428,77.576355,F-07-03,D-0029,20,P-002098,LT-8m-PCC,W-39,560078,KSPDB-SD07-D-0029-2103
P-002104,12.964273,77.576534,F-07-03,D-0029,21,P-002102,LT-9m-PCC,W-31,560078,KSPDB-SD07-D-0029-2104
P-002105,12.964599,77.576563,F-07-03,D-0029,20,P-002101,LT-8m-Steel,W-73,,KSPDB-SD07-D-0029-2105
P-002106,12.964284,77.576372,F-07-03,D-0029,21,P-002103,LT-9m-PCC,W-36,560078,KSPDB-SD07-D-0029-2106
P-002107,12.964478,77.576678,F-07-03,D-0029,21,P-002102,LT-9m-PCC,W-42,560078,KSPDB-SD07-D-0029-2107
P-002108,12.96442,77.576399,F-07-03,D-0029,22,P-002104,LT-8m-PCC,W-92,560078,
P-002109,12.964466,77.576559,F-07-03,D-0029,22,P-002104,LT-9m-PCC,W-97,,KSPDB-SD07-D-0029-2109
P-002110,12.964469,77.576488,F-07-03,D-0029,22,P-002106,LT-8m-PCC,W-53,560078,KSPDB-SD07-D-0029-2110
P-002111,12.964661,77.576528,F-07-03,D-0029,23,P-002110,LT-8m-Steel,W-98,560078,KSPDB-SD07-D-0029-2111
P-002112,12.964389,77.576432,F-07-03,D-0029,23,P-002108,LT-8m-PCC,W-79,560078,KSPDB-SD07-D-0029-2112
P-002113,12.964413,77.576367,F-07-03,D-0029,23,P-002110,LT-9m-PCC,W-87,560078,KSPDB-SD07-D-0029-2113
P-002114,12.964556,77.576718,F-07-03,D-0029,23,P-002109,LT-8m-PCC,W-53,560078,KSPDB-SD07-D-0029-2114
P-002115,12.964448,77.576402,F-07-03,D-0029,24,P-002112,LT-9m-PCC,W-36,560078,KSPDB-SD07-D-0029-2115
P-002116,12.964312,77.576304,F-07-03,D-0029,24,P-002113,LT-8m-PCC,W-27,560078,KSPDB-SD07-D-0029-2116
P-002117,12.96445,77.576502,F-07-03,D-0029,24,P-002113,LT-8m-PCC,W-68,560078,KSPDB-SD07-D-0029-2117
P-002118,12.964362,77.576475,F-07-03,D-0029,25,P-002117,LT-8m-Steel,W-43,560078,KSPDB-SD07-D-0029-2118
P-002119,12.964659,77.576561,F-07-03,D-0029,24,P-002114,LT-8m-Steel,W-43,560078,KSPDB-SD07-D-0029-2119
P-002120,12.964474,77.576257,F-07-03,D-0029,25,P-002116,LT-9m-PCC,W-68,560078,KSPDB-SD07-D-0029-2120
P-002121,12.964385,77.576552,F-07-03,D-0029,26,P-002118,LT-8m-PCC,W-28,560078,KSPDB-SD07-D-0029-2121
P-002122,12.964486,77.576206,F-07-03,D-0029,26,P-002120,LT-8m-PCC,W-12,560078,KSPDB-SD07-D-0029-2122
P-002123,12.964605,77.576523,F-07-03,D-0029,25,P-002119,LT-8m-Steel,W-90,560078,KSPDB-SD07-D-0029-2123
P-002124,12.964755,77.576337,F-07-03,D-0029,26,P-002123,LT-8m-Steel,W-56,560078,
P-002125,12.964364,77.576314,F-07-03,D-0029,27,P-002122,LT-8m-Steel,W-80,560078,KSPDB-SD07-D-0029-2125
P-002126,12.964943,77.576497,F-07-03,D-0029,27,P-002124,LT-9m-PCC,W-58,560078,KSPDB-SD07-D-0029-2126
P-002127,12.964863,77.576636,F-07-03,D-0029,28,P-002126,LT-8m-PCC,W-77,560078,KSPDB-SD07-D-0029-2127
P-002128,12.96452,77.576323,F-07-03,D-0029,28,P-002125,LT-8m-PCC,W-42,560078,KSPDB-SD07-D-0029-2128
P-002129,12.964469,77.576184,F-07-03,D-0029,29,P-002128,LT-8m-Steel,W-49,560078,KSPDB-SD07-D-0029-2129
P-002130,12.958949,77.595218,F-07-03,D-0030,1,,LT-8m-Steel,W-86,560078,KSPDB-SD07-D-0030-2130
P-002131,12.958952,77.595047,F-07-03,D-0030,2,P-002130,LT-8m-PCC,W-96,560078,KSPDB-SD07-D-0030-2131
P-002132,12.958857,77.595001,F-07-03,D-0030,3,P-002131,LT-8m-PCC,W-22,560078,KSPDB-SD07-D-0030-2132
P-002133,12.958776,77.595079,F-07-03,D-0030,2,P-002130,LT-9m-PCC,W-21,560078,
P-002134,12.958794,77.595131,F-07-03,D-0030,3,P-002133,LT-9m-PCC,W-43,560078,KSPDB-SD07-D-0030-2134
P-002135,12.958837,77.594935,F-07-03,D-0030,4,P-002132,LT-8m-PCC,W-94,560078,KSPDB-SD07-D-0030-2135
P-002136,12.958926,77.594886,F-07-03,D-0030,4,P-002132,LT-9m-PCC,W-22,560078,KSPDB-SD07-D-0030-2136
P-002137,12.958963,77.59502,F-07-03,D-0030,5,P-002136,LT-8m-Steel,W-10,560078,KSPDB-SD07-D-0030-2137
P-002138,12.958604,77.594964,F-07-03,D-0030,4,P-002134,LT-9m-PCC,W-16,560078,KSPDB-SD07-D-0030-2138
P-002139,12.958764,77.595022,F-07-03,D-0030,6,P-002137,LT-9m-PCC,W-44,560078,KSPDB-SD07-D-0030-2139
P-002140,12.958705,77.594999,F-07-03,D-0030,7,P-002139,LT-9m-PCC,W-86,560078,KSPDB-SD07-D-0030-2140
P-002141,12.95857,77.595018,F-07-03,D-0030,8,P-002140,LT-8m-PCC,W-65,560078,KSPDB-SD07-D-0030-2141
P-002142,12.958631,77.594942,F-07-03,D-0030,5,P-002138,LT-8m-Steel,W-44,560078,KSPDB-SD07-D-0030-2142
P-002143,12.958583,77.594939,F-07-03,D-0030,9,P-002141,LT-9m-PCC,W-90,560078,KSPDB-SD07-D-0030-2143
P-002144,12.958516,77.59505,F-07-03,D-0030,9,P-002141,LT-8m-PCC,W-64,560078,KSPDB-SD07-D-0030-2144
P-002145,12.958571,77.594952,F-07-03,D-0030,10,P-002144,LT-8m-Steel,W-73,560078,
P-002146,12.958568,77.595018,F-07-03,D-0030,6,P-002142,LT-8m-PCC,W-40,560078,KSPDB-SD07-D-0030-2146
P-002147,12.958738,77.594924,F-07-03,D-0030,7,P-002146,LT-8m-PCC,W-89,560078,KSPDB-SD07-D-0030-2147
P-002148,12.958643,77.595222,F-07-03,D-0030,10,P-002144,LT-8m-Steel,W-91,560078,KSPDB-SD07-D-0030-2148
P-002149,12.958657,77.595139,F-07-03,D-0030,7,P-002146,LT-8m-Steel,W-37,560078,KSPDB-SD07-D-0030-2149
P-002150,12.958729,77.595279,F-07-03,D-0030,8,P-002149,LT-9m-PCC,W-30,560078,
P-002151,12.958906,77.595472,F-07-03,D-0030,9,P-002150,LT-9m-PCC,W-41,560078,KSPDB-SD07-D-0030-2151
P-002152,12.958608,77.59522,F-07-03,D-0030,8,P-002149,LT-9m-PCC,W-52,560078,KSPDB-SD07-D-0030-2152
P-002153,12.958661,77.595165,F-07-03,D-0030,9,P-002150,LT-8m-Steel,W-49,560078,KSPDB-SD07-D-0030-2153
P-002154,12.958642,77.595266,F-07-03,D-0030,8,P-002149,LT-8m-Steel,W-54,560078,KSPDB-SD07-D-0030-2154
P-002155,12.958719,77.595164,F-07-03,D-0030,10,P-002153,LT-9m-PCC,W-88,560078,
P-002156,12.958561,77.594998,F-07-03,D-0030,11,P-002155,LT-9m-PCC,W-12,560078,KSPDB-SD07-D-0030-2156
P-002157,12.958715,77.595179,F-07-03,D-0030,11,P-002155,LT-8m-Steel,W-65,560078,KSPDB-SD07-D-0030-2157
P-002158,12.958474,77.59526,F-07-03,D-0030,9,P-002154,LT-8m-Steel,W-42,560078,KSPDB-SD07-D-0030-2158
P-002159,12.958464,77.594807,F-07-03,D-0030,12,P-002156,LT-8m-PCC,W-60,560078,KSPDB-SD07-D-0030-2159
P-002160,12.958669,77.595271,F-07-03,D-0030,10,P-002158,LT-8m-Steel,W-24,560078,KSPDB-SD07-D-0030-2160
P-002161,12.958787,77.595094,F-07-03,D-0030,12,P-002157,LT-8m-Steel,W-29,560078,KSPDB-SD07-D-0030-2161
P-002162,12.958715,77.594901,F-07-03,D-0030,13,P-002161,LT-8m-PCC,W-54,560078,KSPDB-SD07-D-0030-2162
P-002163,12.958373,77.594984,F-07-03,D-0030,13,P-002159,LT-8m-PCC,W-58,560078,KSPDB-SD07-D-0030-2163
P-002164,12.958734,77.595348,F-07-03,D-0030,11,P-002160,LT-8m-PCC,W-75,560078,KSPDB-SD07-D-0030-2164
P-002165,12.958475,77.594846,F-07-03,D-0030,14,P-002163,LT-8m-PCC,W-49,560078,KSPDB-SD07-D-0030-2165
P-002166,12.958618,77.594743,F-07-03,D-0030,15,P-002165,LT-9m-PCC,W-22,560078,KSPDB-SD07-D-0030-2166
P-002167,12.958807,77.594885,F-07-03,D-0030,16,P-002166,LT-9m-PCC,W-12,560078,KSPDB-SD07-D-0030-2167
P-002168,12.958481,77.595089,F-07-03,D-0030,14,P-002163,LT-9m-PCC,W-98,560078,
P-002169,12.958714,77.594794,F-07-03,D-0030,17,P-002167,LT-8m-PCC,W-36,560078,KSPDB-SD07-D-0030-2169
P-002170,12.958721,77.594951,F-07-03,D-0030,18,P-002169,LT-8m-PCC,W-86,560078,KSPDB-SD07-D-0030-2170
P-002171,12.958665,77.594876,F-07-03,D-0030,16,P-002166,LT-9m-PCC,W-86,560078,KSPDB-SD07-D-0030-2171
P-002172,12.958975,77.594791,F-07-03,D-0030,17,P-002167,LT-8m-PCC,W-82,560078,KSPDB-SD07-D-0030-2172
P-002173,12.958997,77.594604,F-07-03,D-0030,18,P-002172,LT-9m-PCC,W-64,560078,KSPDB-SD07-D-0030-2173
P-002174,12.958914,77.594446,F-07-03,D-0030,19,P-002173,LT-9m-PCC,W-67,560078,KSPDB-SD07-D-0030-2174
P-002175,12.958906,77.594928,F-07-03,D-0030,19,P-002170,LT-8m-PCC,W-73,560078,KSPDB-SD07-D-0030-2175
P-002176,12.958874,77.594433,F-07-03,D-0030,19,P-002173,LT-8m-PCC,W-71,560078,KSPDB-SD07-D-0030-2176
P-002177,12.958977,77.594561,F-07-03,D-0030,20,P-002174,LT-8m-PCC,W-55,560078,KSPDB-SD07-D-0030-2177
P-002178,12.958927,77.594593,F-07-03,D-0030,20,P-002174,LT-9m-PCC,W-77,560078,KSPDB-SD07-D-0030-2178
P-002179,12.959019,77.594641,F-07-03,D-0030,21,P-002177,LT-8m-PCC,W-93,560078,KSPDB-SD07-D-0030-2179
P-002180,12.958739,77.594301,F-07-03,D-0030,20,P-002176,LT-9m-PCC,W-54,,KSPDB-SD07-D-0030-2180
P-002181,12.959025,77.594656,F-07-03,D-0030,22,P-002179,LT-9m-PCC,W-68,560078,KSPDB-SD07-D-0030-2181
P-002182,12.958897,77.594267,F-07-03,D-0030,21,P-002180,LT-8m-PCC,W-46,560078,KSPDB-SD07-D-0030-2182
P-002183,12.958716,77.594388,F-07-03,D-0030,21,P-002180,LT-8m-PCC,W-54,560078,KSPDB-SD07-D-0030-2183
P-002184,12.958974,77.594719,F-07-03,D-0030,23,P-002181,LT-8m-PCC,W-69,560078,KSPDB-SD07-D-0030-2184
P-002185,12.958966,77.594862,F-07-03,D-0030,24,P-002184,LT-9m-PCC,W-39,560078,KSPDB-SD07-D-0030-2185
P-002186,12.959151,77.59502,F-07-03,D-0030,25,P-002185,LT-8m-PCC,W-78,560078,KSPDB-SD07-D-0030-2186
P-002187,12.959088,77.594757,F-07-03,D-0030,24,P-002184,LT-8m-Steel,W-68,560078,KSPDB-SD07-D-0030-2187
P-002188,12.958807,77.594456,F-07-03,D-0030,22,P-002183,LT-9m-PCC,W-40,560078,KSPDB-SD07-D-0030-2188
P-002189,12.95905,77.594761,F-07-03,D-0030,24,P-002184,LT-8m-PCC,W-12,560078,KSPDB-SD07-D-0030-2189
P-002190,12.959096,77.5949,F-07-03,D-0030,26,P-002186,LT-8m-PCC,W-73,560078,
P-002191,12.958939,77.594956,F-07-03,D-0030,27,P-002190,LT-8m-Steel,W-71,560078,KSPDB-SD07-D-0030-2191
P-002192,12.95868,77.594321,F-07-03,D-0030,23,P-002188,LT-8m-Steel,W-51,560078,KSPDB-SD07-D-0030-2192
P-002193,12.959292,77.594855,F-07-03,D-0030,27,P-002190,LT-8m-Steel,W-87,560078,
P-002194,12.958842,77.595145,F-07-03,D-0030,28,P-002191,LT-8m-PCC,W-80,560078,KSPDB-SD07-D-0030-2194
P-002195,12.959023,77.595233,F-07-03,D-0030,29,P-002194,LT-9m-PCC,W-46,560078,KSPDB-SD07-D-0030-2195
P-002196,12.958809,77.594947,F-07-03,D-0030,28,P-002191,LT-9m-PCC,W-53,560078,KSPDB-SD07-D-0030-2196
P-002197,12.958532,77.594132,F-07-03,D-0030,24,P-002192,LT-9m-PCC,W-57,560078,KSPDB-SD07-D-0030-2197
P-002198,12.958942,77.595095,F-07-03,D-0030,29,P-002196,LT-8m-Steel,W-55,560078,KSPDB-SD07-D-0030-2198
P-002199,12.958852,77.594878,F-07-03,D-0030,29,P-002196,LT-9m-PCC,W-45,560078,KSPDB-SD07-D-0030-2199
P-002200,12.959197,77.59508,F-07-03,D-0030,30,P-002195,LT-8m-Steel,W-26,560078,KSPDB-SD07-D-0030-2200
P-002201,12.951063,77.583275,F-07-01,D-0031,1,,LT-9m-PCC,W-98,560078,KSPDB-SD07-D-0031-2201
P-002202,12.951134,77.583316,F-07-01,D-0031,2,P-002201,LT-9m-PCC,W-41,560078,KSPDB-SD07-D-0031-2202
P-002203,12.951231,77.583089,F-07-01,D-0031,2,P-002201,LT-9m-PCC,W-65,560078,KSPDB-SD07-D-0031-2203
P-002204,12.951376,77.583146,F-07-01,D-0031,3,P-002203,LT-8m-Steel,W-60,560078,KSPDB-SD07-D-0031-2204
P-002205,12.951089,77.583076,F-07-01,D-0031,3,P-002203,LT-9m-PCC,W-36,560078,KSPDB-SD07-D-0031-2205
P-002206,12.951038,77.583059,F-07-01,D-0031,4,P-002205,LT-9m-PCC,W-25,560078,KSPDB-SD07-D-0031-2206
P-002207,12.951522,77.583066,F-07-01,D-0031,4,P-002204,LT-8m-PCC,W-50,560078,KSPDB-SD07-D-0031-2207
P-002208,12.951148,77.583041,F-07-01,D-0031,4,P-002205,LT-8m-Steel,W-33,560078,
P-002209,12.951225,77.583307,F-07-01,D-0031,4,P-002204,LT-8m-PCC,W-74,560078,KSPDB-SD07-D-0031-2209
P-002210,12.951185,77.583127,F-07-01,D-0031,5,P-002209,LT-9m-PCC,W-13,560078,KSPDB-SD07-D-0031-2210
P-002211,12.951707,77.582887,F-07-01,D-0031,5,P-002207,LT-8m-Steel,W-56,560078,KSPDB-SD07-D-0031-2211
P-002212,12.951287,77.583133,F-07-01,D-0031,5,P-002208,LT-8m-PCC,W-19,560078,KSPDB-SD07-D-0031-2212
P-002213,12.951594,77.582787,F-07-01,D-0031,6,P-002211,LT-9m-PCC,W-44,560078,KSPDB-SD07-D-0031-2213
P-002214,12.951215,77.583044,F-07-01,D-0031,6,P-002212,LT-8m-Steel,W-89,560078,KSPDB-SD07-D-0031-2214
P-002215,12.951854,77.582794,F-07-01,D-0031,6,P-002211,LT-8m-PCC,W-43,560078,KSPDB-SD07-D-0031-2215
P-002216,12.9514,77.583157,F-07-01,D-0031,6,P-002212,LT-8m-PCC,W-15,560078,KSPDB-SD07-D-0031-2216
P-002217,12.951902,77.582843,F-07-01,D-0031,7,P-002215,LT-8m-Steel,W-10,560078,KSPDB-SD07-D-0031-2217
P-002218,12.951337,77.583162,F-07-01,D-0031,7,P-002216,LT-8m-Steel,W-47,560078,KSPDB-SD07-D-0031-2218
P-002219,12.951289,77.582974,F-07-01,D-0031,8,P-002218,LT-9m-PCC,W-86,560078,KSPDB-SD07-D-0031-2219
P-002220,12.951803,77.582681,F-07-01,D-0031,7,P-002215,LT-8m-PCC,W-45,560078,KSPDB-SD07-D-0031-2220
P-002221,12.951189,77.583037,F-07-01,D-0031,9,P-002219,LT-8m-PCC,W-42,560078,KSPDB-SD07-D-0031-2221
P-002222,12.951795,77.582821,F-07-01,D-0031,8,P-002220,LT-8m-PCC,W-67,560078,KSPDB-SD07-D-0031-2222
P-002223,12.951213,77.583225,F-07-01,D-0031,8,P-002218,LT-8m-Steel,W-98,560078,KSPDB-SD07-D-0031-2223
P-002224,12.951903,77.582608,F-07-01,D-0031,8,P-002220,LT-9m-PCC,W-62,560078,KSPDB-SD07-D-0031-2224
P-002225,12.951748,77.582817,F-07-01,D-0031,8,P-002220,LT-8m-PCC,W-31,560078,KSPDB-SD07-D-0031-2225
P-002226,12.951051,77.58335,F-07-01,D-0031,9,P-002223,LT-8m-PCC,W-98,560078,KSPDB-SD07-D-0031-2226
P-002227,12.952072,77.58255,F-07-01,D-0031,9,P-002224,LT-9m-PCC,W-64,560078,KSPDB-SD07-D-0031-2227
P-002228,12.951066,77.58333,F-07-01,D-0031,10,P-002226,LT-9m-PCC,W-92,560078,KSPDB-SD07-D-0031-2228
P-002229,12.951013,77.583529,F-07-01,D-0031,11,P-002228,LT-8m-PCC,W-15,560078,KSPDB-SD07-D-0031-2229
P-002230,12.951252,77.58347,F-07-01,D-0031,11,P-002228,LT-8m-PCC,W-47,560078,KSPDB-SD07-D-0031-2230
P-002231,12.950936,77.583325,F-07-01,D-0031,10,P-002226,LT-9m-PCC,W-60,560078,KSPDB-SD07-D-0031-2231
P-002232,12.950869,77.583142,F-07-01,D-0031,11,P-002231,LT-8m-Steel,W-44,560078,KSPDB-SD07-D-0031-2232
P-002233,12.950928,77.583268,F-07-01,D-0031,12,P-002232,LT-8m-Steel,W-78,560078,
P-002234,12.950755,77.583291,F-07-01,D-0031,13,P-002233,LT-8m-PCC,W-43,560078,KSPDB-SD07-D-0031-2234
P-002235,12.951135,77.583159,F-07-01,D-0031,11,P-002231,LT-8m-PCC,W-63,560078,KSPDB-SD07-D-0031-2235
P-002236,12.950784,77.583459,F-07-01,D-0031,14,P-002234,LT-9m-PCC,W-22,560078,KSPDB-SD07-D-0031-2236
P-002237,12.950745,77.583103,F-07-01,D-0031,12,P-002232,LT-8m-Steel,W-49,560078,
P-002238,12.950614,77.583138,F-07-01,D-0031,13,P-002237,LT-8m-Steel,W-32,560078,KSPDB-SD07-D-0031-2238
P-002239,12.95094,77.583129,F-07-01,D-0031,14,P-002234,LT-9m-PCC,W-45,560078,KSPDB-SD07-D-0031-2239
P-002240,12.951312,77.583285,F-07-01,D-0031,12,P-002235,LT-8m-Steel,W-46,560078,
P-002241,12.950838,77.582995,F-07-01,D-0031,15,P-002239,LT-8m-PCC,W-94,560078,KSPDB-SD07-D-0031-2241
P-002242,12.950504,77.583234,F-07-01,D-0031,14,P-002238,LT-8m-PCC,W-27,560078,KSPDB-SD07-D-0031-2242
P-002243,12.951149,77.583392,F-07-01,D-0031,13,P-002240,LT-8m-Steel,W-16,560078,KSPDB-SD07-D-0031-2243
P-002244,12.95117,77.583108,F-07-01,D-0031,13,P-002240,LT-8m-PCC,W-98,560078,KSPDB-SD07-D-0031-2244
P-002245,12.951027,77.583247,F-07-01,D-0031,14,P-002243,LT-8m-Steel,W-47,560078,KSPDB-SD07-D-0031-2245
P-002246,12.950445,77.583172,F-07-01,D-0031,15,P-002242,LT-9m-PCC,W-84,560078,KSPDB-SD07-D-0031-2246
P-002247,12.951114,77.583151,F-07-01,D-0031,15,P-002245,LT-8m-PCC,W-22,560078,KSPDB-SD07-D-0031-2247
P-002248,12.95032,77.578673,F-07-05,D-0032,1,,LT-8m-PCC,W-87,560078,KSPDB-SD07-D-0032-2248
P-002249,12.950195,77.57852,F-07-05,D-0032,2,P-002248,LT-8m-Steel,W-27,560078,KSPDB-SD07-D-0032-2249
P-002250,12.950202,77.578543,F-07-05,D-0032,3,P-002249,LT-9m-PCC,W-16,560078,KSPDB-SD07-D-0032-2250
P-002251,12.950515,77.57887,F-07-05,D-0032,2,P-002248,LT-9m-PCC,W-95,560078,KSPDB-SD07-D-0032-2251
P-002252,12.950428,77.578785,F-07-05,D-0032,3,P-002251,LT-8m-Steel,W-94,560078,KSPDB-SD07-D-0032-2252
P-002253,12.950462,77.578771,F-07-05,D-0032,2,P-002248,LT-9m-PCC,W-55,,KSPDB-SD07-D-0032-2253
P-002254,12.950197,77.578469,F-07-05,D-0032,4,P-002250,LT-8m-PCC,W-23,560078,KSPDB-SD07-D-0032-2254
P-002255,12.950652,77.578962,F-07-05,D-0032,3,P-002251,LT-8m-Steel,W-12,560078,KSPDB-SD07-D-0032-2255
P-002256,12.950595,77.57888,F-07-05,D-0032,4,P-002255,LT-8m-Steel,W-74,560078,KSPDB-SD07-D-0032-2256
P-002257,12.95019,77.578588,F-07-05,D-0032,5,P-002254,LT-8m-Steel,W-89,560078,KSPDB-SD07-D-0032-2257
P-002258,12.950509,77.578788,F-07-05,D-0032,3,P-002253,LT-9m-PCC,W-83,560078,KSPDB-SD07-D-0032-2258
P-002259,12.950397,77.578619,F-07-05,D-0032,4,P-002258,LT-8m-Steel,W-53,,KSPDB-SD07-D-0032-2259
P-002260,12.950245,77.578662,F-07-05,D-0032,5,P-002259,LT-9m-PCC,W-50,560078,KSPDB-SD07-D-0032-2260
P-002261,12.950429,77.578427,F-07-05,D-0032,5,P-002259,LT-8m-Steel,W-82,560078,KSPDB-SD07-D-0032-2261
P-002262,12.950461,77.578369,F-07-05,D-0032,6,P-002261,LT-9m-PCC,W-20,560078,KSPDB-SD07-D-0032-2262
P-002263,12.950705,77.578876,F-07-05,D-0032,4,P-002258,LT-8m-PCC,W-42,560078,KSPDB-SD07-D-0032-2263
P-002264,12.950694,77.578697,F-07-05,D-0032,5,P-002263,LT-9m-PCC,W-89,560078,KSPDB-SD07-D-0032-2264
P-002265,12.950079,77.578809,F-07-05,D-0032,6,P-002260,LT-9m-PCC,W-19,560078,KSPDB-SD07-D-0032-2265
P-002266,12.950581,77.578937,F-07-05,D-0032,5,P-002263,LT-9m-PCC,W-42,560078,KSPDB-SD07-D-0032-2266
P-002267,12.950894,77.578836,F-07-05,D-0032,5,P-002263,LT-8m-Steel,W-78,560078,KSPDB-SD07-D-0032-2267
P-002268,12.949881,77.578672,F-07-05,D-0032,7,P-002265,LT-8m-Steel,W-78,560078,
P-002269,12.950578,77.578762,F-07-05,D-0032,6,P-002264,LT-8m-Steel,W-22,560078,KSPDB-SD07-D-0032-2269
P-002270,12.950149,77.578897,F-07-05,D-0032,7,P-002265,LT-9m-PCC,W-15,560078,KSPDB-SD07-D-0032-2270
P-002271,12.950829,77.578675,F-07-05,D-0032,6,P-002267,LT-8m-PCC,W-74,560078,KSPDB-SD07-D-0032-2271
P-002272,12.950199,77.578963,F-07-05,D-0032,8,P-002270,LT-8m-PCC,W-56,560078,
P-002273,12.950717,77.578627,F-07-05,D-0032,7,P-002269,LT-8m-Steel,W-78,560078,KSPDB-SD07-D-0032-2273
P-002274,12.950836,77.578672,F-07-05,D-0032,7,P-002271,LT-9m-PCC,W-39,560078,KSPDB-SD07-D-0032-2274
P-002275,12.950919,77.578823,F-07-05,D-0032,7,P-002271,LT-9m-PCC,W-26,560078,KSPDB-SD07-D-0032-2275
P-002276,12.95019,77.578889,F-07-05,D-0032,9,P-002272,LT-9m-PCC,W-99,560078,KSPDB-SD07-D-0032-2276
P-002277,12.950779,77.57886,F-07-05,D-0032,8,P-002275,LT-9m-PCC,W-65,560078,
P-002278,12.950033,77.578737,F-07-05,D-0032,10,P-002276,LT-8m-Steel,W-75,560078,KSPDB-SD07-D-0032-2278
P-002279,12.950977,77.578653,F-07-05,D-0032,8,P-002274,LT-9m-PCC,W-54,560078,KSPDB-SD07-D-0032-2279
P-002280,12.951042,77.578667,F-07-05,D-0032,8,P-002275,LT-8m-Steel,W-88,560078,KSPDB-SD07-D-0032-2280
P-002281,12.950627,77.578871,F-07-05,D-0032,9,P-002277,LT-9m-PCC,W-57,560078,KSPDB-SD07-D-0032-2281
P-002282,12.951103,77.578841,F-07-05,D-0032,9,P-002280,LT-9m-PCC,W-63,560078,KSPDB-SD07-D-0032-2282
P-002283,12.950922,77.57867,F-07-05,D-0032,9,P-002279,LT-8m-Steel,W-61,,
P-002284,12.951205,77.578678,F-07-05,D-0032,10,P-002282,LT-8m-PCC,W-12,560078,KSPDB-SD07-D-0032-2284
P-002285,12.950937,77.578693,F-07-05,D-0032,9,P-002280,LT-8m-Steel,W-26,560078,
P-002286,12.950691,77.578937,F-07-05,D-0032,10,P-002281,LT-8m-Steel,W-59,560078,KSPDB-SD07-D-0032-2286
P-002287,12.950956,77.578776,F-07-05,D-0032,10,P-002283,LT-8m-Steel,W-65,560078,KSPDB-SD07-D-0032-2287
P-002288,12.951344,77.578809,F-07-05,D-0032,11,P-002284,LT-8m-PCC,W-52,560078,KSPDB-SD07-D-0032-2288
P-002289,12.951109,77.578842,F-07-05,D-0032,11,P-002287,LT-8m-PCC,W-21,560078,KSPDB-SD07-D-0032-2289
P-002290,12.951332,77.578719,F-07-05,D-0032,12,P-002288,LT-8m-Steel,W-79,560078,KSPDB-SD07-D-0032-2290
P-002291,12.95052,77.578739,F-07-05,D-0032,11,P-002286,LT-9m-PCC,W-29,560078,
P-002292,12.95091,77.578769,F-07-05,D-0032,11,P-002287,LT-8m-Steel,W-50,560078,KSPDB-SD07-D-0032-2292
P-002293,12.950855,77.578915,F-07-05,D-0032,12,P-002292,LT-8m-Steel,W-52,560078,KSPDB-SD07-D-0032-2293
P-002294,12.951139,77.578881,F-07-05,D-0032,13,P-002290,LT-9m-PCC,W-24,560078,KSPDB-SD07-D-0032-2294
P-002295,12.951252,77.579014,F-07-05,D-0032,14,P-002294,LT-9m-PCC,W-68,560078,KSPDB-SD07-D-0032-2295
P-002296,12.950724,77.578623,F-07-05,D-0032,12,P-002292,LT-8m-PCC,W-93,560078,KSPDB-SD07-D-0032-2296
P-002297,12.950613,77.578469,F-07-05,D-0032,13,P-002296,LT-8m-Steel,W-90,560078,KSPDB-SD07-D-0032-2297
P-002298,12.950706,77.578449,F-07-05,D-0032,13,P-002296,LT-9m-PCC,W-52,560078,KSPDB-SD07-D-0032-2298
P-002299,12.950609,77.57857,F-07-05,D-0032,14,P-002298,LT-8m-Steel,W-11,560078,KSPDB-SD07-D-0032-2299
P-002300,12.950575,77.578269,F-07-05,D-0032,14,P-002298,LT-9m-PCC,W-64,560078,KSPDB-SD07-D-0032-2300
P-002301,12.950463,77.578107,F-07-05,D-0032,15,P-002300,LT-8m-PCC,W-33,,KSPDB-SD07-D-0032-2301
P-002302,12.9504,77.578069,F-07-05,D-0032,16,P-002301,LT-8m-PCC,W-35,560078,KSPDB-SD07-D-0032-2302
P-002303,12.950647,77.57838,F-07-05,D-0032,14,P-002298,LT-8m-PCC,W-74,560078,KSPDB-SD07-D-0032-2303
P-002304,12.950486,77.57826,F-07-05,D-0032,15,P-002300,LT-8m-PCC,W-36,560078,KSPDB-SD07-D-0032-2304
P-002305,12.950208,77.578255,F-07-05,D-0032,17,P-002302,LT-9m-PCC,W-64,560078,KSPDB-SD07-D-0032-2305
P-002306,12.950658,77.57831,F-07-05,D-0032,15,P-002303,LT-8m-Steel,W-82,560078,KSPDB-SD07-D-0032-2306
P-002307,12.95082,77.578248,F-07-05,D-0032,16,P-002306,LT-8m-Steel,W-87,560078,
P-002308,12.950384,77.57806,F-07-05,D-0032,18,P-002305,LT-9m-PCC,W-55,560078,KSPDB-SD07-D-0032-2308
P-002309,12.950835,77.578218,F-07-05,D-0032,16,P-002306,LT-9m-PCC,W-77,,KSPDB-SD07-D-0032-2309
P-002310,12.950327,77.578105,F-07-05,D-0032,18,P-002305,LT-8m-Steel,W-93,560078,KSPDB-SD07-D-0032-2310
P-002311,12.950773,77.578356,F-07-05,D-0032,16,P-002306,LT-8m-PCC,W-41,560078,KSPDB-SD07-D-0032-2311
P-002312,12.950983,77.578126,F-07-05,D-0032,17,P-002307,LT-8m-Steel,W-73,560078,KSPDB-SD07-D-0032-2312
P-002313,12.950206,77.577919,F-07-05,D-0032,19,P-002308,LT-8m-Steel,W-89,560078,KSPDB-SD07-D-0032-2313
P-002314,12.950366,77.578083,F-07-05,D-0032,20,P-002313,LT-8m-PCC,W-78,560078,
P-002315,12.951156,77.578047,F-07-05,D-0032,18,P-002312,LT-8m-Steel,W-39,560078,KSPDB-SD07-D-0032-2315
P-002316,12.950792,77.57816,F-07-05,D-0032,17,P-002311,LT-8m-PCC,W-34,560078,
P-002317,12.950828,77.578023,F-07-05,D-0032,18,P-002312,LT-8m-Steel,W-26,560078,KSPDB-SD07-D-0032-2317
P-002318,12.950831,77.578049,F-07-05,D-0032,19,P-002317,LT-8m-PCC,W-56,560078,KSPDB-SD07-D-0032-2318
P-002319,12.951294,77.578036,F-07-05,D-0032,19,P-002315,LT-8m-PCC,W-48,560078,KSPDB-SD07-D-0032-2319
P-002320,12.950862,77.578062,F-07-05,D-0032,20,P-002318,LT-9m-PCC,W-32,560078,KSPDB-SD07-D-0032-2320
P-002321,12.950922,77.578333,F-07-05,D-0032,18,P-002316,LT-8m-PCC,W-27,560078,KSPDB-SD07-D-0032-2321
P-002322,12.950832,77.578006,F-07-05,D-0032,21,P-002320,LT-9m-PCC,W-20,560078,KSPDB-SD07-D-0032-2322
P-002323,12.950837,77.578495,F-07-05,D-0032,19,P-002321,LT-9m-PCC,W-19,560078,KSPDB-SD07-D-0032-2323
P-002324,12.951044,77.57809,F-07-05,D-0032,21,P-002320,LT-9m-PCC,W-77,560078,KSPDB-SD07-D-0032-2324
P-002325,12.95107,77.578203,F-07-05,D-0032,19,P-002321,LT-8m-PCC,W-16,560078,KSPDB-SD07-D-0032-2325
P-002326,12.951022,77.57846,F-07-05,D-0032,19,P-002321,LT-8m-PCC,W-20,560078,KSPDB-SD07-D-0032-2326
P-002327,12.950956,77.577912,F-07-05,D-0032,22,P-002324,LT-8m-Steel,W-85,560078,KSPDB-SD07-D-0032-2327
P-002328,12.951122,77.578616,F-07-05,D-0032,20,P-002326,LT-8m-Steel,W-79,560078,KSPDB-SD07-D-0032-2328
P-002329,12.951104,77.578119,F-07-05,D-0032,22,P-002324,LT-8m-PCC,W-92,560078,KSPDB-SD07-D-0032-2329
P-002330,12.951016,77.578075,F-07-05,D-0032,20,P-002325,LT-9m-PCC,W-87,560078,KSPDB-SD07-D-0032-2330
P-002331,12.951034,77.578039,F-07-05,D-0032,23,P-002327,LT-9m-PCC,W-32,560078,KSPDB-SD07-D-0032-2331
P-002332,12.950943,77.577951,F-07-05,D-0032,23,P-002327,LT-9m-PCC,W-62,560078,KSPDB-SD07-D-0032-2332
P-002333,12.950873,77.578148,F-07-05,D-0032,21,P-002330,LT-8m-PCC,W-51,560078,KSPDB-SD07-D-0032-2333
P-002334,12.950312,77.601939,F-07-04,D-0033,1,,LT-8m-Steel,W-71,560078,KSPDB-SD07-D-0033-2334
P-002335,12.95016,77.60191,F-07-04,D-0033,2,P-002334,LT-8m-Steel,W-39,560078,KSPDB-SD07-D-0033-2335
P-002336,12.950186,77.601964,F-07-04,D-0033,2,P-002334,LT-8m-Steel,W-16,560078,KSPDB-SD07-D-0033-2336
P-002337,12.950342,77.602052,F-07-04,D-0033,2,P-002334,LT-8m-PCC,W-34,560078,KSPDB-SD07-D-0033-2337
P-002338,12.950043,77.602106,F-07-04,D-0033,3,P-002336,LT-8m-Steel,W-66,560078,KSPDB-SD07-D-0033-2338
P-002339,12.950034,77.602091,F-07-04,D-0033,4,P-002338,LT-8m-PCC,W-76,560078,KSPDB-SD07-D-0033-2339
P-002340,12.950445,77.602112,F-07-04,D-0033,3,P-002337,LT-8m-PCC,W-35,560078,KSPDB-SD07-D-0033-2340
P-002341,12.950436,77.602189,F-07-04,D-0033,4,P-002340,LT-8m-PCC,W-34,560078,KSPDB-SD07-D-0033-2341
P-002342,12.950296,77.60212,F-07-04,D-0033,3,P-002337,LT-8m-Steel,W-37,560078,KSPDB-SD07-D-0033-2342
P-002343,12.950198,77.602122,F-07-04,D-0033,4,P-002342,LT-8m-PCC,W-75,560078,KSPDB-SD07-D-0033-2343
P-002344,12.950459,77.602147,F-07-04,D-0033,4,P-002342,LT-8m-Steel,W-50,560078,
P-002345,12.950403,77.601982,F-07-04,D-0033,4,P-002342,LT-9m-PCC,W-12,,KSPDB-SD07-D-0033-2345
P-002346,12.950396,77.602121,F-07-04,D-0033,5,P-002344,LT-8m-Steel,W-83,560078,KSPDB-SD07-D-0033-2346
P-002347,12.950579,77.602054,F-07-04,D-0033,5,P-002344,LT-8m-PCC,W-58,560078,KSPDB-SD07-D-0033-2347
P-002348,12.950757,77.602127,F-07-04,D-0033,6,P-002347,LT-8m-Steel,W-46,560078,KSPDB-SD07-D-0033-2348
P-002349,12.950379,77.602014,F-07-04,D-0033,6,P-002347,LT-8m-PCC,W-84,560078,KSPDB-SD07-D-0033-2349
P-002350,12.950336,77.602045,F-07-04,D-0033,5,P-002345,LT-8m-Steel,W-13,560078,KSPDB-SD07-D-0033-2350
P-002351,12.95015,77.601958,F-07-04,D-0033,6,P-002350,LT-9m-PCC,W-75,560078,KSPDB-SD07-D-0033-2351
P-002352,12.950797,77.60231,F-07-04,D-0033,7,P-002348,LT-9m-PCC,W-98,560078,
P-002353,12.950732,77.602193,F-07-04,D-0033,7,P-002348,LT-8m-Steel,W-37,560078,KSPDB-SD07-D-0033-2353
P-002354,12.950971,77.602437,F-07-04,D-0033,8,P-002352,LT-8m-PCC,W-49,560078,KSPDB-SD07-D-0033-2354
P-002355,12.94999,77.601924,F-07-04,D-0033,7,P-002351,LT-8m-Steel,W-27,560078,KSPDB-SD07-D-0033-2355
P-002356,12.95,77.602087,F-07-04,D-0033,7,P-002351,LT-8m-PCC,W-61,560078,KSPDB-SD07-D-0033-2356
P-002357,12.950089,77.602043,F-07-04,D-0033,8,P-002355,LT-9m-PCC,W-10,560078,KSPDB-SD07-D-0033-2357
P-002358,12.95062,77.602067,F-07-04,D-0033,8,P-002353,LT-8m-Steel,W-41,560078,KSPDB-SD07-D-0033-2358
P-002359,12.950065,77.602065,F-07-04,D-0033,8,P-002355,LT-8m-Steel,W-85,560078,
P-002360,12.950209,77.601889,F-07-04,D-0033,9,P-002359,LT-8m-Steel,W-94,560078,KSPDB-SD07-D-0033-2360
P-002361,12.950035,77.60209,F-07-04,D-0033,9,P-002357,LT-9m-PCC,W-92,560078,KSPDB-SD07-D-0033-2361
P-002362,12.950149,77.601898,F-07-04,D-0033,9,P-002359,LT-9m-PCC,W-22,560078,KSPDB-SD07-D-0033-2362
P-002363,12.950231,77.602014,F-07-04,D-0033,10,P-002362,LT-8m-PCC,W-27,560078,KSPDB-SD07-D-0033-2363
P-002364,12.949995,77.602107,F-07-04,D-0033,9,P-002359,LT-9m-PCC,W-88,560078,
P-002365,12.95029,77.60197,F-07-04,D-0033,10,P-002360,LT-8m-Steel,W-32,560078,KSPDB-SD07-D-0033-2365
P-002366,12.950088,77.602303,F-07-04,D-0033,10,P-002364,LT-8m-Steel,W-70,560078,KSPDB-SD07-D-0033-2366
P-002367,12.950302,77.601748,F-07-04,D-0033,10,P-002362,LT-9m-PCC,W-35,560078,KSPDB-SD07-D-0033-2367
P-002368,12.950475,77.60184,F-07-04,D-0033,11,P-002367,LT-9m-PCC,W-78,560078,KSPDB-SD07-D-0033-2368
P-002369,12.949809,77.602275,F-07-04,D-0033,10,P-002364,LT-8m-PCC,W-73,560078,KSPDB-SD07-D-0033-2369
P-002370,12.950247,77.602239,F-07-04,D-0033,11,P-002366,LT-8m-PCC,W-16,560078,
P-002371,12.950177,77.602298,F-07-04,D-0033,11,P-002366,LT-8m-Steel,W-88,560078,
P-002372,12.950306,77.601804,F-07-04,D-0033,12,P-002368,LT-8m-PCC,W-51,560078,KSPDB-SD07-D-0033-2372
P-002373,12.950398,77.601677,F-07-04,D-0033,13,P-002372,LT-9m-PCC,W-92,560078,KSPDB-SD07-D-0033-2373
P-002374,12.950427,77.601484,F-07-04,D-0033,14,P-002373,LT-9m-PCC,W-14,560078,KSPDB-SD07-D-0033-2374
P-002375,12.950175,77.601805,F-07-04,D-0033,13,P-002372,LT-9m-PCC,W-87,560078,KSPDB-SD07-D-0033-2375
P-002376,12.950542,77.601719,F-07-04,D-0033,14,P-002373,LT-9m-PCC,W-38,560078,KSPDB-SD07-D-0033-2376
P-002377,12.950276,77.601697,F-07-04,D-0033,14,P-002375,LT-8m-Steel,W-36,560078,KSPDB-SD07-D-0033-2377
P-002378,12.950218,77.601519,F-07-04,D-0033,15,P-002377,LT-9m-PCC,W-91,560078,
P-002379,12.95004,77.601901,F-07-04,D-0033,14,P-002375,LT-8m-Steel,W-40,560078,
P-002380,12.950131,77.601768,F-07-04,D-0033,15,P-002377,LT-8m-PCC,W-31,560078,KSPDB-SD07-D-0033-2380
P-002381,12.950741,77.601848,F-07-04,D-0033,15,P-002376,LT-8m-Steel,W-41,560078,KSPDB-SD07-D-0033-2381
P-002382,12.950372,77.601428,F-07-04,D-0033,16,P-002378,LT-8m-Steel,W-77,560078,KSPDB-SD07-D-0033-2382
P-002383,12.950066,77.60182,F-07-04,D-0033,16,P-002380,LT-8m-PCC,W-24,560078,KSPDB-SD07-D-0033-2383
P-002384,12.949996,77.601739,F-07-04,D-0033,17,P-002383,LT-9m-PCC,W-54,560078,KSPDB-SD07-D-0033-2384
P-002385,12.95047,77.601574,F-07-04,D-0033,17,P-002382,LT-8m-PCC,W-95,560078,KSPDB-SD07-D-0033-2385
P-002386,12.950624,77.601682,F-07-04,D-0033,18,P-002385,LT-8m-PCC,W-96,560078,KSPDB-SD07-D-0033-2386
P-002387,12.950018,77.601887,F-07-04,D-0033,18,P-002384,LT-8m-Steel,W-81,560078,
P-002388,12.950046,77.602009,F-07-04,D-0033,19,P-002387,LT-9m-PCC,W-16,560078,KSPDB-SD07-D-0033-2388
P-002389,12.950526,77.601607,F-07-04,D-0033,19,P-002386,LT-8m-Steel,W-92,560078,KSPDB-SD07-D-0033-2389
P-002390,12.95014,77.601841,F-07-04,D-0033,20,P-002388,LT-9m-PCC,W-70,560078,KSPDB-SD07-D-0033-2390
P-002391,12.950014,77.602116,F-07-04,D-0033,20,P-002388,LT-9m-PCC,W-49,560078,KSPDB-SD07-D-0033-2391
P-002392,12.950144,77.601712,F-07-04,D-0033,19,P-002387,LT-8m-PCC,W-90,,KSPDB-SD07-D-0033-2392
P-002393,12.949869,77.601916,F-07-04,D-0033,20,P-002388,LT-9m-PCC,W-42,560078,KSPDB-SD07-D-0033-2393
P-002394,12.957065,77.591031,F-07-05,D-0034,1,,LT-8m-Steel,W-26,560078,KSPDB-SD07-D-0034-2394
P-002395,12.956963,77.590891,F-07-05,D-0034,2,P-002394,LT-8m-Steel,W-21,560078,KSPDB-SD07-D-0034-2395
P-002396,12.957247,77.590897,F-07-05,D-0034,2,P-002394,LT-9m-PCC,W-84,560078,KSPDB-SD07-D-0034-2396
P-002397,12.957226,77.591007,F-07-05,D-0034,3,P-002396,LT-8m-PCC,W-81,560078,KSPDB-SD07-D-0034-2397
P-002398,12.95711,77.590916,F-07-05,D-0034,4,P-002397,LT-8m-PCC,W-44,560078,KSPDB-SD07-D-0034-2398
P-002399,12.957309,77.591083,F-07-05,D-0034,4,P-002397,LT-9m-PCC,W-90,560078,KSPDB-SD07-D-0034-2399
P-002400,12.957281,77.590839,F-07-05,D-0034,3,P-002396,LT-9m-PCC,W-20,560078,KSPDB-SD07-D-0034-2400
P-002401,12.957238,77.591086,F-07-05,D-0034,4,P-002397,LT-8m-PCC,W-96,560078,KSPDB-SD07-D-0034-2401
P-002402,12.957204,77.591088,F-07-05,D-0034,4,P-002397,LT-8m-PCC,W-19,560078,KSPDB-SD07-D-0034-2402
P-002403,12.957232,77.591266,F-07-05,D-0034,5,P-002402,LT-9m-PCC,W-36,560078,KSPDB-SD07-D-0034-2403
P-002404,12.95735,77.591123,F-07-05,D-0034,5,P-002401,LT-9m-PCC,W-65,560078,KSPDB-SD07-D-0034-2404
P-002405,12.957461,77.590736,F-07-05,D-0034,4,P-002400,LT-8m-Steel,W-51,560078,KSPDB-SD07-D-0034-2405
P-002406,12.957065,77.591297,F-07-05,D-0034,6,P-002403,LT-9m-PCC,W-19,560078,KSPDB-SD07-D-0034-2406
P-002407,12.957056,77.591409,F-07-05,D-0034,7,P-002406,LT-8m-Steel,W-50,560078,
P-002408,12.957244,77.591457,F-07-05,D-0034,8,P-002407,LT-8m-PCC,W-94,560078,KSPDB-SD07-D-0034-2408
P-002409,12.957276,77.591015,F-07-05,D-0034,6,P-002404,LT-8m-Steel,W-72,560078,
P-002410,12.957216,77.591379,F-07-05,D-0034,9,P-002408,LT-9m-PCC,W-86,560078,
P-002411,12.957383,77.591465,F-07-05,D-0034,9,P-002408,LT-8m-PCC,W-93,560078,KSPDB-SD07-D-0034-2411
P-002412,12.957271,77.59126,F-07-05,D-0034,10,P-002410,LT-8m-Steel,W-34,560078,KSPDB-SD07-D-0034-2412
P-002413,12.9572,77.591343,F-07-05,D-0034,10,P-002410,LT-8m-Steel,W-78,560078,KSPDB-SD07-D-0034-2413
P-002414,12.957235,77.591315,F-07-05,D-0034,11,P-002413,LT-9m-PCC,W-40,560078,KSPDB-SD07-D-0034-2414
P-002415,12.957151,77.591448,F-07-05,D-0034,11,P-002413,LT-9m-PCC,W-80,560078,KSPDB-SD07-D-0034-2415
P-002416,12.957123,77.591274,F-07-05,D-0034,12,P-002414,LT-8m-PCC,W-74,560078,
P-002417,12.956944,77.591417,F-07-05,D-0034,13,P-002416,LT-8m-Steel,W-16,560078,KSPDB-SD07-D-0034-2417
P-002418,12.957292,77.591148,F-07-05,D-0034,13,P-002416,LT-9m-PCC,W-55,560078,KSPDB-SD07-D-0034-2418
P-002419,12.956944,77.591196,F-07-05,D-0034,13,P-002416,LT-9m-PCC,W-55,560078,
P-002420,12.956808,77.591156,F-07-05,D-0034,14,P-002419,LT-8m-PCC,W-32,560078,KSPDB-SD07-D-0034-2420
P-002421,12.957047,77.591486,F-07-05,D-0034,14,P-002417,LT-8m-PCC,W-54,560078,KSPDB-SD07-D-0034-2421
P-002422,12.956645,77.591124,F-07-05,D-0034,15,P-002420,LT-9m-PCC,W-69,560078,KSPDB-SD07-D-0034-2422
P-002423,12.957111,77.59137,F-07-05,D-0034,15,P-002421,LT-9m-PCC,W-60,560078,KSPDB-SD07-D-0034-2423
P-002424,12.956649,77.591234,F-07-05,D-0034,16,P-002422,LT-9m-PCC,W-58,560078,KSPDB-SD07-D-0034-2424
P-002425,12.956493,77.591424,F-07-05,D-0034,17,P-002424,LT-9m-PCC,W-14,,KSPDB-SD07-D-0034-2425
P-002426,12.956972,77.591663,F-07-05,D-0034,15,P-002421,LT-8m-Steel,W-86,560078,KSPDB-SD07-D-0034-2426
P-002427,12.956529,77.591221,F-07-05,D-0034,16,P-002422,LT-8m-PCC,W-98,560078,KSPDB-SD07-D-0034-2427
P-002428,12.956742,77.591084,F-07-05,D-0034,17,P-002424,LT-8m-Steel,W-12,560078,KSPDB-SD07-D-0034-2428
P-002429,12.956351,77.591585,F-07-05,D-0034,18,P-002425,LT-8m-Steel,W-95,560078,KSPDB-SD07-D-0034-2429
P-002430,12.956549,77.591117,F-07-05,D-0034,17,P-002427,LT-8m-Steel,W-90,560078,KSPDB-SD07-D-0034-2430
P-002431,12.956743,77.591268,F-07-05,D-0034,18,P-002428,LT-8m-Steel,W-31,560078,
P-002432,12.956641,77.591195,F-07-05,D-0034,17,P-002427,LT-8m-PCC,W-75,560078,KSPDB-SD07-D-0034-2432
P-002433,12.956831,77.591065,F-07-05,D-0034,18,P-002432,LT-8m-Steel,W-20,560078,
P-002434,12.956632,77.591407,F-07-05,D-0034,19,P-002431,LT-8m-Steel,W-38,560078,KSPDB-SD07-D-0034-2434
P-002435,12.956761,77.591113,F-07-05,D-0034,18,P-002432,LT-8m-Steel,W-47,,KSPDB-SD07-D-0034-2435
P-002436,12.956933,77.591144,F-07-05,D-0034,19,P-002433,LT-8m-PCC,W-37,560078,KSPDB-SD07-D-0034-2436
P-002437,12.956978,77.591248,F-07-05,D-0034,19,P-002433,LT-9m-PCC,W-26,560078,KSPDB-SD07-D-0034-2437
P-002438,12.957042,77.591246,F-07-05,D-0034,20,P-002436,LT-8m-PCC,W-70,560078,KSPDB-SD07-D-0034-2438
P-002439,12.957117,77.59108,F-07-05,D-0034,20,P-002436,LT-9m-PCC,W-30,560078,KSPDB-SD07-D-0034-2439
P-002440,12.956838,77.591119,F-07-05,D-0034,19,P-002435,LT-8m-PCC,W-31,560078,KSPDB-SD07-D-0034-2440
P-002441,12.956987,77.591339,F-07-05,D-0034,21,P-002438,LT-8m-PCC,W-35,560078,KSPDB-SD07-D-0034-2441
P-002442,12.95715,77.590979,F-07-05,D-0034,21,P-002439,LT-8m-PCC,W-17,560078,KSPDB-SD07-D-0034-2442
P-002443,12.957105,77.591096,F-07-05,D-0034,21,P-002439,LT-8m-PCC,W-83,560078,KSPDB-SD07-D-0034-2443
P-002444,12.95703,77.591073,F-07-05,D-0034,21,P-002439,LT-8m-PCC,W-73,560078,KSPDB-SD07-D-0034-2444
P-002445,12.957157,77.591131,F-07-05,D-0034,22,P-002442,LT-9m-PCC,W-23,560078,KSPDB-SD07-D-0034-2445
P-002446,12.956929,77.591211,F-07-05,D-0034,22,P-002441,LT-8m-Steel,W-82,560078,KSPDB-SD07-D-0034-2446
P-002447,12.957337,77.590999,F-07-05,D-0034,23,P-002445,LT-9m-PCC,W-72,560078,KSPDB-SD07-D-0034-2447
P-002448,12.957119,77.590973,F-07-05,D-0034,22,P-002443,LT-9m-PCC,W-24,560078,KSPDB-SD07-D-0034-2448
P-002449,12.956965,77.591138,F-07-05,D-0034,23,P-002445,LT-9m-PCC,W-11,560078,KSPDB-SD07-D-0034-2449
P-002450,12.95714,77.591049,F-07-05,D-0034,23,P-002445,LT-8m-PCC,W-31,560078,KSPDB-SD07-D-0034-2450
P-002451,12.956901,77.591037,F-07-05,D-0034,24,P-002449,LT-9m-PCC,W-68,560078,KSPDB-SD07-D-0034-2451
P-002452,12.957004,77.590873,F-07-05,D-0034,25,P-002451,LT-9m-PCC,W-29,560078,
P-002453,12.957102,77.590959,F-07-05,D-0034,23,P-002448,LT-9m-PCC,W-85,560078,KSPDB-SD07-D-0034-2453
P-002454,12.956854,77.59112,F-07-05,D-0034,24,P-002449,LT-8m-Steel,W-53,560078,KSPDB-SD07-D-0034-2454
P-002455,12.957154,77.590884,F-07-05,D-0034,24,P-002453,LT-8m-PCC,W-39,560078,KSPDB-SD07-D-0034-2455
P-002456,12.956931,77.590885,F-07-05,D-0034,26,P-002452,LT-8m-PCC,W-13,560078,KSPDB-SD07-D-0034-2456
P-002457,12.957203,77.591081,F-07-05,D-0034,24,P-002453,LT-9m-PCC,W-40,560078,KSPDB-SD07-D-0034-2457
P-002458,12.956883,77.590926,F-07-05,D-0034,25,P-002454,LT-8m-Steel,W-47,560078,KSPDB-SD07-D-0034-2458
P-002459,12.957313,77.591036,F-07-05,D-0034,25,P-002457,LT-9m-PCC,W-36,560078,KSPDB-SD07-D-0034-2459
P-002460,12.956775,77.590903,F-07-05,D-0034,27,P-002456,LT-8m-PCC,W-85,560078,KSPDB-SD07-D-0034-2460
P-002461,12.957344,77.591158,F-07-05,D-0034,25,P-002457,LT-8m-PCC,W-62,560078,KSPDB-SD07-D-0034-2461
P-002462,12.957433,77.591226,F-07-05,D-0034,26,P-002461,LT-8m-PCC,W-72,560078,KSPDB-SD07-D-0034-2462
P-002463,12.95747,77.591195,F-07-05,D-0034,26,P-002459,LT-9m-PCC,W-64,560078,KSPDB-SD07-D-0034-2463
P-002464,12.957432,77.591269,F-07-05,D-0034,27,P-002463,LT-8m-PCC,W-21,560078,KSPDB-SD07-D-0034-2464
P-002465,12.957629,77.591247,F-07-05,D-0034,27,P-002463,LT-8m-PCC,W-42,560078,KSPDB-SD07-D-0034-2465
P-002466,12.957419,77.591073,F-07-05,D-0034,28,P-002464,LT-9m-PCC,W-33,560078,
P-002467,12.95728,77.591121,F-07-05,D-0034,29,P-002466,LT-8m-PCC,W-62,560078,KSPDB-SD07-D-0034-2467
P-002468,12.957449,77.591329,F-07-05,D-0034,28,P-002465,LT-9m-PCC,W-81,560078,KSPDB-SD07-D-0034-2468
P-002469,12.957384,77.591011,F-07-05,D-0034,29,P-002466,LT-8m-Steel,W-52,560078,KSPDB-SD07-D-0034-2469
P-002470,12.95742,77.590899,F-07-05,D-0034,30,P-002469,LT-8m-Steel,W-77,560078,KSPDB-SD07-D-0034-2470
P-002471,12.957502,77.590988,F-07-05,D-0034,29,P-002466,LT-9m-PCC,W-29,560078,KSPDB-SD07-D-0034-2471
P-002472,12.957435,77.590966,F-07-05,D-0034,30,P-002467,LT-8m-PCC,W-33,560078,KSPDB-SD07-D-0034-2472
P-002473,12.957333,77.591174,F-07-05,D-0034,29,P-002468,LT-9m-PCC,W-65,560078,KSPDB-SD07-D-0034-2473
P-002474,12.957519,77.59085,F-07-05,D-0034,31,P-002470,LT-9m-PCC,W-51,560078,KSPDB-SD07-D-0034-2474
P-002475,12.957312,77.590769,F-07-05,D-0034,31,P-002472,LT-9m-PCC,W-66,560078,KSPDB-SD07-D-0034-2475
P-002476,12.969651,77.574911,F-07-05,D-0035,1,,LT-8m-Steel,W-61,560078,
P-002477,12.969744,77.574966,F-07-05,D-0035,2,P-002476,LT-9m-PCC,W-10,560078,KSPDB-SD07-D-0035-2477
P-002478,12.969546,77.574926,F-07-05,D-0035,2,P-002476,LT-8m-Steel,W-96,560078,KSPDB-SD07-D-0035-2478
P-002479,12.969893,77.574799,F-07-05,D-0035,3,P-002477,LT-8m-Steel,W-41,560078,KSPDB-SD07-D-0035-2479
P-002480,12.969451,77.5751,F-07-05,D-0035,2,P-002476,LT-8m-PCC,W-56,560078,KSPDB-SD07-D-0035-2480
P-002481,12.96964,77.574892,F-07-05,D-0035,2,P-002476,LT-8m-Steel,W-49,560078,
P-002482,12.969741,77.574962,F-07-05,D-0035,4,P-002479,LT-8m-PCC,W-51,560078,KSPDB-SD07-D-0035-2482
P-002483,12.969479,77.574765,F-07-05,D-0035,3,P-002481,LT-9m-PCC,W-85,560078,KSPDB-SD07-D-0035-2483
P-002484,12.969712,77.574804,F-07-05,D-0035,3,P-002481,LT-9m-PCC,W-28,560078,
P-002485,12.969669,77.574759,F-07-05,D-0035,3,P-002481,LT-9m-PCC,W-74,560078,KSPDB-SD07-D-0035-2485
P-002486,12.969506,77.574803,F-07-05,D-0035,3,P-002481,LT-9m-PCC,W-67,560078,KSPDB-SD07-D-0035-2486
P-002487,12.969533,77.574622,F-07-05,D-0035,4,P-002484,LT-8m-PCC,W-16,560078,KSPDB-SD07-D-0035-2487
P-002488,12.969865,77.574958,F-07-05,D-0035,4,P-002484,LT-9m-PCC,W-92,560078,KSPDB-SD07-D-0035-2488
P-002489,12.969647,77.574588,F-07-05,D-0035,4,P-002485,LT-8m-Steel,W-69,560078,KSPDB-SD07-D-0035-2489
P-002490,12.969449,77.574783,F-07-05,D-0035,4,P-002486,LT-8m-PCC,W-45,560078,KSPDB-SD07-D-0035-2490
P-002491,12.969499,77.574791,F-07-05,D-0035,4,P-002486,LT-8m-Steel,W-87,560078,KSPDB-SD07-D-0035-2491
P-002492,12.969854,77.574962,F-07-05,D-0035,5,P-002488,LT-8m-PCC,W-38,560078,KSPDB-SD07-D-0035-2492
P-002493,12.969269,77.57494,F-07-05,D-0035,5,P-002490,LT-8m-Steel,W-74,560078,KSPDB-SD07-D-0035-2493
P-002494,12.969359,77.574712,F-07-05,D-0035,5,P-002491,LT-9m-PCC,W-66,560078,KSPDB-SD07-D-0035-2494
P-002495,12.969742,77.574932,F-07-05,D-0035,6,P-002492,LT-8m-Steel,W-58,560078,KSPDB-SD07-D-0035-2495
P-002496,12.969344,77.574775,F-07-05,D-0035,5,P-002491,LT-9m-PCC,W-13,560078,KSPDB-SD07-D-0035-2496
P-002497,12.969809,77.574876,F-07-05,D-0035,6,P-002492,LT-8m-Steel,W-34,560078,KSPDB-SD07-D-0035-2497
P-002498,12.969368,77.574887,F-07-05,D-0035,6,P-002496,LT-8m-Steel,W-77,560078,KSPDB-SD07-D-0035-2498
P-002499,12.969219,77.574585,F-07-05,D-0035,6,P-002496,LT-9m-PCC,W-81,560078,KSPDB-SD07-D-0035-2499
P-002500,12.969387,77.574648,F-07-05,D-0035,6,P-002496,LT-9m-PCC,W-25,560078,KSPDB-SD07-D-0035-2500
P-002501,12.969401,77.574484,F-07-05,D-0035,7,P-002499,LT-8m-Steel,W-17,560078,KSPDB-SD07-D-0035-2501
P-002502,12.969439,77.574951,F-07-05,D-0035,7,P-002498,LT-9m-PCC,W-53,560078,KSPDB-SD07-D-0035-2502
P-002503,12.969521,77.574697,F-07-05,D-0035,7,P-002500,LT-8m-Steel,W-57,560078,KSPDB-SD07-D-0035-2503
P-002504,12.969232,77.574576,F-07-05,D-0035,7,P-002500,LT-8m-Steel,W-36,560078,KSPDB-SD07-D-0035-2504
P-002505,12.969339,77.574785,F-07-05,D-0035,8,P-002502,LT-9m-PCC,W-13,,KSPDB-SD07-D-0035-2505
P-002506,12.969224,77.574503,F-07-05,D-0035,8,P-002504,LT-9m-PCC,W-85,560078,KSPDB-SD07-D-0035-2506
P-002507,12.969629,77.574745,F-07-05,D-0035,8,P-002503,LT-8m-Steel,W-68,560078,KSPDB-SD07-D-0035-2507
P-002508,12.969715,77.574665,F-07-05,D-0035,8,P-002503,LT-8m-PCC,W-70,560078,KSPDB-SD07-D-0035-2508
P-002509,12.969595,77.574559,F-07-05,D-0035,9,P-002508,LT-9m-PCC,W-36,560078,KSPDB-SD07-D-0035-2509
P-002510,12.969382,77.574362,F-07-05,D-0035,9,P-002506,LT-9m-PCC,W-23,560078,KSPDB-SD07-D-0035-2510
P-002511,12.969478,77.574451,F-07-05,D-0035,10,P-002509,LT-8m-Steel,W-48,560078,KSPDB-SD07-D-0035-2511
P-002512,12.969652,77.574279,F-07-05,D-0035,11,P-002511,LT-8m-Steel,W-33,560078,KSPDB-SD07-D-0035-2512
P-002513,12.969379,77.574458,F-07-05,D-0035,11,P-002511,LT-9m-PCC,W-30,560078,KSPDB-SD07-D-0035-2513
P-002514,12.969286,77.574627,F-07-05,D-0035,12,P-002513,LT-9m-PCC,W-24,560078,KSPDB-SD07-D-0035-2514
P-002515,12.969635,77.574282,F-07-05,D-0035,12,P-002512,LT-8m-PCC,W-82,560078,KSPDB-SD07-D-0035-2515
P-002516,12.969518,77.574559,F-07-05,D-0035,11,P-002511,LT-9m-PCC,W-40,560078,KSPDB-SD07-D-0035-2516
P-002517,12.969516,77.574265,F-07-05,D-0035,12,P-002512,LT-8m-Steel,W-58,560078,KSPDB-SD07-D-0035-2517
P-002518,12.969461,77.574485,F-07-05,D-0035,13,P-002514,LT-9m-PCC,W-11,560078,KSPDB-SD07-D-0035-2518
P-002519,12.969608,77.574528,F-07-05,D-0035,12,P-002516,LT-9m-PCC,W-68,560078,KSPDB-SD07-D-0035-2519
P-002520,12.969616,77.574374,F-07-05,D-0035,13,P-002519,LT-9m-PCC,W-12,560078,KSPDB-SD07-D-0035-2520
P-002521,12.969652,77.574666,F-07-05,D-0035,14,P-002518,LT-8m-PCC,W-43,560078,KSPDB-SD07-D-0035-2521
P-002522,12.969656,77.574296,F-07-05,D-0035,14,P-002518,LT-8m-PCC,W-25,560078,KSPDB-SD07-D-0035-2522
P-002523,12.969625,77.574372,F-07-05,D-0035,14,P-002520,LT-8m-Steel,W-90,560078,KSPDB-SD07-D-0035-2523
P-002524,12.969516,77.574824,F-07-05,D-0035,15,P-002521,LT-8m-Steel,W-66,560078,KSPDB-SD07-D-0035-2524
P-002525,12.969365,77.574778,F-07-05,D-0035,16,P-002524,LT-8m-PCC,W-36,560078,KSPDB-SD07-D-0035-2525
P-002526,12.969461,77.574301,F-07-05,D-0035,15,P-002522,LT-8m-Steel,W-24,560078,KSPDB-SD07-D-0035-2526
P-002527,12.969544,77.574249,F-07-05,D-0035,15,P-002522,LT-8m-Steel,W-20,560078,KSPDB-SD07-D-0035-2527
P-002528,12.969577,77.574369,F-07-05,D-0035,16,P-002526,LT-9m-PCC,W-16,560078,KSPDB-SD07-D-0035-2528
P-002529,12.96945,77.574246,F-07-05,D-0035,16,P-002527,LT-8m-Steel,W-42,560078,
P-002530,12.969678,77.574338,F-07-05,D-0035,16,P-002527,LT-9m-PCC,W-65,560078,KSPDB-SD07-D-0035-2530
P-002531,12.969595,77.574421,F-07-05,D-0035,17,P-002530,LT-8m-Steel,W-91,560078,KSPDB-SD07-D-0035-2531
P-002532,12.969544,77.574229,F-07-05,D-0035,17,P-002530,LT-9m-PCC,W-44,560078,KSPDB-SD07-D-0035-2532
P-002533,12.969783,77.574454,F-07-05,D-0035,17,P-002530,LT-8m-PCC,W-12,560078,KSPDB-SD07-D-0035-2533
P-002534,12.969415,77.57422,F-07-05,D-0035,17,P-002529,LT-8m-PCC,W-93,560078,
P-002535,12.969547,77.574285,F-07-05,D-0035,17,P-002530,LT-8m-PCC,W-77,560078,KSPDB-SD07-D-0035-2535
P-002536,12.969788,77.574452,F-07-05,D-0035,18,P-002531,LT-8m-Steel,W-36,560078,KSPDB-SD07-D-0035-2536
P-002537,12.969366,77.574355,F-07-05,D-0035,18,P-002532,LT-8m-PCC,W-35,560078,KSPDB-SD07-D-0035-2537
P-002538,12.969436,77.574166,F-07-05,D-0035,19,P-002537,LT-8m-PCC,W-25,560078,KSPDB-SD07-D-0035-2538
P-002539,12.969275,77.574311,F-07-05,D-0035,18,P-002534,LT-8m-Steel,W-91,560078,KSPDB-SD07-D-0035-2539
P-002540,12.969737,77.574199,F-07-05,D-0035,18,P-002535,LT-9m-PCC,W-26,560078,KSPDB-SD07-D-0035-2540
P-002541,12.969334,77.574341,F-07-05,D-0035,19,P-002539,LT-9m-PCC,W-42,560078,KSPDB-SD07-D-0035-2541
P-002542,12.969428,77.574016,F-07-05,D-0035,20,P-002538,LT-9m-PCC,W-25,560078,KSPDB-SD07-D-0035-2542
P-002543,12.969831,77.57425,F-07-05,D-0035,19,P-002540,LT-8m-PCC,W-12,560078,KSPDB-SD07-D-0035-2543
P-002544,12.970014,77.574163,F-07-05,D-0035,20,P-002543,LT-8m-Steel,W-79,560078,KSPDB-SD07-D-0035-2544
P-002545,12.969669,77.574089,F-07-05,D-0035,19,P-002540,LT-9m-PCC,W-44,560078,KSPDB-SD07-D-0035-2545
P-002546,12.969388,77.573849,F-07-05,D-0035,21,P-002542,LT-8m-PCC,W-18,560078,
P-002547,12.96951,77.574038,F-07-05,D-0035,21,P-002542,LT-9m-PCC,W-37,560078,KSPDB-SD07-D-0035-2547
P-002548,12.969219,77.573867,F-07-05,D-0035,22,P-002546,LT-8m-PCC,W-55,560078,KSPDB-SD07-D-0035-2548
P-002549,12.96933,77.574034,F-07-05,D-0035,22,P-002547,LT-9m-PCC,W-72,560078,KSPDB-SD07-D-0035-2549
P-002550,12.96984,77.573924,F-07-05,D-0035,20,P-002545,LT-9m-PCC,W-57,560078,KSPDB-SD07-D-0035-2550
P-002551,12.969555,77.573825,F-07-05,D-0035,22,P-002546,LT-8m-PCC,W-80,560078,KSPDB-SD07-D-0035-2551
P-002552,12.969698,77.574071,F-07-05,D-0035,22,P-002547,LT-8m-PCC,W-92,560078,KSPDB-SD07-D-0035-2552
P-002553,12.969792,77.574148,F-07-05,D-0035,23,P-002552,LT-8m-PCC,W-14,560078,KSPDB-SD07-D-0035-2553
P-002554,12.969787,77.574003,F-07-05,D-0035,21,P-002550,LT-8m-Steel,W-37,560078,KSPDB-SD07-D-0035-2554
P-002555,12.969789,77.573965,F-07-05,D-0035,23,P-002552,LT-8m-PCC,W-31,560078,KSPDB-SD07-D-0035-2555
P-002556,12.96954,77.573836,F-07-05,D-0035,23,P-002551,LT-8m-PCC,W-71,560078,KSPDB-SD07-D-0035-2556
P-002557,12.969748,77.574022,F-07-05,D-0035,23,P-002552,LT-8m-Steel,W-19,560078,KSPDB-SD07-D-0035-2557
P-002558,12.969366,77.573765,F-07-05,D-0035,24,P-002556,LT-9m-PCC,W-62,560078,KSPDB-SD07-D-0035-2558
P-002559,12.969791,77.573817,F-07-05,D-0035,24,P-002555,LT-8m-Steel,W-60,560078,KSPDB-SD07-D-0035-2559
P-002560,12.96937,77.573635,F-07-05,D-0035,25,P-002558,LT-8m-Steel,W-64,560078,KSPDB-SD07-D-0035-2560
P-002561,12.96971,77.573714,F-07-05,D-0035,25,P-002559,LT-8m-Steel,W-27,560078,KSPDB-SD07-D-0035-2561
P-002562,12.969553,77.574112,F-07-05,D-0035,24,P-002557,LT-9m-PCC,W-67,560078,KSPDB-SD07-D-0035-2562
P-002563,12.956952,77.600556,F-07-04,D-0036,1,,LT-9m-PCC,W-48,560078,KSPDB-SD07-D-0036-2563
P-002564,12.956952,77.600489,F-07-04,D-0036,2,P-002563,LT-9m-PCC,W-15,560078,KSPDB-SD07-D-0036-2564
P-002565,12.956869,77.600539,F-07-04,D-0036,2,P-002563,LT-8m-Steel,W-49,560078,KSPDB-SD07-D-0036-2565
P-002566,12.957047,77.600541,F-07-04,D-0036,3,P-002564,LT-8m-PCC,W-96,560078,KSPDB-SD07-D-0036-2566
P-002567,12.957099,77.600614,F-07-04,D-0036,2,P-002563,LT-8m-PCC,W-25,,KSPDB-SD07-D-0036-2567
P-002568,12.957232,77.600609,F-07-04,D-0036,4,P-002566,LT-9m-PCC,W-44,560078,KSPDB-SD07-D-0036-2568
P-002569,12.957253,77.60064,F-07-04,D-0036,5,P-002568,LT-8m-Steel,W-95,560078,KSPDB-SD07-D-0036-2569
P-002570,12.957215,77.600518,F-07-04,D-0036,3,P-002567,LT-8m-PCC,W-63,560078,KSPDB-SD07-D-0036-2570
P-002571,12.957214,77.600502,F-07-04,D-0036,3,P-002567,LT-8m-PCC,W-14,560078,KSPDB-SD07-D-0036-2571
P-002572,12.957235,77.600416,F-07-04,D-0036,3,P-002567,LT-8m-Steel,W-16,560078,KSPDB-SD07-D-0036-2572
P-002573,12.957303,77.600617,F-07-04,D-0036,4,P-002570,LT-8m-PCC,W-90,560078,KSPDB-SD07-D-0036-2573
P-002574,12.95719,77.600327,F-07-04,D-0036,4,P-002571,LT-8m-Steel,W-29,560078,KSPDB-SD07-D-0036-2574
P-002575,12.957313,77.600575,F-07-04,D-0036,4,P-002571,LT-8m-PCC,W-60,,KSPDB-SD07-D-0036-2575
P-002576,12.957057,77.600559,F-07-04,D-0036,4,P-002572,LT-8m-Steel,W-51,560078,KSPDB-SD07-D-0036-2576
P-002577,12.957304,77.600246,F-07-04,D-0036,4,P-002572,LT-8m-Steel,W-10,560078,KSPDB-SD07-D-0036-2577
P-002578,12.957291,77.600287,F-07-04,D-0036,5,P-002574,LT-8m-Steel,W-20,560078,KSPDB-SD07-D-0036-2578
P-002579,12.957342,77.600444,F-07-04,D-0036,5,P-002574,LT-9m-PCC,W-72,560078,KSPDB-SD07-D-0036-2579
P-002580,12.95727,77.600202,F-07-04,D-0036,6,P-002578,LT-8m-PCC,W-21,560078,
P-002581,12.957141,77.600543,F-07-04,D-0036,5,P-002576,LT-8m-PCC,W-80,560078,KSPDB-SD07-D-0036-2581
P-002582,12.957199,77.600216,F-07-04,D-0036,5,P-002577,LT-9m-PCC,W-63,560078,KSPDB-SD07-D-0036-2582
P-002583,12.957412,77.600372,F-07-04,D-0036,6,P-002579,LT-8m-Steel,W-73,560078,KSPDB-SD07-D-0036-2583
P-002584,12.957178,77.600407,F-07-04,D-0036,6,P-002579,LT-8m-Steel,W-44,560078,KSPDB-SD07-D-0036-2584
P-002585,12.957304,77.600411,F-07-04,D-0036,7,P-002584,LT-8m-PCC,W-37,560078,KSPDB-SD07-D-0036-2585
P-002586,12.957401,77.600372,F-07-04,D-0036,8,P-002585,LT-9m-PCC,W-31,560078,KSPDB-SD07-D-0036-2586
P-002587,12.957341,77.600464,F-07-04,D-0036,7,P-002584,LT-9m-PCC,W-54,560078,KSPDB-SD07-D-0036-2587
P-002588,12.957259,77.600448,F-07-04,D-0036,7,P-002584,LT-9m-PCC,W-59,560078,KSPDB-SD07-D-0036-2588
P-002589,12.957375,77.60032,F-07-04,D-0036,8,P-002588,LT-8m-PCC,W-73,560078,KSPDB-SD07-D-0036-2589
P-002590,12.957183,77.600177,F-07-04,D-0036,9,P-002589,LT-8m-Steel,W-27,560078,KSPDB-SD07-D-0036-2590
P-002591,12.95746,77.600432,F-07-04,D-0036,9,P-002589,LT-8m-Steel,W-26,560078,KSPDB-SD07-D-0036-2591
P-002592,12.957435,77.600318,F-07-04,D-0036,8,P-002587,LT-9m-PCC,W-17,560078,KSPDB-SD07-D-0036-2592
P-002593,12.957596,77.60051,F-07-04,D-0036,10,P-002591,LT-9m-PCC,W-78,560078,KSPDB-SD07-D-0036-2593
P-002594,12.957185,77.600072,F-07-04,D-0036,10,P-002590,LT-9m-PCC,W-99,560078,
P-002595,12.957422,77.600183,F-07-04,D-0036,9,P-002592,LT-9m-PCC,W-62,560078,KSPDB-SD07-D-0036-2595
P-002596,12.957573,77.600334,F-07-04,D-0036,11,P-002593,LT-8m-Steel,W-20,560078,KSPDB-SD07-D-0036-2596
P-002597,12.956997,77.600271,F-07-04,D-0036,11,P-002594,LT-8m-PCC,W-81,560078,KSPDB-SD07-D-0036-2597
P-002598,12.957116,77.600444,F-07-04,D-0036,12,P-002597,LT-8m-Steel,W-99,560078,KSPDB-SD07-D-0036-2598
P-002599,12.957231,77.599991,F-07-04,D-0036,10,P-002595,LT-9m-PCC,W-98,560078,
P-002600,12.957306,77.600021,F-07-04,D-0036,11,P-002599,LT-8m-PCC,W-24,,
P-002601,12.957644,77.600327,F-07-04,D-0036,12,P-002596,LT-9m-PCC,W-47,560078,KSPDB-SD07-D-0036-2601
P-002602,12.957233,77.60004,F-07-04,D-0036,12,P-002600,LT-8m-PCC,W-22,560078,KSPDB-SD07-D-0036-2602
P-002603,12.957032,77.600353,F-07-04,D-0036,13,P-002598,LT-9m-PCC,W-91,560078,KSPDB-SD07-D-0036-2603
P-002604,12.9657,77.587381,F-07-04,D-0037,1,,LT-9m-PCC,W-66,560078,
P-002605,12.965656,77.587254,F-07-04,D-0037,2,P-002604,LT-8m-PCC,W-28,560078,KSPDB-SD07-D-0037-2605
P-002606,12.965659,77.587235,F-07-04,D-0037,3,P-002605,LT-8m-Steel,W-56,560078,KSPDB-SD07-D-0037-2606
P-002607,12.965626,77.587426,F-07-04,D-0037,4,P-002606,LT-8m-PCC,W-71,560078,KSPDB-SD07-D-0037-2607
P-002608,12.965504,77.587414,F-07-04,D-0037,2,P-002604,LT-9m-PCC,W-26,560078,KSPDB-SD07-D-0037-2608
P-002609,12.965601,77.587406,F-07-04,D-0037,3,P-002608,LT-9m-PCC,W-56,560078,KSPDB-SD07-D-0037-2609
P-002610,12.965575,77.58727,F-07-04,D-0037,4,P-002609,LT-9m-PCC,W-55,560078,KSPDB-SD07-D-0037-2610
P-002611,12.965731,77.587388,F-07-04,D-0037,5,P-002610,LT-8m-PCC,W-89,560078,KSPDB-SD07-D-0037-2611
P-002612,12.965495,77.587149,F-07-04,D-0037,5,P-002610,LT-8m-Steel,W-80,560078,KSPDB-SD07-D-0037-2612
P-002613,12.965446,77.587265,F-07-04,D-0037,4,P-002609,LT-8m-PCC,W-80,560078,KSPDB-SD07-D-0037-2613
P-002614,12.965703,77.587405,F-07-04,D-0037,4,P-002609,LT-9m-PCC,W-62,560078,KSPDB-SD07-D-0037-2614
P-002615,12.965574,77.587018,F-07-04,D-0037,6,P-002612,LT-8m-PCC,W-40,560078,KSPDB-SD07-D-0037-2615
P-002616,12.965509,77.587211,F-07-04,D-0037,6,P-002612,LT-9m-PCC,W-49,560078,KSPDB-SD07-D-0037-2616
P-002617,12.965441,77.587145,F-07-04,D-0037,5,P-002613,LT-8m-Steel,W-80,560078,KSPDB-SD07-D-0037-2617
P-002618,12.965681,77.587204,F-07-04,D-0037,7,P-002615,LT-8m-Steel,W-12,,KSPDB-SD07-D-0037-2618
P-002619,12.965582,77.587038,F-07-04,D-0037,7,P-002616,LT-8m-Steel,W-82,560078,KSPDB-SD07-D-0037-2619
P-002620,12.965278,77.58721,F-07-04,D-0037,6,P-002617,LT-8m-Steel,W-46,560078,KSPDB-SD07-D-0037-2620
P-002621,12.965462,77.587201,F-07-04,D-0037,7,P-002620,LT-8m-Steel,W-60,560078,KSPDB-SD07-D-0037-2621
P-002622,12.965751,77.587172,F-07-04,D-0037,8,P-002619,LT-8m-Steel,W-17,560078,
P-002623,12.965747,77.58706,F-07-04,D-0037,8,P-002618,LT-9m-PCC,W-74,560078,KSPDB-SD07-D-0037-2623
P-002624,12.965352,77.587263,F-07-04,D-0037,7,P-002620,LT-9m-PCC,W-88,560078,KSPDB-SD07-D-0037-2624
P-002625,12.965412,77.587137,F-07-04,D-0037,8,P-002621,LT-8m-PCC,W-69,560078,KSPDB-SD07-D-0037-2625
P-002626,12.965852,77.58701,F-07-04,D-0037,9,P-002623,LT-8m-Steel,W-75,560078,KSPDB-SD07-D-0037-2626
P-002627,12.965979,77.587067,F-07-04,D-0037,10,P-002626,LT-8m-Steel,W-97,560078,KSPDB-SD07-D-0037-2627
P-002628,12.965858,77.586979,F-07-04,D-0037,11,P-002627,LT-8m-Steel,W-67,560078,KSPDB-SD07-D-0037-2628
P-002629,12.965475,77.587329,F-07-04,D-0037,8,P-002624,LT-9m-PCC,W-10,560078,KSPDB-SD07-D-0037-2629
P-002630,12.965558,77.587237,F-07-04,D-0037,9,P-002629,LT-9m-PCC,W-43,560078,KSPDB-SD07-D-0037-2630
P-002631,12.965422,77.587474,F-07-04,D-0037,9,P-002629,LT-8m-PCC,W-99,560078,KSPDB-SD07-D-0037-2631
P-002632,12.965435,77.587442,F-07-04,D-0037,10,P-002631,LT-8m-PCC,W-24,560078,KSPDB-SD07-D-0037-2632
P-002633,12.965334,77.587225,F-07-04,D-0037,9,P-002629,LT-8m-PCC,W-89,560078,KSPDB-SD07-D-0037-2633
P-002634,12.965675,77.587292,F-07-04,D-0037,9,P-002629,LT-8m-PCC,W-62,560078,KSPDB-SD07-D-0037-2634
P-002635,12.96528,77.587378,F-07-04,D-0037,10,P-002633,LT-8m-Steel,W-97,560078,KSPDB-SD07-D-0037-2635
P-002636,12.965199,77.587032,F-07-04,D-0037,10,P-002633,LT-8m-Steel,W-13,560078,KSPDB-SD07-D-0037-2636
P-002637,12.96575,77.587256,F-07-04,D-0037,10,P-002634,LT-9m-PCC,W-15,560078,KSPDB-SD07-D-0037-2637
P-002638,12.96526,77.587346,F-07-04,D-0037,10,P-002633,LT-8m-PCC,W-36,560078,KSPDB-SD07-D-0037-2638
P-002639,12.965199,77.587409,F-07-04,D-0037,11,P-002635,LT-9m-PCC,W-96,560078,KSPDB-SD07-D-0037-2639
P-002640,12.965273,77.58749,F-07-04,D-0037,12,P-002639,LT-8m-PCC,W-23,560078,KSPDB-SD07-D-0037-2640
P-002641,12.965118,77.587534,F-07-04,D-0037,13,P-002640,LT-9m-PCC,W-24,560078,KSPDB-SD07-D-0037-2641
P-002642,12.964926,77.587367,F-07-04,D-0037,14,P-002641,LT-8m-PCC,W-20,560078,KSPDB-SD07-D-0037-2642
P-002643,12.965333,77.58724,F-07-04,D-0037,12,P-002639,LT-9m-PCC,W-90,,KSPDB-SD07-D-0037-2643
P-002644,12.965039,77.587337,F-07-04,D-0037,15,P-002642,LT-9m-PCC,W-40,560078,KSPDB-SD07-D-0037-2644
P-002645,12.964825,77.587435,F-07-04,D-0037,15,P-002642,LT-8m-PCC,W-39,560078,KSPDB-SD07-D-0037-2645
P-002646,12.965027,77.587264,F-07-04,D-0037,16,P-002644,LT-9m-PCC,W-77,560078,KSPDB-SD07-D-0037-2646
P-002647,12.965145,77.587284,F-07-04,D-0037,17,P-002646,LT-8m-PCC,W-84,560078,KSPDB-SD07-D-0037-2647
P-002648,12.964949,77.58735,F-07-04,D-0037,18,P-002647,LT-9m-PCC,W-44,560078,KSPDB-SD07-D-0037-2648
P-002649,12.964701,77.587577,F-07-04,D-0037,16,P-002645,LT-8m-PCC,W-17,560078,KSPDB-SD07-D-0037-2649
P-002650,12.964576,77.587595,F-07-04,D-0037,17,P-002649,LT-9m-PCC,W-98,560078,KSPDB-SD07-D-0037-2650
P-002651,12.964561,77.587611,F-07-04,D-0037,18,P-002650,LT-8m-Steel,W-34,560078,KSPDB-SD07-D-0037-2651
P-002652,12.965005,77.587471,F-07-04,D-0037,19,P-002648,LT-8m-Steel,W-92,560078,KSPDB-SD07-D-0037-2652
P-002653,12.964818,77.587441,F-07-04,D-0037,17,P-002649,LT-8m-PCC,W-67,560078,KSPDB-SD07-D-0037-2653
P-002654,12.964833,77.587337,F-07-04,D-0037,20,P-002652,LT-9m-PCC,W-69,560078,KSPDB-SD07-D-0037-2654
P-002655,12.964677,77.587187,F-07-04,D-0037,21,P-002654,LT-8m-Steel,W-79,560078,KSPDB-SD07-D-0037-2655
P-002656,12.964825,77.587639,F-07-04,D-0037,18,P-002653,LT-8m-Steel,W-76,560078,KSPDB-SD07-D-0037-2656
P-002657,12.964483,77.587061,F-07-04,D-0037,22,P-002655,LT-9m-PCC,W-58,560078,KSPDB-SD07-D-0037-2657
P-002658,12.964858,77.587291,F-07-04,D-0037,22,P-002655,LT-9m-PCC,W-47,560078,KSPDB-SD07-D-0037-2658
P-002659,12.964763,77.587652,F-07-04,D-0037,19,P-002656,LT-8m-PCC,W-83,560078,KSPDB-SD07-D-0037-2659
P-002660,12.964771,77.587455,F-07-04,D-0037,23,P-002658,LT-8m-Steel,W-98,560078,KSPDB-SD07-D-0037-2660
P-002661,12.964704,77.587719,F-07-04,D-0037,19,P-002656,LT-8m-PCC,W-64,560078,KSPDB-SD07-D-0037-2661
P-002662,12.96445,77.587037,F-07-04,D-0037,23,P-002657,LT-8m-PCC,W-52,560078,KSPDB-SD07-D-0037-2662
P-002663,12.964601,77.587104,F-07-04,D-0037,24,P-002662,LT-8m-PCC,W-20,560078,KSPDB-SD07-D-0037-2663
P-002664,12.964612,77.586861,F-07-04,D-0037,24,P-002662,LT-8m-Steel,W-30,560078,KSPDB-SD07-D-0037-2664
P-002665,12.96486,77.587441,F-07-04,D-0037,24,P-002660,LT-9m-PCC,W-75,560078,
P-002666,12.964478,77.586995,F-07-04,D-0037,24,P-002662,LT-8m-Steel,W-83,560078,KSPDB-SD07-D-0037-2666
P-002667,12.964895,77.587405,F-07-04,D-0037,25,P-002665,LT-8m-PCC,W-39,560078,KSPDB-SD07-D-0037-2667
P-002668,12.964666,77.587401,F-07-04,D-0037,25,P-002665,LT-8m-PCC,W-40,560078,KSPDB-SD07-D-0037-2668
P-002669,12.964682,77.587326,F-07-04,D-0037,25,P-002665,LT-8m-Steel,W-46,560078,KSPDB-SD07-D-0037-2669
P-002670,12.964758,77.587356,F-07-04,D-0037,26,P-002668,LT-8m-Steel,W-17,560078,KSPDB-SD07-D-0037-2670
P-002671,12.964526,77.58691,F-07-04,D-0037,25,P-002666,LT-9m-PCC,W-75,560078,KSPDB-SD07-D-0037-2671
P-002672,12.964851,77.587241,F-07-04,D-0037,26,P-002669,LT-8m-Steel,W-32,560078,KSPDB-SD07-D-0037-2672
P-002673,12.964831,77.587267,F-07-04,D-0037,27,P-002672,LT-8m-Steel,W-60,560078,KSPDB-SD07-D-0037-2673
P-002674,12.964781,77.587394,F-07-04,D-0037,26,P-002669,LT-8m-Steel,W-62,560078,KSPDB-SD07-D-0037-2674
P-002675,12.964577,77.586778,F-07-04,D-0037,26,P-002671,LT-8m-Steel,W-71,560078,
P-002676,12.964469,77.586742,F-07-04,D-0037,27,P-002675,LT-8m-PCC,W-61,560078,KSPDB-SD07-D-0037-2676
P-002677,12.964488,77.586874,F-07-04,D-0037,28,P-002676,LT-8m-PCC,W-67,560078,KSPDB-SD07-D-0037-2677
P-002678,12.964771,77.58668,F-07-04,D-0037,27,P-002675,LT-8m-Steel,W-74,560078,KSPDB-SD07-D-0037-2678
P-002679,12.96436,77.5869,F-07-04,D-0037,29,P-002677,LT-8m-PCC,W-91,,KSPDB-SD07-D-0037-2679
P-002680,12.96469,77.586502,F-07-04,D-0037,28,P-002678,LT-8m-PCC,W-84,560078,KSPDB-SD07-D-0037-2680
P-002681,12.964755,77.586702,F-07-04,D-0037,29,P-002680,LT-8m-Steel,W-55,560078,KSPDB-SD07-D-0037-2681
P-002682,12.964301,77.586765,F-07-04,D-0037,30,P-002679,LT-8m-Steel,W-30,560078,KSPDB-SD07-D-0037-2682
P-002683,12.964868,77.586673,F-07-04,D-0037,30,P-002681,LT-8m-Steel,W-91,560078,KSPDB-SD07-D-0037-2683
P-002684,12.964557,77.586755,F-07-04,D-0037,30,P-002681,LT-8m-Steel,W-90,560078,KSPDB-SD07-D-0037-2684
P-002685,12.964717,77.586663,F-07-04,D-0037,31,P-002684,LT-8m-Steel,W-52,560078,KSPDB-SD07-D-0037-2685
P-002686,12.964387,77.586932,F-07-04,D-0037,31,P-002684,LT-8m-Steel,W-47,560078,
P-002687,12.964729,77.586766,F-07-04,D-0037,31,P-002683,LT-9m-PCC,W-45,560078,KSPDB-SD07-D-0037-2687
P-002688,12.964584,77.586834,F-07-04,D-0037,32,P-002686,LT-8m-PCC,W-58,560078,KSPDB-SD07-D-0037-2688
P-002689,12.964606,77.58697,F-07-04,D-0037,33,P-002688,LT-8m-Steel,W-19,560078,
P-002690,12.96465,77.586858,F-07-04,D-0037,34,P-002689,LT-9m-PCC,W-21,560078,KSPDB-SD07-D-0037-2690
P-002691,12.96441,77.586759,F-07-04,D-0037,32,P-002686,LT-8m-PCC,W-16,560078,KSPDB-SD07-D-0037-2691
P-002692,12.964794,77.586595,F-07-04,D-0037,32,P-002687,LT-8m-PCC,W-18,560078,KSPDB-SD07-D-0037-2692
P-002693,12.964709,77.58677,F-07-04,D-0037,33,P-002692,LT-8m-PCC,W-73,560078,KSPDB-SD07-D-0037-2693
P-002694,12.964718,77.586767,F-07-04,D-0037,33,P-002692,LT-8m-Steel,W-78,560078,KSPDB-SD07-D-0037-2694
P-002695,12.964354,77.586824,F-07-04,D-0037,33,P-002691,LT-8m-PCC,W-54,560078,KSPDB-SD07-D-0037-2695
P-002696,12.964595,77.586472,F-07-04,D-0037,33,P-002692,LT-8m-Steel,W-55,560078,KSPDB-SD07-D-0037-2696
P-002697,12.957494,77.608716,F-07-03,D-0038,1,,LT-8m-Steel,W-88,560078,KSPDB-SD07-D-0038-2697
P-002698,12.957409,77.608629,F-07-03,D-0038,2,P-002697,LT-8m-PCC,W-36,560078,KSPDB-SD07-D-0038-2698
P-002699,12.957351,77.60879,F-07-03,D-0038,2,P-002697,LT-8m-PCC,W-62,560078,KSPDB-SD07-D-0038-2699
P-002700,12.957334,77.608929,F-07-03,D-0038,3,P-002699,LT-8m-Steel,W-18,560078,KSPDB-SD07-D-0038-2700
P-002701,12.957514,77.608703,F-07-03,D-0038,3,P-002699,LT-9m-PCC,W-66,560078,KSPDB-SD07-D-0038-2701
P-002702,12.957429,77.608852,F-07-03,D-0038,3,P-002699,LT-8m-PCC,W-31,560078,KSPDB-SD07-D-0038-2702
P-002703,12.957421,77.608644,F-07-03,D-0038,3,P-002698,LT-8m-PCC,W-59,560078,KSPDB-SD07-D-0038-2703
P-002704,12.957375,77.608614,F-07-03,D-0038,3,P-002699,LT-8m-Steel,W-92,560078,
P-002705,12.957164,77.609037,F-07-03,D-0038,4,P-002700,LT-9m-PCC,W-64,560078,KSPDB-SD07-D-0038-2705
P-002706,12.957626,77.608601,F-07-03,D-0038,4,P-002701,LT-8m-Steel,W-31,560078,KSPDB-SD07-D-0038-2706
P-002707,12.957289,77.609048,F-07-03,D-0038,5,P-002705,LT-8m-Steel,W-89,560078,KSPDB-SD07-D-0038-2707
P-002708,12.957062,77.609203,F-07-03,D-0038,5,P-002705,LT-8m-Steel,W-28,560078,KSPDB-SD07-D-0038-2708
P-002709,12.95727,77.608926,F-07-03,D-0038,5,P-002705,LT-8m-Steel,W-28,560078,KSPDB-SD07-D-0038-2709
P-002710,12.956982,77.609107,F-07-03,D-0038,6,P-002708,LT-8m-PCC,W-98,560078,KSPDB-SD07-D-0038-2710
P-002711,12.957304,77.609014,F-07-03,D-0038,6,P-002707,LT-9m-PCC,W-93,560078,KSPDB-SD07-D-0038-2711
P-002712,12.957398,77.608983,F-07-03,D-0038,7,P-002711,LT-9m-PCC,W-29,560078,KSPDB-SD07-D-0038-2712
P-002713,12.95747,77.609056,F-07-03,D-0038,8,P-002712,LT-8m-Steel,W-18,560078,
P-002714,12.957043,77.608913,F-07-03,D-0038,7,P-002710,LT-9m-PCC,W-62,560078,KSPDB-SD07-D-0038-2714
P-002715,12.956854,77.608774,F-07-03,D-0038,8,P-002714,LT-8m-PCC,W-27,560078,
P-002716,12.956802,77.608645,F-07-03,D-0038,9,P-002715,LT-8m-Steel,W-12,560078,KSPDB-SD07-D-0038-2716
P-002717,12.956783,77.608475,F-07-03,D-0038,10,P-002716,LT-9m-PCC,W-34,560078,KSPDB-SD07-D-0038-2717
P-002718,12.957636,77.609086,F-07-03,D-0038,9,P-002713,LT-9m-PCC,W-93,560078,KSPDB-SD07-D-0038-2718
P-002719,12.956631,77.608654,F-07-03,D-0038,10,P-002716,LT-8m-Steel,W-52,560078,KSPDB-SD07-D-0038-2719
P-002720,12.956864,77.608818,F-07-03,D-0038,10,P-002716,LT-8m-Steel,W-98,560078,KSPDB-SD07-D-0038-2720
P-002721,12.956584,77.608741,F-07-03,D-0038,11,P-002719,LT-8m-PCC,W-29,560078,KSPDB-SD07-D-0038-2721
P-002722,12.956834,77.608585,F-07-03,D-0038,11,P-002717,LT-8m-PCC,W-69,560078,KSPDB-SD07-D-0038-2722
P-002723,12.95702,77.608874,F-07-03,D-0038,11,P-002720,LT-8m-PCC,W-84,560078,KSPDB-SD07-D-0038-2723
P-002724,12.956905,77.608978,F-07-03,D-0038,11,P-002720,LT-9m-PCC,W-72,560078,KSPDB-SD07-D-0038-2724
P-002725,12.95658,77.608596,F-07-03,D-0038,12,P-002721,LT-8m-Steel,W-76,560078,KSPDB-SD07-D-0038-2725
P-002726,12.956883,77.608897,F-07-03,D-0038,12,P-002724,LT-8m-PCC,W-35,560078,KSPDB-SD07-D-0038-2726
P-002727,12.956775,77.608759,F-07-03,D-0038,12,P-002722,LT-8m-Steel,W-57,560078,KSPDB-SD07-D-0038-2727
P-002728,12.95699,77.6091,F-07-03,D-0038,12,P-002724,LT-8m-Steel,W-25,560078,KSPDB-SD07-D-0038-2728
P-002729,12.957096,77.609169,F-07-03,D-0038,12,P-002724,LT-8m-PCC,W-51,560078,KSPDB-SD07-D-0038-2729
P-002730,12.956772,77.608821,F-07-03,D-0038,13,P-002727,LT-9m-PCC,W-67,560078,KSPDB-SD07-D-0038-2730
P-002731,12.95681,77.608892,F-07-03,D-0038,14,P-002730,LT-9m-PCC,W-97,560078,KSPDB-SD07-D-0038-2731
P-002732,12.95676,77.608809,F-07-03,D-0038,14,P-002730,LT-8m-PCC,W-97,560078,KSPDB-SD07-D-0038-2732
P-002733,12.956588,77.60894,F-07-03,D-0038,14,P-002730,LT-8m-Steel,W-76,560078,KSPDB-SD07-D-0038-2733
P-002734,12.957263,77.609361,F-07-03,D-0038,13,P-002729,LT-8m-PCC,W-22,560078,KSPDB-SD07-D-0038-2734
P-002735,12.956601,77.609123,F-07-03,D-0038,15,P-002733,LT-8m-Steel,W-93,560078,KSPDB-SD07-D-0038-2735
P-002736,12.956832,77.608815,F-07-03,D-0038,15,P-002731,LT-8m-PCC,W-44,560078,KSPDB-SD07-D-0038-2736
P-002737,12.95678,77.608978,F-07-03,D-0038,15,P-002732,LT-8m-PCC,W-75,560078,KSPDB-SD07-D-0038-2737
P-002738,12.956648,77.609009,F-07-03,D-0038,16,P-002735,LT-8m-Steel,W-52,560078,KSPDB-SD07-D-0038-2738
P-002739,12.956544,77.609189,F-07-03,D-0038,17,P-002738,LT-9m-PCC,W-62,560078,KSPDB-SD07-D-0038-2739
P-002740,12.956892,77.608912,F-07-03,D-0038,16,P-002736,LT-8m-Steel,W-32,560078,KSPDB-SD07-D-0038-2740
P-002741,12.956472,77.609021,F-07-03,D-0038,17,P-002738,LT-8m-Steel,W-87,560078,KSPDB-SD07-D-0038-2741
P-002742,12.956639,77.609181,F-07-03,D-0038,17,P-002738,LT-8m-PCC,W-41,560078,KSPDB-SD07-D-0038-2742
P-002743,12.956417,77.609168,F-07-03,D-0038,18,P-002741,LT-8m-Steel,W-51,560078,
P-002744,12.95694,77.609053,F-07-03,D-0038,17,P-002740,LT-8m-Steel,W-22,560078,KSPDB-SD07-D-0038-2744
P-002745,12.956328,77.608897,F-07-03,D-0038,18,P-002741,LT-8m-Steel,W-62,560078,KSPDB-SD07-D-0038-2745
P-002746,12.956348,77.609042,F-07-03,D-0038,18,P-002741,LT-8m-PCC,W-85,560078,KSPDB-SD07-D-0038-2746
P-002747,12.956678,77.609296,F-07-03,D-0038,18,P-002742,LT-8m-Steel,W-20,560078,KSPDB-SD07-D-0038-2747
P-002748,12.95648,77.609009,F-07-03,D-0038,19,P-002745,LT-9m-PCC,W-26,560078,KSPDB-SD07-D-0038-2748
P-002749,12.956947,77.608964,F-07-03,D-0038,18,P-002744,LT-8m-PCC,W-37,560078,KSPDB-SD07-D-0038-2749
P-002750,12.956844,77.609442,F-07-03,D-0038,19,P-002747,LT-9m-PCC,W-53,560078,KSPDB-SD07-D-0038-2750
P-002751,12.95616,77.609208,F-07-03,D-0038,19,P-002746,LT-8m-PCC,W-67,560078,KSPDB-SD07-D-0038-2751
P-002752,12.956942,77.608955,F-07-03,D-0038,19,P-002749,LT-8m-Steel,W-93,560078,KSPDB-SD07-D-0038-2752
P-002753,12.982746,77.605442,F-07-05,D-0039,1,,LT-8m-Steel,W-61,560078,KSPDB-SD07-D-0039-2753
P-002754,12.982939,77.605271,F-07-05,D-0039,2,P-002753,LT-8m-PCC,W-81,560078,KSPDB-SD07-D-0039-2754
P-002755,12.982829,77.605285,F-07-05,D-0039,2,P-002753,LT-8m-Steel,W-29,560078,KSPDB-SD07-D-0039-2755
P-002756,12.98298,77.605107,F-07-05,D-0039,3,P-002754,LT-9m-PCC,W-85,560078,KSPDB-SD07-D-0039-2756
P-002757,12.983144,77.605113,F-07-05,D-0039,4,P-002756,LT-9m-PCC,W-77,560078,KSPDB-SD07-D-0039-2757
P-002758,12.982972,77.605285,F-07-05,D-0039,4,P-002756,LT-8m-Steel,W-85,560078,KSPDB-SD07-D-0039-2758
P-002759,12.983175,77.605163,F-07-05,D-0039,5,P-002757,LT-9m-PCC,W-69,560078,KSPDB-SD07-D-0039-2759
P-002760,12.983221,77.604997,F-07-05,D-0039,6,P-002759,LT-8m-PCC,W-49,560078,KSPDB-SD07-D-0039-2760
P-002761,12.983209,77.605134,F-07-05,D-0039,7,P-002760,LT-8m-PCC,W-64,560078,KSPDB-SD07-D-0039-2761
P-002762,12.983322,77.605303,F-07-05,D-0039,5,P-002757,LT-8m-Steel,W-82,560078,
P-002763,12.983446,77.605281,F-07-05,D-0039,6,P-002762,LT-8m-PCC,W-90,560078,KSPDB-SD07-D-0039-2763
P-002764,12.983527,77.605248,F-07-05,D-0039,7,P-002763,LT-8m-PCC,W-51,560078,KSPDB-SD07-D-0039-2764
P-002765,12.983156,77.605222,F-07-05,D-0039,8,P-002761,LT-8m-Steel,W-22,560078,KSPDB-SD07-D-0039-2765
P-002766,12.983603,77.605095,F-07-05,D-0039,7,P-002763,LT-8m-PCC,W-78,560078,KSPDB-SD07-D-0039-2766
P-002767,12.983603,77.6053,F-07-05,D-0039,7,P-002763,LT-8m-PCC,W-75,560078,KSPDB-SD07-D-0039-2767
P-002768,12.98357,77.605124,F-07-05,D-0039,8,P-002767,LT-9m-PCC,W-72,560078,KSPDB-SD07-D-0039-2768
P-002769,12.983017,77.605367,F-07-05,D-0039,9,P-002765,LT-8m-PCC,W-76,560078,KSPDB-SD07-D-0039-2769
P-002770,12.983434,77.604977,F-07-05,D-0039,8,P-002766,LT-9m-PCC,W-60,,KSPDB-SD07-D-0039-2770
P-002771,12.983745,77.605257,F-07-05,D-0039,9,P-002768,LT-9m-PCC,W-37,560078,KSPDB-SD07-D-0039-2771
P-002772,12.982961,77.605485,F-07-05,D-0039,10,P-002769,LT-8m-Steel,W-18,560078,KSPDB-SD07-D-0039-2772
P-002773,12.98385,77.605234,F-07-05,D-0039,10,P-002771,LT-8m-Steel,W-92,560078,KSPDB-SD07-D-0039-2773
P-002774,12.982983,77.605498,F-07-05,D-0039,11,P-002772,LT-8m-PCC,W-40,560078,KSPDB-SD07-D-0039-2774
P-002775,12.983303,77.605069,F-07-05,D-0039,9,P-002770,LT-8m-Steel,W-74,560078,KSPDB-SD07-D-0039-2775
P-002776,12.982965,77.605639,F-07-05,D-0039,11,P-002772,LT-8m-Steel,W-76,560078,
P-002777,12.982913,77.605471,F-07-05,D-0039,11,P-002772,LT-8m-Steel,W-47,560078,KSPDB-SD07-D-0039-2777
P-002778,12.983047,77.605534,F-07-05,D-0039,12,P-002777,LT-8m-Steel,W-38,560078,KSPDB-SD07-D-0039-2778
P-002779,12.983148,77.605469,F-07-05,D-0039,12,P-002774,LT-8m-PCC,W-20,560078,KSPDB-SD07-D-0039-2779
P-002780,12.983001,77.605601,F-07-05,D-0039,13,P-002778,LT-8m-PCC,W-46,560078,KSPDB-SD07-D-0039-2780
P-002781,12.982961,77.605495,F-07-05,D-0039,13,P-002779,LT-8m-PCC,W-11,560078,KSPDB-SD07-D-0039-2781
P-002782,12.983047,77.605521,F-07-05,D-0039,13,P-002779,LT-8m-PCC,W-22,560078,
P-002783,12.983068,77.605502,F-07-05,D-0039,13,P-002778,LT-8m-PCC,W-63,560078,KSPDB-SD07-D-0039-2783
P-002784,12.982851,77.60544,F-07-05,D-0039,14,P-002780,LT-9m-PCC,W-63,560078,KSPDB-SD07-D-0039-2784
P-002785,12.982687,77.605538,F-07-05,D-0039,15,P-002784,LT-8m-PCC,W-54,560078,KSPDB-SD07-D-0039-2785
P-002786,12.982959,77.605311,F-07-05,D-0039,14,P-002783,LT-8m-Steel,W-94,560078,KSPDB-SD07-D-0039-2786
P-002787,12.983066,77.605202,F-07-05,D-0039,15,P-002786,LT-9m-PCC,W-39,560078,KSPDB-SD07-D-0039-2787
P-002788,12.982814,77.605507,F-07-05,D-0039,15,P-002786,LT-8m-Steel,W-64,560078,KSPDB-SD07-D-0039-2788
P-002789,12.982653,77.605478,F-07-05,D-0039,15,P-002784,LT-8m-PCC,W-36,560078,KSPDB-SD07-D-0039-2789
P-002790,12.982957,77.605398,F-07-05,D-0039,16,P-002788,LT-8m-Steel,W-52,560078,KSPDB-SD07-D-0039-2790
P-002791,12.982712,77.605464,F-07-05,D-0039,16,P-002788,LT-8m-PCC,W-91,560078,KSPDB-SD07-D-0039-2791
P-002792,12.982592,77.605318,F-07-05,D-0039,16,P-002789,LT-8m-Steel,W-46,560078,KSPDB-SD07-D-0039-2792
P-002793,12.982529,77.605374,F-07-05,D-0039,16,P-002789,LT-9m-PCC,W-59,560078,KSPDB-SD07-D-0039-2793
P-002794,12.98275,77.605488,F-07-05,D-0039,17,P-002791,LT-8m-Steel,W-69,560078,KSPDB-SD07-D-0039-2794
P-002795,12.982678,77.605414,F-07-05,D-0039,18,P-002794,LT-9m-PCC,W-13,560078,KSPDB-SD07-D-0039-2795
P-002796,12.982525,77.605506,F-07-05,D-0039,17,P-002791,LT-8m-PCC,W-32,560078,KSPDB-SD07-D-0039-2796
P-002797,12.982481,77.605374,F-07-05,D-0039,18,P-002796,LT-8m-Steel,W-41,560078,KSPDB-SD07-D-0039-2797
P-002798,12.982868,77.605238,F-07-05,D-0039,19,P-002795,LT-8m-Steel,W-94,560078,KSPDB-SD07-D-0039-2798
P-002799,12.982476,77.605566,F-07-05,D-0039,19,P-002797,LT-9m-PCC,W-37,560078,
P-002800,12.98261,77.605425,F-07-05,D-0039,20,P-002799,LT-8m-Steel,W-40,560078,KSPDB-SD07-D-0039-2800
P-002801,12.982384,77.605619,F-07-05,D-0039,18,P-002796,LT-8m-PCC,W-80,560078,KSPDB-SD07-D-0039-2801
P-002802,12.982663,77.605435,F-07-05,D-0039,20,P-002799,LT-8m-Steel,W-11,560078,KSPDB-SD07-D-0039-2802
P-002803,12.98242,77.605513,F-07-05,D-0039,20,P-002799,LT-8m-Steel,W-29,560078,KSPDB-SD07-D-0039-2803
P-002804,12.982556,77.605545,F-07-05,D-0039,21,P-002803,LT-8m-PCC,W-49,560078,KSPDB-SD07-D-0039-2804
P-002805,12.982578,77.605409,F-07-05,D-0039,21,P-002802,LT-8m-Steel,W-94,560078,
P-002806,12.982681,77.605361,F-07-05,D-0039,22,P-002805,LT-9m-PCC,W-54,560078,KSPDB-SD07-D-0039-2806
P-002807,12.98246,77.605386,F-07-05,D-0039,21,P-002803,LT-8m-Steel,W-24,560078,KSPDB-SD07-D-0039-2807
P-002808,12.982261,77.605539,F-07-05,D-0039,22,P-002807,LT-8m-PCC,W-98,560078,KSPDB-SD07-D-0039-2808
P-002809,12.982542,77.605291,F-07-05,D-0039,22,P-002807,LT-8m-PCC,W-78,,KSPDB-SD07-D-0039-2809
P-002810,12.982373,77.605199,F-07-05,D-0039,22,P-002807,LT-9m-PCC,W-82,560078,KSPDB-SD07-D-0039-2810
P-002811,12.982497,77.605548,F-07-05,D-0039,23,P-002806,LT-8m-Steel,W-81,560078,KSPDB-SD07-D-0039-2811
P-002812,12.982334,77.605732,F-07-05,D-0039,23,P-002808,LT-9m-PCC,W-97,560078,KSPDB-SD07-D-0039-2812
P-002813,12.982343,77.605501,F-07-05,D-0039,24,P-002811,LT-8m-Steel,W-14,560078,KSPDB-SD07-D-0039-2813
P-002814,12.982222,77.605453,F-07-05,D-0039,25,P-002813,LT-8m-PCC,W-16,560078,KSPDB-SD07-D-0039-2814
P-002815,12.982145,77.605454,F-07-05,D-0039,25,P-002813,LT-8m-PCC,W-23,560078,KSPDB-SD07-D-0039-2815
P-002816,12.982524,77.605792,F-07-05,D-0039,24,P-002812,LT-8m-PCC,W-89,560078,KSPDB-SD07-D-0039-2816
P-002817,12.9822,77.605391,F-07-05,D-0039,26,P-002815,LT-8m-PCC,W-50,560078,KSPDB-SD07-D-0039-2817
P-002818,12.982539,77.605325,F-07-05,D-0039,25,P-002813,LT-8m-PCC,W-73,560078,KSPDB-SD07-D-0039-2818
P-002819,12.982265,77.605645,F-07-05,D-0039,26,P-002814,LT-8m-Steel,W-63,560078,KSPDB-SD07-D-0039-2819
P-002820,12.982393,77.605333,F-07-05,D-0039,26,P-002818,LT-8m-Steel,W-34,560078,
P-002821,12.967869,77.576405,F-07-03,D-0040,1,,LT-8m-PCC,W-26,560078,KSPDB-SD07-D-0040-2821
P-002822,12.967909,77.576285,F-07-03,D-0040,2,P-002821,LT-9m-PCC,W-12,560078,KSPDB-SD07-D-0040-2822
P-002823,12.968057,77.576221,F-07-03,D-0040,2,P-002821,LT-8m-Steel,W-62,560078,
P-002824,12.968177,77.576158,F-07-03,D-0040,3,P-002823,LT-8m-Steel,W-51,560078,KSPDB-SD07-D-0040-2824
P-002825,12.968305,77.576045,F-07-03,D-0040,4,P-002824,LT-8m-PCC,W-55,560078,
P-002826,12.968308,77.57597,F-07-03,D-0040,5,P-002825,LT-9m-PCC,W-21,560078,KSPDB-SD07-D-0040-2826
P-002827,12.968479,77.576091,F-07-03,D-0040,6,P-002826,LT-8m-PCC,W-95,560078,KSPDB-SD07-D-0040-2827
P-002828,12.968102,77.57634,F-07-03,D-0040,4,P-002824,LT-8m-PCC,W-40,560078,KSPDB-SD07-D-0040-2828
P-002829,12.968266,77.575955,F-07-03,D-0040,5,P-002825,LT-8m-PCC,W-37,560078,KSPDB-SD07-D-0040-2829
P-002830,12.968422,77.576004,F-07-03,D-0040,6,P-002829,LT-8m-PCC,W-21,560078,KSPDB-SD07-D-0040-2830
P-002831,12.968414,77.575845,F-07-03,D-0040,6,P-002826,LT-8m-Steel,W-35,560078,KSPDB-SD07-D-0040-2831
P-002832,12.968224,77.575822,F-07-03,D-0040,7,P-002830,LT-8m-Steel,W-71,560078,KSPDB-SD07-D-0040-2832
P-002833,12.968336,77.575986,F-07-03,D-0040,8,P-002832,LT-8m-PCC,W-85,560078,KSPDB-SD07-D-0040-2833
P-002834,12.968241,77.576056,F-07-03,D-0040,6,P-002829,LT-8m-PCC,W-58,560078,KSPDB-SD07-D-0040-2834
P-002835,12.968259,77.575918,F-07-03,D-0040,7,P-002830,LT-8m-PCC,W-42,560078,KSPDB-SD07-D-0040-2835
P-002836,12.968257,77.576051,F-07-03,D-0040,9,P-002833,LT-8m-Steel,W-41,,KSPDB-SD07-D-0040-2836
P-002837,12.968334,77.575648,F-07-03,D-0040,8,P-002832,LT-8m-Steel,W-35,560078,KSPDB-SD07-D-0040-2837
P-002838,12.968408,77.575769,F-07-03,D-0040,8,P-002835,LT-9m-PCC,W-22,560078,KSPDB-SD07-D-0040-2838
P-002839,12.968419,77.576174,F-07-03,D-0040,7,P-002834,LT-8m-PCC,W-95,560078,KSPDB-SD07-D-0040-2839
P-002840,12.968233,77.575952,F-07-03,D-0040,9,P-002838,LT-9m-PCC,W-57,560078,KSPDB-SD07-D-0040-2840
P-002841,12.968248,77.575618,F-07-03,D-0040,9,P-002837,LT-8m-PCC,W-32,560078,KSPDB-SD07-D-0040-2841
P-002842,12.968357,77.575813,F-07-03,D-0040,10,P-002840,LT-8m-PCC,W-12,560078,KSPDB-SD07-D-0040-2842
P-002843,12.968408,77.57581,F-07-03,D-0040,11,P-002842,LT-8m-PCC,W-39,560078,KSPDB-SD07-D-0040-2843
P-002844,12.968041,77.575995,F-07-03,D-0040,10,P-002840,LT-8m-Steel,W-79,560078,KSPDB-SD07-D-0040-2844
P-002845,12.968192,77.576055,F-07-03,D-0040,11,P-002844,LT-9m-PCC,W-51,560078,KSPDB-SD07-D-0040-2845
P-002846,12.968469,77.575659,F-07-03,D-0040,11,P-002842,LT-8m-PCC,W-93,560078,KSPDB-SD07-D-0040-2846
P-002847,12.968101,77.576106,F-07-03,D-0040,11,P-002844,LT-8m-PCC,W-79,560078,KSPDB-SD07-D-0040-2847
P-002848,12.968352,77.575719,F-07-03,D-0040,12,P-002843,LT-8m-Steel,W-47,560078,KSPDB-SD07-D-0040-2848
P-002849,12.968109,77.576133,F-07-03,D-0040,12,P-002847,LT-9m-PCC,W-90,560078,KSPDB-SD07-D-0040-2849
P-002850,12.968386,77.575712,F-07-03,D-0040,12,P-002846,LT-9m-PCC,W-75,560078,KSPDB-SD07-D-0040-2850
P-002851,12.968591,77.575654,F-07-03,D-0040,12,P-002846,LT-8m-PCC,W-32,560078,KSPDB-SD07-D-0040-2851
P-002852,12.968114,77.57614,F-07-03,D-0040,12,P-002847,LT-8m-Steel,W-38,560078,KSPDB-SD07-D-0040-2852
P-002853,12.968268,77.575944,F-07-03,D-0040,13,P-002852,LT-8m-Steel,W-33,560078,KSPDB-SD07-D-0040-2853
P-002854,12.968213,77.575981,F-07-03,D-0040,13,P-002852,LT-9m-PCC,W-34,560078,KSPDB-SD07-D-0040-2854
P-002855,12.968201,77.575679,F-07-03,D-0040,13,P-002850,LT-8m-Steel,W-19,560078,KSPDB-SD07-D-0040-2855
P-002856,12.968458,77.57591,F-07-03,D-0040,14,P-002853,LT-8m-PCC,W-96,560078,KSPDB-SD07-D-0040-2856
P-002857,12.968239,77.575591,F-07-03,D-0040,14,P-002855,LT-9m-PCC,W-62,560078,KSPDB-SD07-D-0040-2857
P-002858,12.968302,77.575884,F-07-03,D-0040,15,P-002856,LT-8m-Steel,W-53,560078,KSPDB-SD07-D-0040-2858
P-002859,12.968439,77.575815,F-07-03,D-0040,16,P-002858,LT-8m-PCC,W-13,560078,KSPDB-SD07-D-0040-2859
P-002860,12.968251,77.575859,F-07-03,D-0040,17,P-002859,LT-8m-PCC,W-28,560078,KSPDB-SD07-D-0040-2860
P-002861,12.968087,77.576017,F-07-03,D-0040,18,P-002860,LT-9m-PCC,W-30,560078,KSPDB-SD07-D-0040-2861
P-002862,12.968622,77.575752,F-07-03,D-0040,17,P-002859,LT-8m-PCC,W-39,560078,KSPDB-SD07-D-0040-2862
P-002863,12.968573,77.575836,F-07-03,D-0040,18,P-002862,LT-8m-PCC,W-27,560078,KSPDB-SD07-D-0040-2863
P-002864,12.968437,77.575803,F-07-03,D-0040,18,P-002862,LT-8m-PCC,W-29,560078,
P-002865,12.968731,77.575742,F-07-03,D-0040,18,P-002862,LT-9m-PCC,W-58,560078,KSPDB-SD07-D-0040-2865
P-002866,12.96878,77.575798,F-07-03,D-0040,18,P-002862,LT-8m-Steel,W-88,560078,KSPDB-SD07-D-0040-2866
P-002867,12.968698,77.575843,F-07-03,D-0040,18,P-002862,LT-8m-PCC,W-23,560078,KSPDB-SD07-D-0040-2867
P-002868,12.968248,77.57598,F-07-03,D-0040,19,P-002864,LT-9m-PCC,W-17,560078,KSPDB-SD07-D-0040-2868
P-002869,12.96858,77.57586,F-07-03,D-0040,19,P-002864,LT-8m-PCC,W-36,560078,
P-002870,12.968576,77.575981,F-07-03,D-0040,20,P-002869,LT-9m-PCC,W-37,560078,KSPDB-SD07-D-0040-2870
P-002871,12.968748,77.576176,F-07-03,D-0040,21,P-002870,LT-8m-PCC,W-31,,
P-002872,12.968548,77.576215,F-07-03,D-0040,22,P-002871,LT-8m-Steel,W-46,560078,
P-002873,12.968541,77.575993,F-07-03,D-0040,21,P-002870,LT-9m-PCC,W-74,560078,KSPDB-SD07-D-0040-2873
P-002874,12.968595,77.576147,F-07-03,D-0040,21,P-002870,LT-8m-PCC,W-93,560078,
P-002875,12.968645,77.576116,F-07-03,D-0040,22,P-002874,LT-8m-PCC,W-60,560078,KSPDB-SD07-D-0040-2875
P-002876,12.968662,77.575992,F-07-03,D-0040,23,P-002875,LT-9m-PCC,W-77,560078,KSPDB-SD07-D-0040-2876
P-002877,12.968677,77.576318,F-07-03,D-0040,23,P-002872,LT-8m-PCC,W-28,560078,
P-002878,12.968432,77.576269,F-07-03,D-0040,22,P-002874,LT-8m-PCC,W-55,560078,KSPDB-SD07-D-0040-2878
P-002879,12.968621,77.576419,F-07-03,D-0040,23,P-002878,LT-9m-PCC,W-94,560078,KSPDB-SD07-D-0040-2879
P-002880,12.968494,77.57615,F-07-03,D-0040,23,P-002878,LT-9m-PCC,W-74,560078,KSPDB-SD07-D-0040-2880
P-002881,12.968684,77.576101,F-07-03,D-0040,24,P-002876,LT-9m-PCC,W-78,560078,KSPDB-SD07-D-0040-2881
P-002882,12.968307,77.576359,F-07-03,D-0040,23,P-002878,LT-8m-Steel,W-84,560078,KSPDB-SD07-D-0040-2882
P-002883,12.968524,77.576039,F-07-03,D-0040,24,P-002880,LT-9m-PCC,W-84,560078,KSPDB-SD07-D-0040-2883
P-002884,12.968168,77.576308,F-07-03,D-0040,24,P-002882,LT-9m-PCC,W-98,560078,KSPDB-SD07-D-0040-2884
P-002885,12.968792,77.57621,F-07-03,D-0040,25,P-002881,LT-8m-Steel,W-74,560078,KSPDB-SD07-D-0040-2885
P-002886,12.968914,77.576191,F-07-03,D-0040,26,P-002885,LT-8m-PCC,W-45,560078,KSPDB-SD07-D-0040-2886
P-002887,12.968696,77.576052,F-07-03,D-0040,26,P-002885,LT-8m-PCC,W-89,560078,KSPDB-SD07-D-0040-2887
P-002888,12.968734,77.576219,F-07-03,D-0040,27,P-002886,LT-9m-PCC,W-81,560078,KSPDB-SD07-D-0040-2888
P-002889,12.968043,77.576489,F-07-03,D-0040,25,P-002884,LT-8m-Steel,W-43,560078,KSPDB-SD07-D-0040-2889
