pole_id,lat,lon,feeder_id,dt_id,seq_on_line,parent_pole_id,pole_type,ward,pincode,device_id
P-000001,12.985055,77.598236,F-07-01,D-0001,1,,LT-8m-PCC,W-77,560078,KSPDB-SD07-D-0001-1
P-000002,12.984963,77.598159,F-07-01,D-0001,2,P-000001,LT-8m-Steel,W-83,560078,KSPDB-SD07-D-0001-2
P-000003,12.98503,77.598094,F-07-01,D-0001,2,P-000001,LT-8m-PCC,W-92,560078,KSPDB-SD07-D-0001-3
P-000004,12.985075,77.598104,F-07-01,D-0001,3,P-000003,LT-8m-Steel,W-16,560078,
P-000005,12.985231,77.598426,F-07-01,D-0001,2,P-000001,LT-8m-PCC,W-42,560078,KSPDB-SD07-D-0001-5
P-000006,12.985181,77.598309,F-07-01,D-0001,2,P-000001,LT-9m-PCC,W-41,560078,
P-000007,12.984941,77.598122,F-07-01,D-0001,4,P-000004,LT-8m-PCC,W-78,560078,KSPDB-SD07-D-0001-7
P-000008,12.985293,77.598287,F-07-01,D-0001,3,P-000005,LT-8m-Steel,W-64,560078,KSPDB-SD07-D-0001-8
P-000009,12.984758,77.598196,F-07-01,D-0001,5,P-000007,LT-9m-PCC,W-60,560078,KSPDB-SD07-D-0001-9
P-000010,12.984944,77.598064,F-07-01,D-0001,5,P-000007,LT-8m-Steel,W-63,560078,KSPDB-SD07-D-0001-10
P-000011,12.984867,77.598199,F-07-01,D-0001,5,P-000007,LT-9m-PCC,W-54,560078,KSPDB-SD07-D-0001-11
P-000012,12.984876,77.598032,F-07-01,D-0001,5,P-000007,LT-9m-PCC,W-58,560078,KSPDB-SD07-D-0001-12
P-000013,12.984794,77.598143,F-07-01,D-0001,6,P-000011,LT-9m-PCC,W-38,560078,KSPDB-SD07-D-0001-13
P-000014,12.984751,77.598061,F-07-01,D-0001,6,P-000012,LT-8m-Steel,W-47,560078,KSPDB-SD07-D-0001-14
P-000015,12.984855,77.598201,F-07-01,D-0001,6,P-000010,LT-9m-PCC,W-95,560078,KSPDB-SD07-D-0001-15
P-000016,12.984881,77.597904,F-07-01,D-0001,6,P-000012,LT-9m-PCC,W-18,560078,KSPDB-SD07-D-0001-16
P-000017,12.984693,77.598213,F-07-01,D-0001,6,P-000012,LT-9m-PCC,W-26,560078,KSPDB-SD07-D-0001-17
P-000018,12.984957,77.598363,F-07-01,D-0001,7,P-000015,LT-8m-PCC,W-19,560078,KSPDB-SD07-D-0001-18
P-000019,12.984826,77.598444,F-07-01,D-0001,8,P-000018,LT-9m-PCC,W-47,560078,KSPDB-SD07-D-0001-19
P-000020,12.984786,77.597895,F-07-01,D-0001,7,P-000016,LT-8m-PCC,W-48,560078,
P-000021,12.984901,77.598331,F-07-01,D-0001,9,P-000019,LT-8m-PCC,W-30,560078,KSPDB-SD07-D-0001-21
P-000022,12.984759,77.598101,F-07-01,D-0001,7,P-000017,LT-8m-Steel,W-53,560078,KSPDB-SD07-D-0001-22
P-000023,12.984929,77.598261,F-07-01,D-0001,9,P-000019,LT-9m-PCC,W-31,560078,KSPDB-SD07-D-0001-23
P-000024,12.984882,77.598384,F-07-01,D-0001,9,P-000019,LT-8m-Steel,W-22,560078,KSPDB-SD07-D-0001-24
P-000025,12.984906,77.597878,F-07-01,D-0001,8,P-000020,LT-8m-Steel,W-15,560078,KSPDB-SD07-D-0001-25
P-000026,12.984928,77.598211,F-07-01,D-0001,10,P-000023,LT-8m-PCC,W-62,560078,KSPDB-SD07-D-0001-26
P-000027,12.985038,77.59821,F-07-01,D-0001,10,P-000023,LT-8m-PCC,W-74,560078,KSPDB-SD07-D-0001-27
P-000028,12.984956,77.598121,F-07-01,D-0001,10,P-000023,LT-9m-PCC,W-99,560078,
P-000029,12.985131,77.598035,F-07-01,D-0001,11,P-000028,LT-9m-PCC,W-77,560078,KSPDB-SD07-D-0001-29
P-000030,12.984958,77.598247,F-07-01,D-0001,11,P-000026,LT-8m-Steel,W-11,560078,KSPDB-SD07-D-0001-30
P-000031,12.985005,77.59812,F-07-01,D-0001,11,P-000026,LT-9m-PCC,W-12,560078,KSPDB-SD07-D-0001-31
P-000032,12.984981,77.598072,F-07-01,D-0001,11,P-000027,LT-9m-PCC,W-92,560078,
P-000033,12.984971,77.598398,F-07-01,D-0001,12,P-000030,LT-8m-PCC,W-88,560078,KSPDB-SD07-D-0001-33
P-000034,12.98507,77.598133,F-07-01,D-0001,12,P-000031,LT-9m-PCC,W-53,560078,KSPDB-SD07-D-0001-34
P-000035,12.985138,77.59809,F-07-01,D-0001,12,P-000031,LT-9m-PCC,W-56,560078,KSPDB-SD07-D-0001-35
P-000036,12.98483,77.598117,F-07-01,D-0001,12,P-000032,LT-8m-PCC,W-80,560078,KSPDB-SD07-D-0001-36
P-000037,12.985211,77.598163,F-07-01,D-0001,13,P-000035,LT-8m-PCC,W-95,560078,KSPDB-SD07-D-0001-37
P-000038,12.985175,77.598235,F-07-01,D-0001,13,P-000035,LT-8m-Steel,W-91,560078,KSPDB-SD07-D-0001-38
P-000039,12.984976,77.598111,F-07-01,D-0001,13,P-000036,LT-8m-PCC,W-14,560078,KSPDB-SD07-D-0001-39
P-000040,12.984849,77.598062,F-07-01,D-0001,14,P-000039,LT-9m-PCC,W-77,560078,KSPDB-SD07-D-0001-40
P-000041,12.985063,77.598204,F-07-01,D-0001,14,P-000038,LT-9m-PCC,W-98,560078,KSPDB-SD07-D-0001-41
P-000042,12.985198,77.598196,F-07-01,D-0001,14,P-000038,LT-8m-Steel,W-68,560078,KSPDB-SD07-D-0001-42
P-000043,12.985335,77.598364,F-07-01,D-0001,15,P-000042,LT-9m-PCC,W-72,560078,KSPDB-SD07-D-0001-43
P-000044,12.984958,77.598044,F-07-01,D-0001,15,P-000041,LT-8m-Steel,W-79,560078,KSPDB-SD07-D-0001-44
P-000045,12.985245,77.598068,F-07-01,D-0001,15,P-000041,LT-9m-PCC,W-14,560078,KSPDB-SD07-D-0001-45
P-000046,12.985119,77.598051,F-07-01,D-0001,16,P-000044,LT-9m-PCC,W-10,560078,KSPDB-SD07-D-0001-46
P-000047,12.985434,77.597974,F-07-01,D-0001,16,P-000045,LT-8m-PCC,W-74,560078,KSPDB-SD07-D-0001-47
P-000048,12.985407,77.598081,F-07-01,D-0001,17,P-000047,LT-8m-PCC,W-19,560078,
P-000049,12.985587,77.598245,F-07-01,D-0001,18,P-000048,LT-9m-PCC,W-36,560078,KSPDB-SD07-D-0001-49
P-000050,12.985186,77.598019,F-07-01,D-0001,17,P-000046,LT-9m-PCC,W-61,560078,KSPDB-SD07-D-0001-50
P-000051,12.985406,77.598024,F-07-01,D-0001,17,P-000047,LT-8m-PCC,W-89,560078,
P-000052,12.985433,77.598182,F-07-01,D-0001,18,P-000051,LT-8m-Steel,W-80,560078,KSPDB-SD07-D-0001-52
P-000053,12.985308,77.598003,F-07-01,D-0001,18,P-000050,LT-9m-PCC,W-36,560078,KSPDB-SD07-D-0001-53
P-000054,12.985538,77.59786,F-07-01,D-0001,18,P-000051,LT-8m-PCC,W-34,,KSPDB-SD07-D-0001-54
P-000055,12.985208,77.598148,F-07-01,D-0001,19,P-000053,LT-9m-PCC,W-64,560078,KSPDB-SD07-D-0001-55
P-000056,12.985456,77.597755,F-07-01,D-0001,19,P-000054,LT-9m-PCC,W-36,560078,KSPDB-SD07-D-0001-56
P-000057,12.985435,77.597748,F-07-01,D-0001,19,P-000054,LT-8m-Steel,W-27,560078,KSPDB-SD07-D-0001-57
P-000058,12.985041,77.598273,F-07-01,D-0001,20,P-000055,LT-8m-Steel,W-44,560078,KSPDB-SD07-D-0001-58
P-000059,12.985346,77.597561,F-07-01,D-0001,20,P-000056,LT-8m-PCC,W-51,560078,KSPDB-SD07-D-0001-59
P-000060,12.985384,77.598108,F-07-01,D-0001,20,P-000055,LT-9m-PCC,W-24,560078,KSPDB-SD07-D-0001-60
P-000061,12.985304,77.597585,F-07-01,D-0001,21,P-000059,LT-9m-PCC,W-54,560078,KSPDB-SD07-D-0001-61
P-000062,12.985428,77.59767,F-07-01,D-0001,21,P-000059,LT-8m-PCC,W-64,560078,KSPDB-SD07-D-0001-62
P-000063,12.985467,77.597584,F-07-01,D-0001,22,P-000061,LT-8m-PCC,W-81,560078,KSPDB-SD07-D-0001-63
P-000064,12.985596,77.597526,F-07-01,D-0001,23,P-000063,LT-8m-PCC,W-13,560078,KSPDB-SD07-D-0001-64
P-000065,12.985283,77.597803,F-07-01,D-0001,22,P-000062,LT-9m-PCC,W-55,560078,KSPDB-SD07-D-0001-65
P-000066,12.985587,77.597631,F-07-01,D-0001,23,P-000063,LT-9m-PCC,W-95,560078,KSPDB-SD07-D-0001-66
P-000067,12.985549,77.59752,F-07-01,D-0001,24,P-000064,LT-9m-PCC,W-87,560078,
P-000068,12.985717,77.597474,F-07-01,D-0001,24,P-000064,LT-8m-Steel,W-53,560078,KSPDB-SD07-D-0001-68
P-000069,12.98567,77.597519,F-07-01,D-0001,25,P-000068,LT-8m-PCC,W-83,560078,KSPDB-SD07-D-0001-69
P-000070,12.985607,77.597392,F-07-01,D-0001,26,P-000069,LT-9m-PCC,W-75,560078,KSPDB-SD07-D-0001-70
P-000071,12.985767,77.597607,F-07-01,D-0001,24,P-000066,LT-8m-Steel,W-31,560078,KSPDB-SD07-D-0001-71
P-000072,12.985752,77.597463,F-07-01,D-0001,27,P-000070,LT-8m-Steel,W-17,560078,KSPDB-SD07-D-0001-72
P-000073,12.985557,77.59766,F-07-01,D-0001,28,P-000072,LT-9m-PCC,W-28,560078,KSPDB-SD07-D-0001-73
P-000074,12.985696,77.597505,F-07-01,D-0001,27,P-000070,LT-8m-PCC,W-93,560078,KSPDB-SD07-D-0001-74
P-000075,12.98566,77.597504,F-07-01,D-0001,29,P-000073,LT-8m-PCC,W-86,560078,KSPDB-SD07-D-0001-75
P-000076,12.985628,77.597367,F-07-01,D-0001,28,P-000074,LT-8m-Steel,W-68,560078,KSPDB-SD07-D-0001-76
P-000077,12.985596,77.597369,F-07-01,D-0001,28,P-000074,LT-9m-PCC,W-31,560078,KSPDB-SD07-D-0001-77
P-000078,12.98566,77.5974,F-07-01,D-0001,29,P-000077,LT-8m-Steel,W-33,560078,KSPDB-SD07-D-0001-78
P-000079,12.98572,77.597607,F-07-01,D-0001,30,P-000075,LT-8m-Steel,W-22,560078,KSPDB-SD07-D-0001-79
P-000080,12.985734,77.59733,F-07-01,D-0001,29,P-000077,LT-8m-PCC,W-41,560078,KSPDB-SD07-D-0001-80
P-000081,12.98554,77.597663,F-07-01,D-0001,31,P-000079,LT-8m-PCC,W-69,560078,KSPDB-SD07-D-0001-81
P-000082,12.985642,77.597653,F-07-01,D-0001,32,P-000081,LT-8m-Steel,W-69,560078,
P-000083,12.985694,77.597496,F-07-01,D-0001,33,P-000082,LT-8m-PCC,W-19,560078,KSPDB-SD07-D-0001-83
P-000084,12.985692,77.597505,F-07-01,D-0001,33,P-000082,LT-9m-PCC,W-85,560078,KSPDB-SD07-D-0001-84
P-000085,12.985575,77.597231,F-07-01,D-0001,30,P-000080,LT-8m-PCC,W-32,560078,KSPDB-SD07-D-0001-85
P-000086,12.985652,77.597615,F-07-01,D-0001,34,P-000083,LT-9m-PCC,W-44,560078,KSPDB-SD07-D-0001-86
P-000087,12.985785,77.597693,F-07-01,D-0001,33,P-000082,LT-8m-PCC,W-45,560078,KSPDB-SD07-D-0001-87
P-000088,12.985564,77.597542,F-07-01,D-0001,34,P-000084,LT-8m-Steel,W-10,560078,KSPDB-SD07-D-0001-88
P-000089,12.985622,77.597572,F-07-01,D-0001,34,P-000084,LT-8m-PCC,W-16,560078,
P-000090,12.985523,77.597517,F-07-01,D-0001,35,P-000089,LT-9m-PCC,W-43,560078,KSPDB-SD07-D-0001-90
P-000091,12.985664,77.597635,F-07-01,D-0001,36,P-000090,LT-8m-PCC,W-79,560078,KSPDB-SD07-D-0001-91
P-000092,12.985646,77.597756,F-07-01,D-0001,34,P-000087,LT-8m-Steel,W-52,560078,KSPDB-SD07-D-0001-92
P-000093,12.985355,77.597711,F-07-01,D-0001,36,P-000090,LT-8m-PCC,W-61,560078,KSPDB-SD07-D-0001-93
P-000094,12.985706,77.59754,F-07-01,D-0001,35,P-000089,LT-8m-Steel,W-92,560078,KSPDB-SD07-D-0001-94
P-000095,12.985821,77.597572,F-07-01,D-0001,37,P-000091,LT-9m-PCC,W-37,560078,KSPDB-SD07-D-0001-95
P-000096,12.985653,77.597651,F-07-01,D-0001,37,P-000091,LT-8m-Steel,W-93,560078,KSPDB-SD07-D-0001-96
P-000097,12.98546,77.597512,F-07-01,D-0001,37,P-000093,LT-9m-PCC,W-40,560078,KSPDB-SD07-D-0001-97
P-000098,12.974347,77.599754,F-07-05,D-0002,1,,LT-8m-PCC,W-30,560078,KSPDB-SD07-D-0002-98
P-000099,12.974522,77.599586,F-07-05,D-0002,2,P-000098,LT-9m-PCC,W-92,560078,KSPDB-SD07-D-0002-99
P-000100,12.974227,77.59957,F-07-05,D-0002,2,P-000098,LT-9m-PCC,W-41,560078,KSPDB-SD07-D-0002-100
P-000101,12.974416,77.599729,F-07-05,D-0002,3,P-000099,LT-8m-Steel,W-14,560078,KSPDB-SD07-D-0002-101
P-000102,12.974288,77.599927,F-07-05,D-0002,2,P-000098,LT-9m-PCC,W-25,560078,KSPDB-SD07-D-0002-102
P-000103,12.97433,77.600018,F-07-05,D-0002,3,P-000102,LT-8m-PCC,W-63,560078,KSPDB-SD07-D-0002-103
P-000104,12.974118,77.599478,F-07-05,D-0002,3,P-000100,LT-9m-PCC,W-61,560078,KSPDB-SD07-D-0002-104
P-000105,12.974505,77.599674,F-07-05,D-0002,4,P-000101,LT-8m-Steel,W-57,560078,KSPDB-SD07-D-0002-105
P-000106,12.974238,77.599759,F-07-05,D-0002,3,P-000102,LT-9m-PCC,W-12,560078,KSPDB-SD07-D-0002-106
P-000107,12.97448,77.600068,F-07-05,D-0002,4,P-000103,LT-9m-PCC,W-11,560078,
P-000108,12.974366,77.599974,F-07-05,D-0002,4,P-000103,LT-9m-PCC,W-93,560078,KSPDB-SD07-D-0002-108
P-000109,12.974153,77.599859,F-07-05,D-0002,4,P-000106,LT-8m-PCC,W-97,560078,KSPDB-SD07-D-0002-109
P-000110,12.974406,77.600005,F-07-05,D-0002,5,P-000107,LT-8m-Steel,W-42,560078,KSPDB-SD07-D-0002-110
P-000111,12.97442,77.600012,F-07-05,D-0002,5,P-000107,LT-8m-PCC,W-24,560078,KSPDB-SD07-D-0002-111
P-000112,12.974367,77.600024,F-07-05,D-0002,6,P-000111,LT-9m-PCC,W-43,560078,KSPDB-SD07-D-0002-112
P-000113,12.974313,77.600192,F-07-05,D-0002,6,P-000110,LT-9m-PCC,W-59,560078,KSPDB-SD07-D-0002-113
P-000114,12.974497,77.599945,F-07-05,D-0002,6,P-000111,LT-9m-PCC,W-66,560078,KSPDB-SD07-D-0002-114
P-000115,12.974423,77.600104,F-07-05,D-0002,6,P-000111,LT-9m-PCC,W-44,560078,KSPDB-SD07-D-0002-115
P-000116,12.974221,77.599981,F-07-05,D-0002,6,P-000111,LT-9m-PCC,W-83,560078,KSPDB-SD07-D-0002-116
P-000117,12.974265,77.599978,F-07-05,D-0002,7,P-000116,LT-8m-PCC,W-93,560078,KSPDB-SD07-D-0002-117
P-000118,12.974246,77.600205,F-07-05,D-0002,7,P-000113,LT-8m-Steel,W-15,560078,KSPDB-SD07-D-0002-118
P-000119,12.974202,77.600292,F-07-05,D-0002,8,P-000118,LT-9m-PCC,W-46,560078,
P-000120,12.974071,77.600122,F-07-05,D-0002,9,P-000119,LT-8m-PCC,W-61,560078,KSPDB-SD07-D-0002-120
P-000121,12.974267,77.600404,F-07-05,D-0002,9,P-000119,LT-8m-Steel,W-21,560078,KSPDB-SD07-D-0002-121
P-000122,12.974288,77.600231,F-07-05,D-0002,9,P-000119,LT-8m-PCC,W-75,560078,KSPDB-SD07-D-0002-122
P-000123,12.973905,77.599998,F-07-05,D-0002,10,P-000120,LT-8m-PCC,W-42,,KSPDB-SD07-D-0002-123
P-000124,12.97381,77.599798,F-07-05,D-0002,11,P-000123,LT-9m-PCC,W-16,560078,KSPDB-SD07-D-0002-124
P-000125,12.973778,77.599672,F-07-05,D-0002,12,P-000124,LT-9m-PCC,W-48,560078,KSPDB-SD07-D-0002-125
P-000126,12.973767,77.599914,F-07-05,D-0002,11,P-000123,LT-8m-PCC,W-64,560078,KSPDB-SD07-D-0002-126
P-000127,12.973628,77.599802,F-07-05,D-0002,12,P-000126,LT-8m-Steel,W-74,560078,KSPDB-SD07-D-0002-127
P-000128,12.973566,77.599865,F-07-05,D-0002,13,P-000127,LT-8m-Steel,W-83,560078,KSPDB-SD07-D-0002-128
P-000129,12.973591,77.599794,F-07-05,D-0002,13,P-000127,LT-8m-PCC,W-54,560078,KSPDB-SD07-D-0002-129
P-000130,12.973672,77.599907,F-07-05,D-0002,14,P-000128,LT-8m-Steel,W-73,560078,KSPDB-SD07-D-0002-130
P-000131,12.973862,77.599927,F-07-05,D-0002,12,P-000126,LT-9m-PCC,W-46,,KSPDB-SD07-D-0002-131
P-000132,12.974035,77.599786,F-07-05,D-0002,13,P-000131,LT-8m-PCC,W-65,560078,KSPDB-SD07-D-0002-132
P-000133,12.973407,77.599946,F-07-05,D-0002,14,P-000128,LT-8m-PCC,W-70,560078,KSPDB-SD07-D-0002-133
P-000134,12.973951,77.599802,F-07-05,D-0002,13,P-000131,LT-8m-PCC,W-68,560078,KSPDB-SD07-D-0002-134
P-000135,12.973923,77.599833,F-07-05,D-0002,14,P-000134,LT-8m-Steel,W-76,560078,KSPDB-SD07-D-0002-135
P-000136,12.973869,77.599669,F-07-05,D-0002,14,P-000134,LT-8m-Steel,W-52,560078,KSPDB-SD07-D-0002-136
P-000137,12.97347,77.600078,F-07-05,D-0002,15,P-000133,LT-9m-PCC,W-98,560078,KSPDB-SD07-D-0002-137
P-000138,12.973222,77.600097,F-07-05,D-0002,15,P-000133,LT-8m-PCC,W-47,560078,KSPDB-SD07-D-0002-138
P-000139,12.974089,77.599858,F-07-05,D-0002,14,P-000134,LT-8m-PCC,W-60,560078,KSPDB-SD07-D-0002-139
P-000140,12.973584,77.600176,F-07-05,D-0002,16,P-000137,LT-8m-Steel,W-65,560078,KSPDB-SD07-D-0002-140
P-000141,12.973956,77.59949,F-07-05,D-0002,15,P-000136,LT-8m-PCC,W-37,560078,KSPDB-SD07-D-0002-141
P-000142,12.97359,77.600134,F-07-05,D-0002,17,P-000140,LT-9m-PCC,W-27,560078,KSPDB-SD07-D-0002-142
P-000143,12.97376,77.599322,F-07-05,D-0002,16,P-000141,LT-8m-PCC,W-42,560078,KSPDB-SD07-D-0002-143
P-000144,12.97368,77.599169,F-07-05,D-0002,17,P-000143,LT-8m-Steel,W-35,560078,KSPDB-SD07-D-0002-144
P-000145,12.973492,77.600198,F-07-05,D-0002,17,P-000140,LT-9m-PCC,W-77,560078,KSPDB-SD07-D-0002-145
P-000146,12.973584,77.600331,F-07-05,D-0002,18,P-000145,LT-8m-PCC,W-60,560078,KSPDB-SD07-D-0002-146
P-000147,12.973943,77.599504,F-07-05,D-0002,17,P-000143,LT-9m-PCC,W-73,560078,KSPDB-SD07-D-0002-147
P-000148,12.973842,77.599234,F-07-05,D-0002,17,P-000143,LT-8m-Steel,W-70,560078,KSPDB-SD07-D-0002-148
P-000149,12.973466,77.600247,F-07-05,D-0002,19,P-000146,LT-9m-PCC,W-23,560078,KSPDB-SD07-D-0002-149
P-000150,12.973274,77.600112,F-07-05,D-0002,20,P-000149,LT-8m-PCC,W-57,560078,KSPDB-SD07-D-0002-150
P-000151,12.973378,77.600089,F-07-05,D-0002,21,P-000150,LT-8m-Steel,W-77,560078,KSPDB-SD07-D-0002-151
P-000152,12.973267,77.600229,F-07-05,D-0002,21,P-000150,LT-8m-Steel,W-41,560078,KSPDB-SD07-D-0002-152
P-000153,12.973464,77.600157,F-07-05,D-0002,21,P-000150,LT-9m-PCC,W-26,560078,KSPDB-SD07-D-0002-153
P-000154,12.969059,77.578917,F-07-03,D-0003,,,LT-8m-PCC,W-67,560078,KSPDB-SD07-D-0003-154
P-000155,12.969102,77.578753,F-07-03,D-0003,,,LT-8m-PCC,W-26,560078,
P-000156,12.969196,77.578647,F-07-03,D-0003,,,LT-8m-PCC,W-17,560078,KSPDB-SD07-D-0003-156
P-000157,12.969093,77.578462,F-07-03,D-0003,,,LT-9m-PCC,W-43,560078,KSPDB-SD07-D-0003-157
P-000158,12.969246,77.578671,F-07-03,D-0003,,,LT-9m-PCC,W-19,560078,KSPDB-SD07-D-0003-158
P-000159,12.969246,77.578749,F-07-03,D-0003,,,LT-8m-Steel,W-34,560078,KSPDB-SD07-D-0003-159
P-000160,12.969108,77.578385,F-07-03,D-0003,,,LT-9m-PCC,W-51,560078,KSPDB-SD07-D-0003-160
P-000161,12.969082,77.578404,F-07-03,D-0003,,,LT-9m-PCC,W-97,560078,KSPDB-SD07-D-0003-161
P-000162,12.96894,77.57857,F-07-03,D-0003,,,LT-8m-PCC,W-18,560078,
P-000163,12.969253,77.578486,F-07-03,D-0003,,,LT-8m-PCC,W-77,560078,KSPDB-SD07-D-0003-163
P-000164,12.969012,77.578514,F-07-03,D-0003,,,LT-8m-PCC,W-87,560078,KSPDB-SD07-D-0003-164
P-000165,12.969031,77.578501,F-07-03,D-0003,,,LT-9m-PCC,W-96,560078,KSPDB-SD07-D-0003-165
P-000166,12.968858,77.578506,F-07-03,D-0003,,,LT-9m-PCC,W-50,560078,KSPDB-SD07-D-0003-166
P-000167,12.968965,77.578662,F-07-03,D-0003,,,LT-9m-PCC,W-45,560078,KSPDB-SD07-D-0003-167
P-000168,12.968871,77.578435,F-07-03,D-0003,,,LT-9m-PCC,W-41,560078,KSPDB-SD07-D-0003-168
P-000169,12.969126,77.578505,F-07-03,D-0003,,,LT-9m-PCC,W-67,560078,KSPDB-SD07-D-0003-169
P-000170,12.969013,77.578435,F-07-03,D-0003,,,LT-8m-Steel,W-19,560078,
P-000171,12.968998,77.578545,F-07-03,D-0003,,,LT-8m-Steel,W-72,560078,
P-000172,12.968788,77.578482,F-07-03,D-0003,,,LT-8m-Steel,W-80,560078,KSPDB-SD07-D-0003-172
P-000173,12.968855,77.578573,F-07-03,D-0003,,,LT-8m-Steel,W-36,,KSPDB-SD07-D-0003-173
P-000174,12.9689,77.578421,F-07-03,D-0003,,,LT-9m-PCC,W-44,560078,KSPDB-SD07-D-0003-174
P-000175,12.968618,77.578369,F-07-03,D-0003,,,LT-8m-PCC,W-79,560078,KSPDB-SD07-D-0003-175
P-000176,12.968776,77.578499,F-07-03,D-0003,,,LT-9m-PCC,W-24,560078,KSPDB-SD07-D-0003-176
P-000177,12.968953,77.578558,F-07-03,D-0003,,,LT-8m-Steel,W-44,560078,KSPDB-SD07-D-0003-177
P-000178,12.969055,77.578329,F-07-03,D-0003,,,LT-8m-Steel,W-98,560078,KSPDB-SD07-D-0003-178
P-000179,12.96875,77.57841,F-07-03,D-0003,,,LT-9m-PCC,W-19,560078,KSPDB-SD07-D-0003-179
P-000180,12.968793,77.578335,F-07-03,D-0003,,,LT-8m-Steel,W-52,560078,KSPDB-SD07-D-0003-180
P-000181,12.969166,77.578429,F-07-03,D-0003,,,LT-8m-PCC,W-23,560078,KSPDB-SD07-D-0003-181
P-000182,12.969075,77.578474,F-07-03,D-0003,,,LT-8m-Steel,W-52,560078,KSPDB-SD07-D-0003-182
P-000183,12.968627,77.578146,F-07-03,D-0003,,,LT-9m-PCC,W-75,560078,KSPDB-SD07-D-0003-183
P-000184,12.968687,77.578522,F-07-03,D-0003,,,LT-8m-PCC,W-69,560078,
P-000185,12.968733,77.578628,F-07-03,D-0003,,,LT-8m-Steel,W-59,560078,KSPDB-SD07-D-0003-185
P-000186,12.968706,77.578581,F-07-03,D-0003,,,LT-9m-PCC,W-91,560078,
P-000187,12.969222,77.578403,F-07-03,D-0003,,,LT-9m-PCC,W-95,560078,KSPDB-SD07-D-0003-187
P-000188,12.968637,77.578469,F-07-03,D-0003,,,LT-8m-PCC,W-12,560078,KSPDB-SD07-D-0003-188
P-000189,12.968745,77.578529,F-07-03,D-0003,,,LT-8m-Steel,W-21,560078,KSPDB-SD07-D-0003-189
P-000190,12.96905,77.578424,F-07-03,D-0003,,,LT-8m-PCC,W-63,560078,
P-000191,12.968612,77.578575,F-07-03,D-0003,,,LT-9m-PCC,W-93,560078,KSPDB-SD07-D-0003-191
P-000192,12.968439,77.578556,F-07-03,D-0003,,,LT-8m-Steel,W-71,560078,KSPDB-SD07-D-0003-192
P-000193,12.968831,77.578418,F-07-03,D-0003,,,LT-8m-PCC,W-41,560078,KSPDB-SD07-D-0003-193
P-000194,12.968568,77.578374,F-07-03,D-0003,,,LT-8m-Steel,W-73,560078,KSPDB-SD07-D-0003-194
P-000195,12.96874,77.578253,F-07-03,D-0003,,,LT-9m-PCC,W-60,,KSPDB-SD07-D-0003-195
P-000196,12.968987,77.578321,F-07-03,D-0003,,,LT-8m-PCC,W-45,560078,KSPDB-SD07-D-0003-196
P-000197,12.968696,77.578467,F-07-03,D-0003,,,LT-9m-PCC,W-37,560078,KSPDB-SD07-D-0003-197
P-000198,12.968593,77.578085,F-07-03,D-0003,,,LT-9m-PCC,W-32,560078,
P-000199,12.96879,77.578041,F-07-03,D-0003,,,LT-9m-PCC,W-67,560078,KSPDB-SD07-D-0003-199
P-000200,12.968724,77.578216,F-07-03,D-0003,,,LT-8m-Steel,W-83,,KSPDB-SD07-D-0003-200
P-000201,12.968848,77.578653,F-07-03,D-0003,,,LT-8m-Steel,W-27,560078,KSPDB-SD07-D-0003-201
P-000202,12.968839,77.578093,F-07-03,D-0003,,,LT-9m-PCC,W-77,560078,KSPDB-SD07-D-0003-202
P-000203,12.968826,77.578701,F-07-03,D-0003,,,LT-8m-Steel,W-30,560078,KSPDB-SD07-D-0003-203
P-000204,12.968862,77.577922,F-07-03,D-0003,,,LT-8m-PCC,W-19,560078,KSPDB-SD07-D-0003-204
P-000205,12.968773,77.57879,F-07-03,D-0003,,,LT-9m-PCC,W-79,560078,KSPDB-SD07-D-0003-205
P-000206,12.968832,77.578982,F-07-03,D-0003,,,LT-8m-Steel,W-67,560078,KSPDB-SD07-D-0003-206
P-000207,12.968807,77.579041,F-07-03,D-0003,,,LT-8m-PCC,W-80,560078,
P-000208,12.968912,77.578896,F-07-03,D-0003,,,LT-8m-Steel,W-52,560078,
P-000209,12.968977,77.57783,F-07-03,D-0003,,,LT-8m-Steel,W-55,560078,KSPDB-SD07-D-0003-209
P-000210,12.985794,77.599701,F-07-03,D-0004,1,,LT-8m-PCC,W-18,560078,KSPDB-SD07-D-0004-210
P-000211,12.985851,77.599816,F-07-03,D-0004,2,P-000210,LT-8m-Steel,W-76,560078,
P-000212,12.985961,77.599702,F-07-03,D-0004,2,P-000210,LT-8m-Steel,W-19,560078,KSPDB-SD07-D-0004-212
P-000213,12.985883,77.599677,F-07-03,D-0004,3,P-000211,LT-8m-Steel,W-66,560078,KSPDB-SD07-D-0004-213
P-000214,12.985954,77.599598,F-07-03,D-0004,2,P-000210,LT-8m-PCC,W-74,560078,KSPDB-SD07-D-0004-214
P-000215,12.985932,77.599505,F-07-03,D-0004,4,P-000213,LT-9m-PCC,W-15,560078,KSPDB-SD07-D-0004-215
P-000216,12.985874,77.599508,F-07-03,D-0004,3,P-000214,LT-8m-Steel,W-96,560078,KSPDB-SD07-D-0004-216
P-000217,12.985842,77.599807,F-07-03,D-0004,4,P-000213,LT-8m-PCC,W-59,560078,KSPDB-SD07-D-0004-217
P-000218,12.985993,77.599641,F-07-03,D-0004,4,P-000216,LT-8m-PCC,W-37,,KSPDB-SD07-D-0004-218
P-000219,12.986008,77.599493,F-07-03,D-0004,3,P-000214,LT-8m-Steel,W-89,560078,KSPDB-SD07-D-0004-219
P-000220,12.986061,77.599479,F-07-03,D-0004,5,P-000218,LT-8m-PCC,W-62,560078,KSPDB-SD07-D-0004-220
P-000221,12.986124,77.599681,F-07-03,D-0004,5,P-000218,LT-8m-PCC,W-37,560078,KSPDB-SD07-D-0004-221
P-000222,12.985943,77.599939,F-07-03,D-0004,5,P-000217,LT-8m-PCC,W-66,560078,KSPDB-SD07-D-0004-222
P-000223,12.986001,77.599535,F-07-03,D-0004,4,P-000219,LT-9m-PCC,W-25,560078,KSPDB-SD07-D-0004-223
P-000224,12.985916,77.599617,F-07-03,D-0004,5,P-000223,LT-8m-Steel,W-49,560078,KSPDB-SD07-D-0004-224
P-000225,12.986252,77.599338,F-07-03,D-0004,6,P-000220,LT-8m-PCC,W-55,560078,KSPDB-SD07-D-0004-225
P-000226,12.985998,77.600041,F-07-03,D-0004,6,P-000222,LT-8m-PCC,W-87,560078,
P-000227,12.986404,77.599506,F-07-03,D-0004,7,P-000225,LT-8m-PCC,W-62,560078,KSPDB-SD07-D-0004-227
P-000228,12.986017,77.599672,F-07-03,D-0004,5,P-000223,LT-8m-PCC,W-96,560078,KSPDB-SD07-D-0004-228
P-000229,12.985984,77.599654,F-07-03,D-0004,6,P-000224,LT-8m-PCC,W-52,560078,KSPDB-SD07-D-0004-229
P-000230,12.985941,77.600083,F-07-03,D-0004,7,P-000226,LT-8m-PCC,W-63,560078,KSPDB-SD07-D-0004-230
P-000231,12.986046,77.600111,F-07-03,D-0004,7,P-000226,LT-8m-PCC,W-81,560078,
P-000232,12.986243,77.599329,F-07-03,D-0004,8,P-000227,LT-8m-PCC,W-74,560078,
P-000233,12.986207,77.599691,F-07-03,D-0004,6,P-000228,LT-9m-PCC,W-14,560078,KSPDB-SD07-D-0004-233
P-000234,12.985855,77.599598,F-07-03,D-0004,7,P-000229,LT-9m-PCC,W-41,560078,KSPDB-SD07-D-0004-234
P-000235,12.986192,77.600085,F-07-03,D-0004,8,P-000231,LT-8m-PCC,W-33,560078,KSPDB-SD07-D-0004-235
P-000236,12.985959,77.599658,F-07-03,D-0004,8,P-000234,LT-8m-Steel,W-43,560078,KSPDB-SD07-D-0004-236
P-000237,12.986083,77.599831,F-07-03,D-0004,9,P-000236,LT-8m-Steel,W-92,560078,KSPDB-SD07-D-0004-237
P-000238,12.986254,77.599981,F-07-03,D-0004,10,P-000237,LT-9m-PCC,W-75,560078,KSPDB-SD07-D-0004-238
P-000239,12.985885,77.599806,F-07-03,D-0004,9,P-000236,LT-8m-Steel,W-70,560078,KSPDB-SD07-D-0004-239
P-000240,12.98627,77.599632,F-07-03,D-0004,10,P-000237,LT-8m-PCC,W-54,560078,KSPDB-SD07-D-0004-240
P-000241,12.986338,77.599785,F-07-03,D-0004,11,P-000240,LT-8m-PCC,W-60,560078,
P-000242,12.986222,77.600152,F-07-03,D-0004,11,P-000238,LT-8m-PCC,W-70,560078,
P-000243,12.986309,77.599652,F-07-03,D-0004,12,P-000241,LT-8m-PCC,W-54,560078,KSPDB-SD07-D-0004-243
P-000244,12.985894,77.599665,F-07-03,D-0004,10,P-000239,LT-8m-Steel,W-55,560078,KSPDB-SD07-D-0004-244
P-000245,12.98616,77.600227,F-07-03,D-0004,12,P-000242,LT-8m-Steel,W-38,560078,KSPDB-SD07-D-0004-245
P-000246,12.986227,77.600205,F-07-03,D-0004,13,P-000245,LT-8m-Steel,W-10,560078,
P-000247,12.986394,77.599841,F-07-03,D-0004,13,P-000243,LT-8m-Steel,W-28,560078,KSPDB-SD07-D-0004-247
P-000248,12.986341,77.600379,F-07-03,D-0004,14,P-000246,LT-8m-Steel,W-32,560078,KSPDB-SD07-D-0004-248
P-000249,12.986468,77.599655,F-07-03,D-0004,14,P-000247,LT-8m-PCC,W-99,560078,KSPDB-SD07-D-0004-249
P-000250,12.986381,77.600017,F-07-03,D-0004,14,P-000247,LT-8m-Steel,W-16,560078,KSPDB-SD07-D-0004-250
P-000251,12.986339,77.599721,F-07-03,D-0004,15,P-000249,LT-8m-PCC,W-87,560078,KSPDB-SD07-D-0004-251
P-000252,12.98662,77.599737,F-07-03,D-0004,15,P-000249,LT-9m-PCC,W-48,560078,KSPDB-SD07-D-0004-252
P-000253,12.986483,77.600187,F-07-03,D-0004,15,P-000250,LT-8m-Steel,W-80,560078,KSPDB-SD07-D-0004-253
P-000254,12.986549,77.599803,F-07-03,D-0004,16,P-000252,LT-8m-PCC,W-63,560078,KSPDB-SD07-D-0004-254
P-000255,12.986508,77.599637,F-07-03,D-0004,17,P-000254,LT-8m-Steel,W-50,560078,KSPDB-SD07-D-0004-255
P-000256,12.966964,77.575788,F-07-02,D-0005,1,,LT-8m-PCC,W-43,560078,KSPDB-SD07-D-0005-256
P-000257,12.96713,77.575928,F-07-02,D-0005,2,P-000256,LT-8m-Steel,W-71,560078,
P-000258,12.967291,77.576084,F-07-02,D-0005,3,P-000257,LT-8m-Steel,W-43,560078,KSPDB-SD07-D-0005-258
P-000259,12.967254,77.575965,F-07-02,D-0005,3,P-000257,LT-9m-PCC,W-18,560078,KSPDB-SD07-D-0005-259
P-000260,12.966928,77.575595,F-07-02,D-0005,2,P-000256,LT-9m-PCC,W-91,560078,KSPDB-SD07-D-0005-260
P-000261,12.967213,77.576,F-07-02,D-0005,3,P-000257,LT-8m-PCC,W-60,560078,KSPDB-SD07-D-0005-261
P-000262,12.967195,77.576187,F-07-02,D-0005,4,P-000261,LT-8m-Steel,W-36,560078,KSPDB-SD07-D-0005-262
P-000263,12.967181,77.575961,F-07-02,D-0005,4,P-000261,LT-9m-PCC,W-89,560078,KSPDB-SD07-D-0005-263
P-000264,12.9668,77.575789,F-07-02,D-0005,3,P-000260,LT-9m-PCC,W-62,560078,KSPDB-SD07-D-0005-264
P-000265,12.966619,77.575974,F-07-02,D-0005,4,P-000264,LT-9m-PCC,W-14,560078,KSPDB-SD07-D-0005-265
P-000266,12.966646,77.575601,F-07-02,D-0005,4,P-000264,LT-8m-Steel,W-28,560078,KSPDB-SD07-D-0005-266
P-000267,12.966925,77.575942,F-07-02,D-0005,4,P-000264,LT-8m-Steel,W-15,560078,KSPDB-SD07-D-0005-267
P-000268,12.96678,77.575798,F-07-02,D-0005,5,P-000265,LT-8m-PCC,W-34,560078,KSPDB-SD07-D-0005-268
P-000269,12.966792,77.575888,F-07-02,D-0005,4,P-000264,LT-9m-PCC,W-33,560078,KSPDB-SD07-D-0005-269
P-000270,12.966855,77.575997,F-07-02,D-0005,5,P-000269,LT-8m-PCC,W-65,560078,KSPDB-SD07-D-0005-270
P-000271,12.966888,77.576009,F-07-02,D-0005,5,P-000267,LT-8m-PCC,W-70,560078,KSPDB-SD07-D-0005-271
P-000272,12.966875,77.575998,F-07-02,D-0005,5,P-000269,LT-8m-Steel,W-22,560078,KSPDB-SD07-D-0005-272
P-000273,12.966941,77.575941,F-07-02,D-0005,6,P-000270,LT-8m-PCC,W-57,560078,KSPDB-SD07-D-0005-273
P-000274,12.967067,77.575812,F-07-02,D-0005,7,P-000273,LT-8m-Steel,W-46,560078,KSPDB-SD07-D-0005-274
P-000275,12.966891,77.575967,F-07-02,D-0005,6,P-000272,LT-8m-Steel,W-72,560078,KSPDB-SD07-D-0005-275
P-000276,12.966966,77.576147,F-07-02,D-0005,7,P-000275,LT-8m-PCC,W-94,560078,KSPDB-SD07-D-0005-276
P-000277,12.966785,77.576275,F-07-02,D-0005,8,P-000276,LT-8m-PCC,W-59,560078,KSPDB-SD07-D-0005-277
P-000278,12.96701,77.576053,F-07-02,D-0005,7,P-000273,LT-9m-PCC,W-90,560078,KSPDB-SD07-D-0005-278
P-000279,12.966828,77.576179,F-07-02,D-0005,8,P-000278,LT-8m-Steel,W-90,560078,KSPDB-SD07-D-0005-279
P-000280,12.966796,77.576198,F-07-02,D-0005,9,P-000277,LT-8m-PCC,W-76,560078,KSPDB-SD07-D-0005-280
P-000281,12.96693,77.576147,F-07-02,D-0005,8,P-000276,LT-8m-PCC,W-13,560078,KSPDB-SD07-D-0005-281
P-000282,12.966633,77.576414,F-07-02,D-0005,9,P-000277,LT-8m-Steel,W-45,560078,KSPDB-SD07-D-0005-282
P-000283,12.966825,77.576266,F-07-02,D-0005,10,P-000282,LT-8m-PCC,W-46,560078,KSPDB-SD07-D-0005-283
P-000284,12.966599,77.576218,F-07-02,D-0005,10,P-000282,LT-9m-PCC,W-12,560078,KSPDB-SD07-D-0005-284
P-000285,12.966753,77.576243,F-07-02,D-0005,9,P-000281,LT-8m-PCC,W-44,560078,KSPDB-SD07-D-0005-285
P-000286,12.966776,77.576095,F-07-02,D-0005,11,P-000283,LT-8m-PCC,W-60,560078,KSPDB-SD07-D-0005-286
P-000287,12.966638,77.576295,F-07-02,D-0005,10,P-000282,LT-8m-PCC,W-87,560078,KSPDB-SD07-D-0005-287
P-000288,12.966552,77.576484,F-07-02,D-0005,11,P-000287,LT-8m-Steel,W-74,560078,KSPDB-SD07-D-0005-288
P-000289,12.966829,77.576461,F-07-02,D-0005,11,P-000287,LT-8m-Steel,W-80,560078,KSPDB-SD07-D-0005-289
P-000290,12.966661,77.57609,F-07-02,D-0005,10,P-000285,LT-8m-PCC,W-52,560078,KSPDB-SD07-D-0005-290
P-000291,12.966508,77.576131,F-07-02,D-0005,11,P-000290,LT-9m-PCC,W-61,560078,KSPDB-SD07-D-0005-291
P-000292,12.966504,77.575957,F-07-02,D-0005,11,P-000290,LT-8m-Steel,W-45,,KSPDB-SD07-D-0005-292
P-000293,12.966674,77.576072,F-07-02,D-0005,12,P-000291,LT-9m-PCC,W-70,560078,KSPDB-SD07-D-0005-293
P-000294,12.966646,77.576108,F-07-02,D-0005,12,P-000292,LT-9m-PCC,W-85,560078,KSPDB-SD07-D-0005-294
P-000295,12.966435,77.575985,F-07-02,D-0005,12,P-000291,LT-8m-Steel,W-99,560078,
P-000296,12.966635,77.575956,F-07-02,D-0005,13,P-000294,LT-8m-Steel,W-55,560078,KSPDB-SD07-D-0005-296
P-000297,12.966511,77.576034,F-07-02,D-0005,12,P-000292,LT-8m-PCC,W-99,560078,KSPDB-SD07-D-0005-297
P-000298,12.966793,77.575989,F-07-02,D-0005,13,P-000294,LT-8m-Steel,W-84,560078,
P-000299,12.966964,77.575991,F-07-02,D-0005,14,P-000298,LT-9m-PCC,W-89,560078,KSPDB-SD07-D-0005-299
P-000300,12.966776,77.575979,F-07-02,D-0005,14,P-000296,LT-8m-PCC,W-69,560078,KSPDB-SD07-D-0005-300
P-000301,12.966865,77.576118,F-07-02,D-0005,14,P-000298,LT-9m-PCC,W-65,560078,KSPDB-SD07-D-0005-301
P-000302,12.96694,77.576086,F-07-02,D-0005,15,P-000301,LT-9m-PCC,W-75,560078,KSPDB-SD07-D-0005-302
P-000303,12.96695,77.576014,F-07-02,D-0005,14,P-000298,LT-8m-Steel,W-35,560078,KSPDB-SD07-D-0005-303
P-000304,12.966928,77.575916,F-07-02,D-0005,16,P-000302,LT-9m-PCC,W-75,560078,KSPDB-SD07-D-0005-304
P-000305,12.976184,77.594849,F-07-03,D-0006,,,LT-9m-PCC,W-68,560078,KSPDB-SD07-D-0006-305
P-000306,12.976193,77.594981,F-07-03,D-0006,,,LT-8m-Steel,W-15,560078,KSPDB-SD07-D-0006-306
P-000307,12.97625,77.594726,F-07-03,D-0006,,,LT-8m-Steel,W-18,560078,KSPDB-SD07-D-0006-307
P-000308,12.976131,77.594862,F-07-03,D-0006,,,LT-8m-Steel,W-90,560078,KSPDB-SD07-D-0006-308
P-000309,12.97601,77.595036,F-07-03,D-0006,,,LT-8m-Steel,W-88,560078,KSPDB-SD07-D-0006-309
P-000310,12.976312,77.594918,F-07-03,D-0006,,,LT-8m-Steel,W-71,560078,KSPDB-SD07-D-0006-310
P-000311,12.976148,77.594733,F-07-03,D-0006,,,LT-8m-Steel,W-81,560078,KSPDB-SD07-D-0006-311
P-000312,12.976139,77.594818,F-07-03,D-0006,,,LT-8m-PCC,W-63,560078,KSPDB-SD07-D-0006-312
P-000313,12.976058,77.594768,F-07-03,D-0006,,,LT-9m-PCC,W-67,560078,KSPDB-SD07-D-0006-313
P-000314,12.976093,77.594821,F-07-03,D-0006,,,LT-8m-PCC,W-25,560078,KSPDB-SD07-D-0006-314
P-000315,12.975988,77.594579,F-07-03,D-0006,,,LT-9m-PCC,W-89,560078,KSPDB-SD07-D-0006-315
P-000316,12.97592,77.59485,F-07-03,D-0006,,,LT-9m-PCC,W-89,560078,KSPDB-SD07-D-0006-316
P-000317,12.975817,77.594634,F-07-03,D-0006,,,LT-9m-PCC,W-75,560078,KSPDB-SD07-D-0006-317
P-000318,12.976045,77.594622,F-07-03,D-0006,,,LT-8m-PCC,W-74,560078,KSPDB-SD07-D-0006-318
P-000319,12.976008,77.594768,F-07-03,D-0006,,,LT-8m-Steel,W-20,560078,KSPDB-SD07-D-0006-319
P-000320,12.976044,77.594706,F-07-03,D-0006,,,LT-8m-PCC,W-63,560078,KSPDB-SD07-D-0006-320
P-000321,12.975903,77.594512,F-07-03,D-0006,,,LT-9m-PCC,W-23,560078,KSPDB-SD07-D-0006-321
P-000322,12.976165,77.594633,F-07-03,D-0006,,,LT-9m-PCC,W-59,560078,KSPDB-SD07-D-0006-322
P-000323,12.976051,77.59445,F-07-03,D-0006,,,LT-8m-Steel,W-75,560078,KSPDB-SD07-D-0006-323
P-000324,12.975896,77.594668,F-07-03,D-0006,,,LT-9m-PCC,W-95,560078,KSPDB-SD07-D-0006-324
P-000325,12.976019,77.594699,F-07-03,D-0006,,,LT-8m-PCC,W-83,560078,KSPDB-SD07-D-0006-325
P-000326,12.975999,77.594648,F-07-03,D-0006,,,LT-9m-PCC,W-34,560078,KSPDB-SD07-D-0006-326
P-000327,12.976092,77.594485,F-07-03,D-0006,,,LT-8m-Steel,W-81,560078,KSPDB-SD07-D-0006-327
P-000328,12.975928,77.594851,F-07-03,D-0006,,,LT-8m-Steel,W-20,560078,KSPDB-SD07-D-0006-328
P-000329,12.97594,77.594449,F-07-03,D-0006,,,LT-9m-PCC,W-76,560078,
P-000330,12.97606,77.59501,F-07-03,D-0006,,,LT-9m-PCC,W-63,560078,KSPDB-SD07-D-0006-330
P-000331,12.97589,77.594832,F-07-03,D-0006,,,LT-8m-PCC,W-98,560078,KSPDB-SD07-D-0006-331
P-000332,12.975948,77.594708,F-07-03,D-0006,,,LT-8m-Steel,W-20,560078,KSPDB-SD07-D-0006-332
P-000333,12.976029,77.594962,F-07-03,D-0006,,,LT-9m-PCC,W-72,560078,KSPDB-SD07-D-0006-333
P-000334,12.976013,77.59504,F-07-03,D-0006,,,LT-8m-PCC,W-67,560078,KSPDB-SD07-D-0006-334
P-000335,12.975865,77.595126,F-07-03,D-0006,,,LT-9m-PCC,W-95,560078,KSPDB-SD07-D-0006-335
P-000336,12.975723,77.595149,F-07-03,D-0006,,,LT-8m-PCC,W-19,560078,
P-000337,12.975832,77.595121,F-07-03,D-0006,,,LT-8m-PCC,W-66,560078,KSPDB-SD07-D-0006-337
P-000338,12.975696,77.595004,F-07-03,D-0006,,,LT-9m-PCC,W-42,560078,KSPDB-SD07-D-0006-338
P-000339,12.976005,77.595126,F-07-03,D-0006,,,LT-9m-PCC,W-51,560078,KSPDB-SD07-D-0006-339
P-000340,12.975876,77.595303,F-07-03,D-0006,,,LT-8m-Steel,W-84,560078,KSPDB-SD07-D-0006-340
P-000341,12.975817,77.595311,F-07-03,D-0006,,,LT-9m-PCC,W-78,560078,KSPDB-SD07-D-0006-341
P-000342,12.975815,77.59495,F-07-03,D-0006,,,LT-8m-PCC,W-95,560078,KSPDB-SD07-D-0006-342
P-000343,12.975927,77.594784,F-07-03,D-0006,,,LT-8m-Steel,W-41,560078,KSPDB-SD07-D-0006-343
P-000344,12.97596,77.595466,F-07-03,D-0006,,,LT-8m-PCC,W-36,560078,KSPDB-SD07-D-0006-344
P-000345,12.975912,77.595198,F-07-03,D-0006,,,LT-8m-Steel,W-27,560078,KSPDB-SD07-D-0006-345
P-000346,12.975978,77.594825,F-07-03,D-0006,,,LT-8m-PCC,W-33,560078,KSPDB-SD07-D-0006-346
P-000347,12.9854,77.581156,F-07-02,D-0007,1,,LT-8m-Steel,W-19,560078,KSPDB-SD07-D-0007-347
P-000348,12.985243,77.581067,F-07-02,D-0007,2,P-000347,LT-9m-PCC,W-25,560078,KSPDB-SD07-D-0007-348
P-000349,12.985073,77.581159,F-07-02,D-0007,3,P-000348,LT-8m-Steel,W-15,560078,KSPDB-SD07-D-0007-349
P-000350,12.984996,77.581223,F-07-02,D-0007,4,P-000349,LT-8m-Steel,W-57,560078,KSPDB-SD07-D-0007-350
P-000351,12.985219,77.58103,F-07-02,D-0007,3,P-000348,LT-8m-PCC,W-66,560078,KSPDB-SD07-D-0007-351
P-000352,12.985372,77.581297,F-07-02,D-0007,2,P-000347,LT-9m-PCC,W-46,560078,KSPDB-SD07-D-0007-352
P-000353,12.985062,77.58113,F-07-02,D-0007,5,P-000350,LT-9m-PCC,W-46,560078,KSPDB-SD07-D-0007-353
P-000354,12.985195,77.581101,F-07-02,D-0007,6,P-000353,LT-8m-Steel,W-82,560078,KSPDB-SD07-D-0007-354
P-000355,12.985196,77.58126,F-07-02,D-0007,3,P-000352,LT-8m-PCC,W-12,560078,KSPDB-SD07-D-0007-355
P-000356,12.984948,77.58131,F-07-02,D-0007,6,P-000353,LT-8m-PCC,W-92,,KSPDB-SD07-D-0007-356
P-000357,12.985381,77.581496,F-07-02,D-0007,3,P-000352,LT-9m-PCC,W-98,560078,KSPDB-SD07-D-0007-357
P-000358,12.985322,77.580989,F-07-02,D-0007,7,P-000354,LT-8m-Steel,W-77,560078,KSPDB-SD07-D-0007-358
P-000359,12.984765,77.581327,F-07-02,D-0007,7,P-000356,LT-8m-Steel,W-50,560078,KSPDB-SD07-D-0007-359
P-000360,12.985191,77.581157,F-07-02,D-0007,8,P-000358,LT-8m-Steel,W-15,560078,KSPDB-SD07-D-0007-360
P-000361,12.985262,77.581031,F-07-02,D-0007,8,P-000358,LT-8m-Steel,W-40,560078,KSPDB-SD07-D-0007-361
P-000362,12.984907,77.58126,F-07-02,D-0007,8,P-000359,LT-8m-Steel,W-56,560078,KSPDB-SD07-D-0007-362
P-000363,12.985306,77.58099,F-07-02,D-0007,8,P-000358,LT-9m-PCC,W-89,560078,KSPDB-SD07-D-0007-363
P-000364,12.985211,77.581177,F-07-02,D-0007,9,P-000363,LT-9m-PCC,W-94,560078,
P-000365,12.985312,77.581119,F-07-02,D-0007,10,P-000364,LT-9m-PCC,W-27,560078,KSPDB-SD07-D-0007-365
P-000366,12.985263,77.581089,F-07-02,D-0007,9,P-000363,LT-8m-Steel,W-76,560078,KSPDB-SD07-D-0007-366
P-000367,12.985391,77.581191,F-07-02,D-0007,10,P-000366,LT-8m-PCC,W-67,560078,KSPDB-SD07-D-0007-367
P-000368,12.985286,77.581106,F-07-02,D-0007,10,P-000366,LT-8m-Steel,W-85,560078,KSPDB-SD07-D-0007-368
P-000369,12.9852,77.581259,F-07-02,D-0007,11,P-000367,LT-8m-Steel,W-46,560078,KSPDB-SD07-D-0007-369
P-000370,12.985181,77.581077,F-07-02,D-0007,10,P-000366,LT-9m-PCC,W-42,560078,KSPDB-SD07-D-0007-370
P-000371,12.985428,77.581108,F-07-02,D-0007,10,P-000366,LT-8m-Steel,W-30,560078,KSPDB-SD07-D-0007-371
P-000372,12.985203,77.581106,F-07-02,D-0007,11,P-000368,LT-8m-PCC,W-53,560078,KSPDB-SD07-D-0007-372
P-000373,12.985299,77.581021,F-07-02,D-0007,11,P-000368,LT-8m-PCC,W-19,560078,KSPDB-SD07-D-0007-373
P-000374,12.98506,77.580915,F-07-02,D-0007,11,P-000370,LT-8m-Steel,W-77,560078,KSPDB-SD07-D-0007-374
P-000375,12.985436,77.581098,F-07-02,D-0007,12,P-000373,LT-8m-PCC,W-80,560078,KSPDB-SD07-D-0007-375
P-000376,12.985552,77.581058,F-07-02,D-0007,13,P-000375,LT-8m-PCC,W-97,560078,KSPDB-SD07-D-0007-376
P-000377,12.984893,77.581045,F-07-02,D-0007,12,P-000374,LT-8m-PCC,W-86,560078,KSPDB-SD07-D-0007-377
P-000378,12.985507,77.581015,F-07-02,D-0007,14,P-000376,LT-9m-PCC,W-79,560078,KSPDB-SD07-D-0007-378
P-000379,12.984999,77.581171,F-07-02,D-0007,13,P-000377,LT-8m-Steel,W-64,560078,KSPDB-SD07-D-0007-379
P-000380,12.984877,77.581222,F-07-02,D-0007,14,P-000379,LT-9m-PCC,W-41,560078,KSPDB-SD07-D-0007-380
P-000381,12.985511,77.581076,F-07-02,D-0007,15,P-000378,LT-8m-PCC,W-14,560078,KSPDB-SD07-D-0007-381
P-000382,12.985183,77.58098,F-07-02,D-0007,14,P-000379,LT-8m-Steel,W-70,560078,KSPDB-SD07-D-0007-382
P-000383,12.985004,77.581102,F-07-02,D-0007,15,P-000382,LT-8m-PCC,W-86,560078,
P-000384,12.985562,77.581165,F-07-02,D-0007,16,P-000381,LT-9m-PCC,W-94,560078,KSPDB-SD07-D-0007-384
P-000385,12.985214,77.581054,F-07-02,D-0007,15,P-000382,LT-9m-PCC,W-97,560078,KSPDB-SD07-D-0007-385
P-000386,12.984929,77.5811,F-07-02,D-0007,16,P-000383,LT-8m-Steel,W-30,560078,KSPDB-SD07-D-0007-386
P-000387,12.985046,77.58103,F-07-02,D-0007,17,P-000386,LT-8m-Steel,W-25,560078,KSPDB-SD07-D-0007-387
P-000388,12.985229,77.580918,F-07-02,D-0007,16,P-000385,LT-8m-PCC,W-13,560078,KSPDB-SD07-D-0007-388
P-000389,12.985037,77.580894,F-07-02,D-0007,16,P-000385,LT-8m-PCC,W-86,560078,KSPDB-SD07-D-0007-389
P-000390,12.9854,77.580794,F-07-02,D-0007,17,P-000388,LT-9m-PCC,W-47,560078,KSPDB-SD07-D-0007-390
P-000391,12.984961,77.581126,F-07-02,D-0007,18,P-000387,LT-9m-PCC,W-47,560078,KSPDB-SD07-D-0007-391
P-000392,12.984983,77.58116,F-07-02,D-0007,18,P-000387,LT-8m-Steel,W-63,560078,KSPDB-SD07-D-0007-392
P-000393,12.985125,77.581163,F-07-02,D-0007,19,P-000391,LT-9m-PCC,W-97,560078,KSPDB-SD07-D-0007-393
P-000394,12.985528,77.580612,F-07-02,D-0007,18,P-000390,LT-9m-PCC,W-54,560078,KSPDB-SD07-D-0007-394
P-000395,12.985109,77.581062,F-07-02,D-0007,19,P-000392,LT-9m-PCC,W-79,560078,KSPDB-SD07-D-0007-395
P-000396,12.984837,77.581316,F-07-02,D-0007,19,P-000392,LT-9m-PCC,W-86,560078,
P-000397,12.984644,77.581188,F-07-02,D-0007,20,P-000396,LT-8m-Steel,W-54,560078,KSPDB-SD07-D-0007-397
P-000398,12.984691,77.581227,F-07-02,D-0007,21,P-000397,LT-9m-PCC,W-43,560078,KSPDB-SD07-D-0007-398
P-000399,12.985533,77.580584,F-07-02,D-0007,19,P-000394,LT-9m-PCC,W-51,560078,KSPDB-SD07-D-0007-399
P-000400,12.984874,77.581444,F-07-02,D-0007,20,P-000396,LT-8m-PCC,W-54,560078,KSPDB-SD07-D-0007-400
P-000401,12.984987,77.58137,F-07-02,D-0007,21,P-000400,LT-8m-Steel,W-59,560078,
P-000402,12.984725,77.581194,F-07-02,D-0007,21,P-000397,LT-9m-PCC,W-73,560078,KSPDB-SD07-D-0007-402
P-000403,12.984945,77.581554,F-07-02,D-0007,21,P-000400,LT-8m-Steel,W-29,560078,KSPDB-SD07-D-0007-403
P-000404,12.984761,77.58143,F-07-02,D-0007,21,P-000400,LT-8m-PCC,W-35,560078,KSPDB-SD07-D-0007-404
P-000405,12.984951,77.581503,F-07-02,D-0007,22,P-000401,LT-8m-PCC,W-91,560078,KSPDB-SD07-D-0007-405
P-000406,12.984691,77.581269,F-07-02,D-0007,22,P-000404,LT-9m-PCC,W-29,560078,KSPDB-SD07-D-0007-406
P-000407,12.984778,77.581585,F-07-02,D-0007,22,P-000404,LT-8m-PCC,W-15,560078,KSPDB-SD07-D-0007-407
P-000408,12.985136,77.581578,F-07-02,D-0007,22,P-000403,LT-8m-PCC,W-15,560078,KSPDB-SD07-D-0007-408
P-000409,12.984834,77.581209,F-07-02,D-0007,23,P-000406,LT-8m-Steel,W-32,560078,KSPDB-SD07-D-0007-409
P-000410,12.985046,77.5814,F-07-02,D-0007,23,P-000408,LT-9m-PCC,W-87,560078,KSPDB-SD07-D-0007-410
P-000411,12.984736,77.581125,F-07-02,D-0007,24,P-000409,LT-8m-Steel,W-83,560078,KSPDB-SD07-D-0007-411
P-000412,12.985325,77.581532,F-07-02,D-0007,23,P-000408,LT-8m-PCC,W-72,560078,KSPDB-SD07-D-0007-412
P-000413,12.984894,77.581193,F-07-02,D-0007,25,P-000411,LT-8m-PCC,W-39,560078,KSPDB-SD07-D-0007-413
P-000414,12.985026,77.581029,F-07-02,D-0007,24,P-000409,LT-8m-PCC,W-48,560078,KSPDB-SD07-D-0007-414
P-000415,12.984914,77.581523,F-07-02,D-0007,24,P-000410,LT-8m-Steel,W-36,560078,KSPDB-SD07-D-0007-415
P-000416,12.985122,77.581015,F-07-02,D-0007,25,P-000414,LT-8m-PCC,W-36,560078,KSPDB-SD07-D-0007-416
P-000417,12.984839,77.581107,F-07-02,D-0007,25,P-000414,LT-9m-PCC,W-59,560078,KSPDB-SD07-D-0007-417
P-000418,12.98474,77.581307,F-07-02,D-0007,26,P-000413,LT-8m-PCC,W-40,560078,KSPDB-SD07-D-0007-418
P-000419,12.984837,77.581501,F-07-02,D-0007,25,P-000415,LT-8m-PCC,W-25,560078,KSPDB-SD07-D-0007-419
P-000420,12.98482,77.581357,F-07-02,D-0007,27,P-000418,LT-9m-PCC,W-25,560078,KSPDB-SD07-D-0007-420
P-000421,12.984808,77.580988,F-07-02,D-0007,26,P-000417,LT-8m-Steel,W-96,560078,KSPDB-SD07-D-0007-421
P-000422,12.98474,77.581212,F-07-02,D-0007,28,P-000420,LT-8m-PCC,W-21,560078,KSPDB-SD07-D-0007-422
P-000423,12.984763,77.581533,F-07-02,D-0007,26,P-000419,LT-9m-PCC,W-23,560078,KSPDB-SD07-D-0007-423
P-000424,12.948345,77.595921,F-07-03,D-0008,1,,LT-8m-Steel,W-93,560078,KSPDB-SD07-D-0008-424
P-000425,12.948463,77.59603,F-07-03,D-0008,2,P-000424,LT-9m-PCC,W-45,560078,KSPDB-SD07-D-0008-425
P-000426,12.948417,77.595967,F-07-03,D-0008,2,P-000424,LT-9m-PCC,W-35,560078,KSPDB-SD07-D-0008-426
P-000427,12.948463,77.595944,F-07-03,D-0008,3,P-000426,LT-8m-PCC,W-43,560078,KSPDB-SD07-D-0008-427
P-000428,12.948173,77.595937,F-07-03,D-0008,2,P-000424,LT-8m-Steel,W-42,560078,KSPDB-SD07-D-0008-428
P-000429,12.948101,77.596111,F-07-03,D-0008,3,P-000428,LT-8m-Steel,W-37,560078,
P-000430,12.948416,77.595919,F-07-03,D-0008,4,P-000427,LT-9m-PCC,W-50,560078,KSPDB-SD07-D-0008-430
P-000431,12.948295,77.596,F-07-03,D-0008,3,P-000426,LT-8m-PCC,W-91,560078,KSPDB-SD07-D-0008-431
P-000432,12.94811,77.596066,F-07-03,D-0008,4,P-000429,LT-9m-PCC,W-92,560078,
P-000433,12.948449,77.595965,F-07-03,D-0008,5,P-000430,LT-9m-PCC,W-88,560078,KSPDB-SD07-D-0008-433
P-000434,12.948156,77.596116,F-07-03,D-0008,4,P-000431,LT-8m-Steel,W-83,560078,KSPDB-SD07-D-0008-434
P-000435,12.948443,77.595904,F-07-03,D-0008,4,P-000431,LT-8m-PCC,W-64,560078,KSPDB-SD07-D-0008-435
P-000436,12.948613,77.595829,F-07-03,D-0008,5,P-000435,LT-8m-PCC,W-97,560078,KSPDB-SD07-D-0008-436
P-000437,12.947938,77.595981,F-07-03,D-0008,5,P-000432,LT-8m-PCC,W-58,560078,KSPDB-SD07-D-0008-437
P-000438,12.948059,77.595794,F-07-03,D-0008,6,P-000437,LT-8m-Steel,W-64,560078,KSPDB-SD07-D-0008-438
P-000439,12.948004,77.595901,F-07-03,D-0008,7,P-000438,LT-9m-PCC,W-39,560078,KSPDB-SD07-D-0008-439
P-000440,12.948588,77.595846,F-07-03,D-0008,5,P-000435,LT-8m-Steel,W-85,560078,KSPDB-SD07-D-0008-440
P-000441,12.948747,77.595874,F-07-03,D-0008,6,P-000436,LT-9m-PCC,W-58,560078,KSPDB-SD07-D-0008-441
P-000442,12.947918,77.595802,F-07-03,D-0008,7,P-000438,LT-9m-PCC,W-64,560078,KSPDB-SD07-D-0008-442
P-000443,12.948452,77.595681,F-07-03,D-0008,6,P-000440,LT-8m-PCC,W-67,560078,KSPDB-SD07-D-0008-443
P-000444,12.947983,77.595694,F-07-03,D-0008,8,P-000442,LT-9m-PCC,W-89,560078,KSPDB-SD07-D-0008-444
P-000445,12.947856,77.595728,F-07-03,D-0008,8,P-000442,LT-8m-PCC,W-44,560078,KSPDB-SD07-D-0008-445
P-000446,12.948759,77.595952,F-07-03,D-0008,7,P-000441,LT-8m-Steel,W-83,560078,KSPDB-SD07-D-0008-446
P-000447,12.947744,77.595878,F-07-03,D-0008,9,P-000445,LT-8m-Steel,W-99,560078,KSPDB-SD07-D-0008-447
P-000448,12.948284,77.595551,F-07-03,D-0008,7,P-000443,LT-8m-Steel,W-16,560078,KSPDB-SD07-D-0008-448
P-000449,12.948378,77.595363,F-07-03,D-0008,8,P-000448,LT-9m-PCC,W-20,560078,KSPDB-SD07-D-0008-449
P-000450,12.948411,77.595439,F-07-03,D-0008,8,P-000448,LT-8m-Steel,W-42,560078,
P-000451,12.948295,77.595499,F-07-03,D-0008,9,P-000449,LT-9m-PCC,W-44,560078,KSPDB-SD07-D-0008-451
P-000452,12.94826,77.595208,F-07-03,D-0008,9,P-000449,LT-8m-Steel,W-57,560078,KSPDB-SD07-D-0008-452
P-000453,12.948343,77.59518,F-07-03,D-0008,9,P-000449,LT-8m-Steel,W-15,560078,KSPDB-SD07-D-0008-453
P-000454,12.948312,77.595557,F-07-03,D-0008,9,P-000449,LT-8m-Steel,W-37,560078,KSPDB-SD07-D-0008-454
P-000455,12.948218,77.595422,F-07-03,D-0008,10,P-000454,LT-8m-Steel,W-18,560078,
P-000456,12.948136,77.595364,F-07-03,D-0008,10,P-000454,LT-8m-Steel,W-45,560078,KSPDB-SD07-D-0008-456
P-000457,12.948386,77.595656,F-07-03,D-0008,10,P-000454,LT-8m-Steel,W-98,560078,KSPDB-SD07-D-0008-457
P-000458,12.948079,77.595302,F-07-03,D-0008,11,P-000455,LT-8m-Steel,W-68,560078,KSPDB-SD07-D-0008-458
P-000459,12.948241,77.595658,F-07-03,D-0008,10,P-000454,LT-8m-PCC,W-25,560078,KSPDB-SD07-D-0008-459
P-000460,12.948072,77.595804,F-07-03,D-0008,11,P-000459,LT-9m-PCC,W-93,560078,KSPDB-SD07-D-0008-460
P-000461,12.948125,77.595385,F-07-03,D-0008,12,P-000458,LT-8m-PCC,W-59,560078,KSPDB-SD07-D-0008-461
P-000462,12.948263,77.595341,F-07-03,D-0008,12,P-000458,LT-9m-PCC,W-76,560078,KSPDB-SD07-D-0008-462
P-000463,12.948458,77.595512,F-07-03,D-0008,13,P-000462,LT-9m-PCC,W-20,560078,KSPDB-SD07-D-0008-463
P-000464,12.948123,77.595249,F-07-03,D-0008,13,P-000462,LT-9m-PCC,W-94,560078,KSPDB-SD07-D-0008-464
P-000465,12.948374,77.595491,F-07-03,D-0008,14,P-000463,LT-8m-PCC,W-32,560078,KSPDB-SD07-D-0008-465
P-000466,12.948297,77.595318,F-07-03,D-0008,14,P-000464,LT-9m-PCC,W-77,560078,KSPDB-SD07-D-0008-466
P-000467,12.948327,77.595537,F-07-03,D-0008,13,P-000462,LT-9m-PCC,W-97,560078,KSPDB-SD07-D-0008-467
P-000468,12.948179,77.595687,F-07-03,D-0008,15,P-000465,LT-8m-PCC,W-63,560078,KSPDB-SD07-D-0008-468
P-000469,12.948327,77.595231,F-07-03,D-0008,15,P-000466,LT-9m-PCC,W-10,560078,KSPDB-SD07-D-0008-469
P-000470,12.948224,77.595583,F-07-03,D-0008,14,P-000467,LT-9m-PCC,W-64,560078,KSPDB-SD07-D-0008-470
P-000471,12.948208,77.595155,F-07-03,D-0008,16,P-000469,LT-9m-PCC,W-47,560078,KSPDB-SD07-D-0008-471
P-000472,12.948236,77.595081,F-07-03,D-0008,17,P-000471,LT-8m-Steel,W-84,560078,KSPDB-SD07-D-0008-472
P-000473,12.948191,77.59508,F-07-03,D-0008,18,P-000472,LT-9m-PCC,W-91,560078,KSPDB-SD07-D-0008-473
P-000474,12.948251,77.595342,F-07-03,D-0008,17,P-000471,LT-8m-PCC,W-28,560078,
P-000475,12.94826,77.595163,F-07-03,D-0008,17,P-000471,LT-8m-Steel,W-81,560078,KSPDB-SD07-D-0008-475
P-000476,12.948317,77.59492,F-07-03,D-0008,18,P-000472,LT-9m-PCC,W-38,560078,KSPDB-SD07-D-0008-476
P-000477,12.948229,77.594922,F-07-03,D-0008,18,P-000472,LT-8m-Steel,W-67,,KSPDB-SD07-D-0008-477
P-000478,12.948258,77.595186,F-07-03,D-0008,19,P-000473,LT-8m-PCC,W-31,560078,KSPDB-SD07-D-0008-478
P-000479,12.948419,77.595029,F-07-03,D-0008,20,P-000478,LT-8m-PCC,W-80,560078,KSPDB-SD07-D-0008-479
P-000480,12.948071,77.595196,F-07-03,D-0008,18,P-000475,LT-9m-PCC,W-21,560078,KSPDB-SD07-D-0008-480
P-000481,12.948206,77.594975,F-07-03,D-0008,19,P-000477,LT-9m-PCC,W-43,560078,KSPDB-SD07-D-0008-481
P-000482,12.948136,77.595124,F-07-03,D-0008,20,P-000478,LT-9m-PCC,W-78,560078,
P-000483,12.948582,77.595046,F-07-03,D-0008,21,P-000479,LT-9m-PCC,W-80,560078,KSPDB-SD07-D-0008-483
P-000484,12.947981,77.595067,F-07-03,D-0008,21,P-000482,LT-8m-PCC,W-83,560078,KSPDB-SD07-D-0008-484
P-000485,12.948039,77.595312,F-07-03,D-0008,21,P-000482,LT-8m-PCC,W-78,560078,KSPDB-SD07-D-0008-485
P-000486,12.948331,77.595312,F-07-03,D-0008,21,P-000482,LT-8m-PCC,W-86,560078,KSPDB-SD07-D-0008-486
P-000487,12.948031,77.594905,F-07-03,D-0008,22,P-000484,LT-8m-PCC,W-56,560078,KSPDB-SD07-D-0008-487
P-000488,12.947827,77.595046,F-07-03,D-0008,22,P-000484,LT-8m-Steel,W-28,560078,
P-000489,12.948009,77.594822,F-07-03,D-0008,23,P-000487,LT-8m-Steel,W-27,,KSPDB-SD07-D-0008-489
P-000490,12.947904,77.594724,F-07-03,D-0008,23,P-000487,LT-8m-Steel,W-37,560078,KSPDB-SD07-D-0008-490
P-000491,12.948021,77.594749,F-07-03,D-0008,24,P-000490,LT-8m-PCC,W-44,560078,KSPDB-SD07-D-0008-491
P-000492,12.948198,77.59493,F-07-03,D-0008,23,P-000487,LT-9m-PCC,W-38,,KSPDB-SD07-D-0008-492
P-000493,12.947712,77.595028,F-07-03,D-0008,23,P-000488,LT-8m-PCC,W-11,560078,KSPDB-SD07-D-0008-493
P-000494,12.947907,77.595163,F-07-03,D-0008,24,P-000493,LT-8m-Steel,W-16,560078,KSPDB-SD07-D-0008-494
P-000495,12.948098,77.594847,F-07-03,D-0008,24,P-000490,LT-8m-Steel,W-87,560078,KSPDB-SD07-D-0008-495
P-000496,12.948287,77.594769,F-07-03,D-0008,25,P-000495,LT-8m-Steel,W-27,560078,KSPDB-SD07-D-0008-496
P-000497,12.947726,77.595107,F-07-03,D-0008,24,P-000493,LT-8m-PCC,W-11,560078,KSPDB-SD07-D-0008-497
P-000498,12.947757,77.594961,F-07-03,D-0008,25,P-000497,LT-9m-PCC,W-79,560078,KSPDB-SD07-D-0008-498
P-000499,12.947788,77.595183,F-07-03,D-0008,25,P-000497,LT-9m-PCC,W-14,560078,KSPDB-SD07-D-0008-499
P-000500,12.947839,77.595096,F-07-03,D-0008,26,P-000499,LT-9m-PCC,W-84,560078,KSPDB-SD07-D-0008-500
P-000501,12.947863,77.595053,F-07-03,D-0008,26,P-000498,LT-8m-Steel,W-56,560078,KSPDB-SD07-D-0008-501
P-000502,12.947921,77.595229,F-07-03,D-0008,27,P-000501,LT-8m-PCC,W-31,560078,KSPDB-SD07-D-0008-502
P-000503,12.947742,77.59508,F-07-03,D-0008,27,P-000500,LT-8m-PCC,W-23,,KSPDB-SD07-D-0008-503
P-000504,12.948047,77.59503,F-07-03,D-0008,27,P-000501,LT-8m-PCC,W-20,560078,KSPDB-SD07-D-0008-504
P-000505,12.947824,77.594919,F-07-03,D-0008,28,P-000503,LT-8m-Steel,W-58,560078,KSPDB-SD07-D-0008-505
P-000506,12.948009,77.595033,F-07-03,D-0008,27,P-000501,LT-8m-Steel,W-37,560078,
P-000507,12.947799,77.595329,F-07-03,D-0008,28,P-000502,LT-9m-PCC,W-38,560078,KSPDB-SD07-D-0008-507
P-000508,12.947854,77.595137,F-07-03,D-0008,29,P-000507,LT-8m-Steel,W-14,560078,KSPDB-SD07-D-0008-508
P-000509,12.948196,77.595076,F-07-03,D-0008,28,P-000506,LT-8m-Steel,W-62,,KSPDB-SD07-D-0008-509
P-000510,12.947981,77.595507,F-07-03,D-0008,29,P-000507,LT-8m-Steel,W-23,560078,KSPDB-SD07-D-0008-510
P-000511,12.947898,77.595088,F-07-03,D-0008,30,P-000508,LT-9m-PCC,W-13,560078,KSPDB-SD07-D-0008-511
P-000512,12.947727,77.595273,F-07-03,D-0008,30,P-000508,LT-8m-PCC,W-15,,KSPDB-SD07-D-0008-512
P-000513,12.947788,77.595136,F-07-03,D-0008,31,P-000511,LT-8m-Steel,W-38,560078,KSPDB-SD07-D-0008-513
P-000514,12.947873,77.59527,F-07-03,D-0008,31,P-000511,LT-8m-PCC,W-65,560078,KSPDB-SD07-D-0008-514
P-000515,12.947982,77.595118,F-07-03,D-0008,32,P-000514,LT-8m-PCC,W-22,560078,KSPDB-SD07-D-0008-515
P-000516,12.948071,77.595012,F-07-03,D-0008,33,P-000515,LT-8m-Steel,W-62,560078,KSPDB-SD07-D-0008-516
P-000517,12.947926,77.595069,F-07-03,D-0008,33,P-000515,LT-8m-PCC,W-70,560078,KSPDB-SD07-D-0008-517
P-000518,12.9476,77.595011,F-07-03,D-0008,32,P-000513,LT-8m-Steel,W-88,560078,KSPDB-SD07-D-0008-518
P-000519,12.947968,77.595258,F-07-03,D-0008,33,P-000515,LT-8m-PCC,W-63,560078,KSPDB-SD07-D-0008-519
P-000520,12.94765,77.595024,F-07-03,D-0008,33,P-000518,LT-9m-PCC,W-68,560078,KSPDB-SD07-D-0008-520
P-000521,12.948057,77.595043,F-07-03,D-0008,34,P-000517,LT-8m-PCC,W-69,560078,KSPDB-SD07-D-0008-521
P-000522,12.94741,77.595097,F-07-03,D-0008,33,P-000518,LT-8m-Steel,W-46,560078,KSPDB-SD07-D-0008-522
P-000523,12.984191,77.589768,F-07-03,D-0009,1,,LT-9m-PCC,W-71,560078,KSPDB-SD07-D-0009-523
P-000524,12.984365,77.589677,F-07-03,D-0009,2,P-000523,LT-9m-PCC,W-45,560078,KSPDB-SD07-D-0009-524
P-000525,12.984377,77.589886,F-07-03,D-0009,2,P-000523,LT-8m-PCC,W-46,560078,KSPDB-SD07-D-0009-525
P-000526,12.984321,77.589945,F-07-03,D-0009,2,P-000523,LT-9m-PCC,W-77,560078,KSPDB-SD07-D-0009-526
P-000527,12.984511,77.589868,F-07-03,D-0009,3,P-000524,LT-9m-PCC,W-73,560078,KSPDB-SD07-D-0009-527
P-000528,12.984537,77.590077,F-07-03,D-0009,3,P-000525,LT-8m-Steel,W-73,560078,KSPDB-SD07-D-0009-528
P-000529,12.984296,77.58975,F-07-03,D-0009,3,P-000526,LT-9m-PCC,W-55,560078,KSPDB-SD07-D-0009-529
P-000530,12.984402,77.590019,F-07-03,D-0009,3,P-000526,LT-8m-PCC,W-60,560078,KSPDB-SD07-D-0009-530
P-000531,12.984665,77.589881,F-07-03,D-0009,4,P-000527,LT-8m-PCC,W-32,560078,KSPDB-SD07-D-0009-531
P-000532,12.984719,77.589999,F-07-03,D-0009,5,P-000531,LT-8m-PCC,W-85,560078,KSPDB-SD07-D-0009-532
P-000533,12.984746,77.590058,F-07-03,D-0009,5,P-000531,LT-8m-Steel,W-80,560078,KSPDB-SD07-D-0009-533
P-000534,12.984315,77.589561,F-07-03,D-0009,4,P-000529,LT-9m-PCC,W-12,560078,KSPDB-SD07-D-0009-534
P-000535,12.984697,77.589901,F-07-03,D-0009,6,P-000533,LT-9m-PCC,W-63,560078,KSPDB-SD07-D-0009-535
P-000536,12.984829,77.589847,F-07-03,D-0009,6,P-000532,LT-8m-PCC,W-84,560078,KSPDB-SD07-D-0009-536
P-000537,12.984152,77.589729,F-07-03,D-0009,5,P-000534,LT-8m-PCC,W-65,560078,KSPDB-SD07-D-0009-537
P-000538,12.984526,77.589912,F-07-03,D-0009,7,P-000535,LT-9m-PCC,W-58,560078,KSPDB-SD07-D-0009-538
P-000539,12.984571,77.589755,F-07-03,D-0009,8,P-000538,LT-8m-Steel,W-49,560078,KSPDB-SD07-D-0009-539
P-000540,12.984818,77.589864,F-07-03,D-0009,7,P-000536,LT-9m-PCC,W-51,560078,KSPDB-SD07-D-0009-540
P-000541,12.98415,77.589805,F-07-03,D-0009,6,P-000537,LT-8m-PCC,W-18,560078,KSPDB-SD07-D-0009-541
P-000542,12.984828,77.589665,F-07-03,D-0009,8,P-000540,LT-9m-PCC,W-52,560078,
P-000543,12.983995,77.589646,F-07-03,D-0009,7,P-000541,LT-9m-PCC,W-30,560078,KSPDB-SD07-D-0009-543
P-000544,12.984787,77.589655,F-07-03,D-0009,9,P-000542,LT-8m-Steel,W-86,560078,KSPDB-SD07-D-0009-544
P-000545,12.984868,77.589663,F-07-03,D-0009,10,P-000544,LT-9m-PCC,W-68,560078,KSPDB-SD07-D-0009-545
P-000546,12.98382,77.58947,F-07-03,D-0009,8,P-000543,LT-9m-PCC,W-16,560078,KSPDB-SD07-D-0009-546
P-000547,12.984909,77.589646,F-07-03,D-0009,9,P-000542,LT-8m-PCC,W-29,560078,KSPDB-SD07-D-0009-547
P-000548,12.984101,77.589453,F-07-03,D-0009,8,P-000543,LT-8m-Steel,W-45,560078,KSPDB-SD07-D-0009-548
P-000549,12.983637,77.589297,F-07-03,D-0009,9,P-000546,LT-8m-PCC,W-39,560078,KSPDB-SD07-D-0009-549
P-000550,12.983521,77.589175,F-07-03,D-0009,10,P-000549,LT-8m-Steel,W-22,560078,KSPDB-SD07-D-0009-550
P-000551,12.983616,77.589269,F-07-03,D-0009,10,P-000549,LT-8m-Steel,W-29,560078,KSPDB-SD07-D-0009-551
P-000552,12.984719,77.589794,F-07-03,D-0009,10,P-000547,LT-9m-PCC,W-13,560078,KSPDB-SD07-D-0009-552
P-000553,12.983698,77.589244,F-07-03,D-0009,10,P-000549,LT-9m-PCC,W-18,560078,KSPDB-SD07-D-0009-553
P-000554,12.983885,77.58944,F-07-03,D-0009,11,P-000553,LT-8m-PCC,W-89,560078,KSPDB-SD07-D-0009-554
P-000555,12.983836,77.589068,F-07-03,D-0009,11,P-000553,LT-8m-Steel,W-40,560078,KSPDB-SD07-D-0009-555
P-000556,12.983864,77.589105,F-07-03,D-0009,12,P-000555,LT-9m-PCC,W-95,560078,KSPDB-SD07-D-0009-556
P-000557,12.983755,77.589095,F-07-03,D-0009,11,P-000553,LT-9m-PCC,W-76,560078,KSPDB-SD07-D-0009-557
P-000558,12.983706,77.589517,F-07-03,D-0009,12,P-000554,LT-8m-PCC,W-25,560078,KSPDB-SD07-D-0009-558
P-000559,12.983753,77.589336,F-07-03,D-0009,13,P-000558,LT-9m-PCC,W-46,560078,KSPDB-SD07-D-0009-559
P-000560,12.98372,77.589265,F-07-03,D-0009,12,P-000557,LT-9m-PCC,W-58,560078,KSPDB-SD07-D-0009-560
P-000561,12.983712,77.58942,F-07-03,D-0009,14,P-000559,LT-9m-PCC,W-27,560078,KSPDB-SD07-D-0009-561
P-000562,12.983818,77.589148,F-07-03,D-0009,14,P-000559,LT-9m-PCC,W-38,560078,
P-000563,12.983693,77.589192,F-07-03,D-0009,13,P-000560,LT-9m-PCC,W-37,560078,KSPDB-SD07-D-0009-563
P-000564,12.983522,77.589306,F-07-03,D-0009,13,P-000560,LT-8m-Steel,W-32,560078,KSPDB-SD07-D-0009-564
P-000565,12.983579,77.588993,F-07-03,D-0009,14,P-000563,LT-9m-PCC,W-65,560078,KSPDB-SD07-D-0009-565
P-000566,12.983582,77.589282,F-07-03,D-0009,14,P-000564,LT-8m-PCC,W-42,560078,KSPDB-SD07-D-0009-566
P-000567,12.983534,77.589048,F-07-03,D-0009,14,P-000563,LT-8m-PCC,W-87,560078,KSPDB-SD07-D-0009-567
P-000568,12.98357,77.589211,F-07-03,D-0009,14,P-000563,LT-9m-PCC,W-29,560078,KSPDB-SD07-D-0009-568
P-000569,12.983471,77.589416,F-07-03,D-0009,14,P-000564,LT-8m-Steel,W-39,560078,KSPDB-SD07-D-0009-569
P-000570,12.983632,77.589019,F-07-03,D-0009,15,P-000567,LT-8m-Steel,W-30,560078,KSPDB-SD07-D-0009-570
P-000571,12.983496,77.589272,F-07-03,D-0009,15,P-000569,LT-8m-Steel,W-72,560078,KSPDB-SD07-D-0009-571
P-000572,12.973672,77.575762,F-07-05,D-0010,1,,LT-8m-PCC,W-28,560078,KSPDB-SD07-D-0010-572
P-000573,12.973638,77.575828,F-07-05,D-0010,2,P-000572,LT-9m-PCC,W-52,560078,KSPDB-SD07-D-0010-573
P-000574,12.973494,77.575693,F-07-05,D-0010,2,P-000572,LT-8m-PCC,W-51,560078,KSPDB-SD07-D-0010-574
P-000575,12.973811,77.575691,F-07-05,D-0010,3,P-000573,LT-9m-PCC,W-59,560078,KSPDB-SD07-D-0010-575
P-000576,12.973857,77.575513,F-07-05,D-0010,4,P-000575,LT-8m-Steel,W-43,560078,
P-000577,12.974036,77.575695,F-07-05,D-0010,5,P-000576,LT-9m-PCC,W-99,560078,KSPDB-SD07-D-0010-577
P-000578,12.973623,77.575726,F-07-05,D-0010,3,P-000573,LT-8m-Steel,W-94,560078,KSPDB-SD07-D-0010-578
P-000579,12.973816,77.575704,F-07-05,D-0010,4,P-000575,LT-9m-PCC,W-99,560078,KSPDB-SD07-D-0010-579
P-000580,12.973774,77.575882,F-07-05,D-0010,4,P-000578,LT-8m-Steel,W-86,560078,KSPDB-SD07-D-0010-580
P-000581,12.973789,77.575549,F-07-05,D-0010,4,P-000578,LT-8m-PCC,W-35,560078,KSPDB-SD07-D-0010-581
P-000582,12.9739,77.575547,F-07-05,D-0010,6,P-000577,LT-8m-Steel,W-31,560078,KSPDB-SD07-D-0010-582
P-000583,12.973854,77.575528,F-07-05,D-0010,5,P-000579,LT-8m-PCC,W-60,560078,KSPDB-SD07-D-0010-583
P-000584,12.97403,77.575528,F-07-05,D-0010,7,P-000582,LT-9m-PCC,W-14,560078,KSPDB-SD07-D-0010-584
P-000585,12.973787,77.575394,F-07-05,D-0010,7,P-000582,LT-8m-Steel,W-66,560078,KSPDB-SD07-D-0010-585
P-000586,12.973811,77.575715,F-07-05,D-0010,7,P-000582,LT-8m-PCC,W-68,560078,
P-000587,12.973954,77.575746,F-07-05,D-0010,7,P-000582,LT-8m-PCC,W-36,560078,
P-000588,12.973684,77.575541,F-07-05,D-0010,8,P-000586,LT-9m-PCC,W-54,560078,KSPDB-SD07-D-0010-588
P-000589,12.97379,77.575684,F-07-05,D-0010,9,P-000588,LT-8m-Steel,W-73,560078,KSPDB-SD07-D-0010-589
P-000590,12.973628,77.575416,F-07-05,D-0010,9,P-000588,LT-9m-PCC,W-44,560078,KSPDB-SD07-D-0010-590
P-000591,12.973921,77.575617,F-07-05,D-0010,10,P-000589,LT-9m-PCC,W-44,560078,KSPDB-SD07-D-0010-591
P-000592,12.974101,77.575419,F-07-05,D-0010,11,P-000591,LT-8m-Steel,W-97,560078,
P-000593,12.973926,77.575493,F-07-05,D-0010,10,P-000589,LT-8m-PCC,W-15,560078,KSPDB-SD07-D-0010-593
P-000594,12.973937,77.575363,F-07-05,D-0010,11,P-000593,LT-8m-Steel,W-93,560078,KSPDB-SD07-D-0010-594
P-000595,12.974032,77.575463,F-07-05,D-0010,12,P-000592,LT-8m-Steel,W-31,560078,KSPDB-SD07-D-0010-595
P-000596,12.974071,77.57557,F-07-05,D-0010,11,P-000593,LT-8m-Steel,W-72,560078,KSPDB-SD07-D-0010-596
P-000597,12.973895,77.575418,F-07-05,D-0010,12,P-000594,LT-8m-PCC,W-60,560078,KSPDB-SD07-D-0010-597
P-000598,12.974067,77.575482,F-07-05,D-0010,13,P-000595,LT-8m-Steel,W-90,560078,KSPDB-SD07-D-0010-598
P-000599,12.973894,77.575681,F-07-05,D-0010,12,P-000596,LT-9m-PCC,W-33,560078,KSPDB-SD07-D-0010-599
P-000600,12.974048,77.575635,F-07-05,D-0010,13,P-000595,LT-8m-Steel,W-42,560078,
P-000601,12.973991,77.575368,F-07-05,D-0010,14,P-000598,LT-9m-PCC,W-43,560078,KSPDB-SD07-D-0010-601
P-000602,12.973772,77.575525,F-07-05,D-0010,13,P-000599,LT-8m-PCC,W-14,560078,KSPDB-SD07-D-0010-602
P-000603,12.974067,77.575817,F-07-05,D-0010,13,P-000599,LT-8m-PCC,W-39,560078,KSPDB-SD07-D-0010-603
P-000604,12.974117,77.575954,F-07-05,D-0010,14,P-000603,LT-9m-PCC,W-88,560078,
P-000605,12.973976,77.57552,F-07-05,D-0010,15,P-000601,LT-8m-Steel,W-34,560078,KSPDB-SD07-D-0010-605
P-000606,12.97381,77.575524,F-07-05,D-0010,15,P-000601,LT-8m-PCC,W-33,560078,KSPDB-SD07-D-0010-606
P-000607,12.973781,77.575444,F-07-05,D-0010,16,P-000606,LT-9m-PCC,W-20,560078,KSPDB-SD07-D-0010-607
P-000608,12.974117,77.575888,F-07-05,D-0010,14,P-000603,LT-9m-PCC,W-76,560078,KSPDB-SD07-D-0010-608
P-000609,12.974069,77.575532,F-07-05,D-0010,16,P-000605,LT-8m-Steel,W-19,560078,KSPDB-SD07-D-0010-609
P-000610,12.973915,77.575601,F-07-05,D-0010,16,P-000605,LT-9m-PCC,W-26,560078,KSPDB-SD07-D-0010-610
P-000611,12.973868,77.57533,F-07-05,D-0010,17,P-000607,LT-8m-PCC,W-33,560078,KSPDB-SD07-D-0010-611
P-000612,12.973723,77.575495,F-07-05,D-0010,17,P-000610,LT-8m-Steel,W-81,560078,KSPDB-SD07-D-0010-612
P-000613,12.974026,77.575821,F-07-05,D-0010,15,P-000608,LT-9m-PCC,W-87,560078,KSPDB-SD07-D-0010-613
P-000614,12.974044,77.575695,F-07-05,D-0010,17,P-000610,LT-8m-Steel,W-92,560078,KSPDB-SD07-D-0010-614
P-000615,12.974053,77.575203,F-07-05,D-0010,18,P-000611,LT-9m-PCC,W-56,560078,KSPDB-SD07-D-0010-615
P-000616,12.974018,77.57564,F-07-05,D-0010,16,P-000613,LT-9m-PCC,W-74,560078,KSPDB-SD07-D-0010-616
P-000617,12.974022,77.575259,F-07-05,D-0010,19,P-000615,LT-8m-PCC,W-28,,KSPDB-SD07-D-0010-617
P-000618,12.974006,77.575885,F-07-05,D-0010,18,P-000614,LT-8m-Steel,W-82,560078,KSPDB-SD07-D-0010-618
P-000619,12.974057,77.575781,F-07-05,D-0010,18,P-000614,LT-8m-PCC,W-94,560078,KSPDB-SD07-D-0010-619
P-000620,12.949963,77.595657,F-07-02,D-0011,1,,LT-8m-PCC,W-37,560078,KSPDB-SD07-D-0011-620
P-000621,12.949871,77.595463,F-07-02,D-0011,2,P-000620,LT-8m-PCC,W-21,560078,
P-000622,12.949763,77.595326,F-07-02,D-0011,3,P-000621,LT-8m-Steel,W-16,560078,KSPDB-SD07-D-0011-622
P-000623,12.949867,77.59521,F-07-02,D-0011,4,P-000622,LT-9m-PCC,W-90,560078,KSPDB-SD07-D-0011-623
P-000624,12.949969,77.595523,F-07-02,D-0011,2,P-000620,LT-8m-PCC,W-69,560078,KSPDB-SD07-D-0011-624
P-000625,12.949717,77.59562,F-07-02,D-0011,3,P-000621,LT-9m-PCC,W-41,560078,
P-000626,12.949712,77.595515,F-07-02,D-0011,3,P-000621,LT-8m-Steel,W-12,560078,KSPDB-SD07-D-0011-626
P-000627,12.949518,77.595686,F-07-02,D-0011,4,P-000626,LT-9m-PCC,W-68,560078,KSPDB-SD07-D-0011-627
P-000628,12.949389,77.595739,F-07-02,D-0011,5,P-000627,LT-8m-Steel,W-39,560078,KSPDB-SD07-D-0011-628
P-000629,12.949195,77.595604,F-07-02,D-0011,6,P-000628,LT-8m-Steel,W-30,560078,KSPDB-SD07-D-0011-629
P-000630,12.949479,77.59561,F-07-02,D-0011,5,P-000627,LT-8m-Steel,W-75,560078,KSPDB-SD07-D-0011-630
P-000631,12.949872,77.595333,F-07-02,D-0011,4,P-000626,LT-8m-PCC,W-88,560078,KSPDB-SD07-D-0011-631
P-000632,12.949741,77.595283,F-07-02,D-0011,5,P-000631,LT-8m-Steel,W-86,560078,KSPDB-SD07-D-0011-632
P-000633,12.949223,77.595557,F-07-02,D-0011,6,P-000628,LT-8m-Steel,W-83,,KSPDB-SD07-D-0011-633
P-000634,12.949641,77.595763,F-07-02,D-0011,6,P-000630,LT-8m-Steel,W-26,560078,KSPDB-SD07-D-0011-634
P-000635,12.949127,77.595449,F-07-02,D-0011,7,P-000633,LT-8m-Steel,W-79,560078,KSPDB-SD07-D-0011-635
P-000636,12.949341,77.595544,F-07-02,D-0011,7,P-000633,LT-8m-PCC,W-88,560078,KSPDB-SD07-D-0011-636
P-000637,12.949579,77.595795,F-07-02,D-0011,7,P-000634,LT-8m-Steel,W-93,560078,KSPDB-SD07-D-0011-637
P-000638,12.94926,77.595607,F-07-02,D-0011,8,P-000635,LT-8m-PCC,W-36,560078,
P-000639,12.949767,77.595699,F-07-02,D-0011,8,P-000637,LT-9m-PCC,W-23,560078,
P-000640,12.949171,77.595717,F-07-02,D-0011,9,P-000638,LT-9m-PCC,W-56,560078,KSPDB-SD07-D-0011-640
P-000641,12.949196,77.595718,F-07-02,D-0011,8,P-000636,LT-9m-PCC,W-69,560078,KSPDB-SD07-D-0011-641
P-000642,12.949267,77.595527,F-07-02,D-0011,9,P-000638,LT-9m-PCC,W-81,560078,KSPDB-SD07-D-0011-642
P-000643,12.94924,77.595687,F-07-02,D-0011,9,P-000638,LT-8m-Steel,W-40,560078,KSPDB-SD07-D-0011-643
P-000644,12.949395,77.595642,F-07-02,D-0011,9,P-000641,LT-8m-PCC,W-15,560078,KSPDB-SD07-D-0011-644
P-000645,12.949099,77.595498,F-07-02,D-0011,10,P-000643,LT-9m-PCC,W-57,560078,KSPDB-SD07-D-0011-645
P-000646,12.949155,77.595613,F-07-02,D-0011,11,P-000645,LT-8m-Steel,W-45,560078,KSPDB-SD07-D-0011-646
P-000647,12.949415,77.595604,F-07-02,D-0011,10,P-000644,LT-9m-PCC,W-84,560078,
P-000648,12.949133,77.595697,F-07-02,D-0011,11,P-000645,LT-8m-Steel,W-16,560078,
P-000649,12.949224,77.595892,F-07-02,D-0011,12,P-000648,LT-9m-PCC,W-92,560078,KSPDB-SD07-D-0011-649
P-000650,12.949149,77.596078,F-07-02,D-0011,13,P-000649,LT-8m-Steel,W-18,560078,KSPDB-SD07-D-0011-650
P-000651,12.949311,77.595767,F-07-02,D-0011,12,P-000648,LT-8m-Steel,W-81,560078,KSPDB-SD07-D-0011-651
P-000652,12.949177,77.595894,F-07-02,D-0011,13,P-000649,LT-8m-Steel,W-39,560078,KSPDB-SD07-D-0011-652
P-000653,12.949193,77.59576,F-07-02,D-0011,13,P-000649,LT-8m-Steel,W-60,560078,KSPDB-SD07-D-0011-653
P-000654,12.949047,77.59601,F-07-02,D-0011,13,P-000649,LT-8m-PCC,W-73,560078,
P-000655,12.949259,77.596064,F-07-02,D-0011,14,P-000652,LT-8m-Steel,W-24,560078,KSPDB-SD07-D-0011-655
P-000656,12.949201,77.59626,F-07-02,D-0011,15,P-000655,LT-8m-Steel,W-44,560078,KSPDB-SD07-D-0011-656
P-000657,12.948951,77.596099,F-07-02,D-0011,14,P-000654,LT-9m-PCC,W-60,560078,KSPDB-SD07-D-0011-657
P-000658,12.948851,77.596202,F-07-02,D-0011,15,P-000657,LT-9m-PCC,W-69,,KSPDB-SD07-D-0011-658
P-000659,12.949305,77.596133,F-07-02,D-0011,16,P-000656,LT-8m-PCC,W-82,560078,KSPDB-SD07-D-0011-659
P-000660,12.949396,77.596399,F-07-02,D-0011,16,P-000656,LT-9m-PCC,W-22,560078,KSPDB-SD07-D-0011-660
P-000661,12.949581,77.596212,F-07-02,D-0011,17,P-000660,LT-9m-PCC,W-47,560078,KSPDB-SD07-D-0011-661
P-000662,12.949251,77.596252,F-07-02,D-0011,17,P-000659,LT-8m-PCC,W-31,560078,KSPDB-SD07-D-0011-662
P-000663,12.94941,77.59631,F-07-02,D-0011,18,P-000661,LT-8m-Steel,W-15,560078,
P-000664,12.949226,77.596417,F-07-02,D-0011,18,P-000662,LT-8m-Steel,W-12,560078,KSPDB-SD07-D-0011-664
P-000665,12.949764,77.596309,F-07-02,D-0011,18,P-000661,LT-8m-Steel,W-28,560078,KSPDB-SD07-D-0011-665
P-000666,12.949301,77.596273,F-07-02,D-0011,19,P-000664,LT-8m-PCC,W-17,560078,KSPDB-SD07-D-0011-666
P-000667,12.949797,77.596461,F-07-02,D-0011,19,P-000665,LT-8m-PCC,W-40,560078,
P-000668,12.949148,77.596373,F-07-02,D-0011,19,P-000664,LT-8m-Steel,W-98,560078,KSPDB-SD07-D-0011-668
P-000669,12.94958,77.596409,F-07-02,D-0011,19,P-000665,LT-8m-PCC,W-16,560078,KSPDB-SD07-D-0011-669
P-000670,12.949333,77.596232,F-07-02,D-0011,20,P-000668,LT-9m-PCC,W-40,,KSPDB-SD07-D-0011-670
P-000671,12.949682,77.596469,F-07-02,D-0011,20,P-000669,LT-9m-PCC,W-83,560078,
P-000672,12.949412,77.596246,F-07-02,D-0011,21,P-000670,LT-8m-Steel,W-35,560078,KSPDB-SD07-D-0011-672
P-000673,12.949588,77.596141,F-07-02,D-0011,22,P-000672,LT-8m-PCC,W-59,560078,KSPDB-SD07-D-0011-673
P-000674,12.949597,77.59608,F-07-02,D-0011,23,P-000673,LT-9m-PCC,W-11,560078,KSPDB-SD07-D-0011-674
P-000675,12.949431,77.596342,F-07-02,D-0011,22,P-000672,LT-8m-Steel,W-37,560078,KSPDB-SD07-D-0011-675
P-000676,12.949501,77.596258,F-07-02,D-0011,22,P-000672,LT-8m-PCC,W-84,560078,KSPDB-SD07-D-0011-676
P-000677,12.949533,77.596287,F-07-02,D-0011,23,P-000675,LT-8m-PCC,W-18,560078,KSPDB-SD07-D-0011-677
P-000678,12.949575,77.596471,F-07-02,D-0011,24,P-000677,LT-8m-PCC,W-61,560078,KSPDB-SD07-D-0011-678
P-000679,12.949344,77.596458,F-07-02,D-0011,24,P-000677,LT-8m-PCC,W-23,560078,KSPDB-SD07-D-0011-679
P-000680,12.949349,77.596357,F-07-02,D-0011,24,P-000677,LT-8m-Steel,W-80,560078,KSPDB-SD07-D-0011-680
P-000681,12.972589,77.597392,F-07-04,D-0012,,,LT-9m-PCC,W-51,560078,
P-000682,12.972674,77.597253,F-07-04,D-0012,,,LT-8m-Steel,W-64,560078,KSPDB-SD07-D-0012-682
P-000683,12.972831,77.597347,F-07-04,D-0012,,,LT-9m-PCC,W-52,560078,KSPDB-SD07-D-0012-683
P-000684,12.972549,77.597339,F-07-04,D-0012,,,LT-8m-PCC,W-24,560078,KSPDB-SD07-D-0012-684
P-000685,12.972924,77.597283,F-07-04,D-0012,,,LT-8m-Steel,W-22,560078,
P-000686,12.972724,77.597583,F-07-04,D-0012,,,LT-8m-PCC,W-37,560078,KSPDB-SD07-D-0012-686
P-000687,12.972616,77.597205,F-07-04,D-0012,,,LT-8m-Steel,W-25,560078,KSPDB-SD07-D-0012-687
P-000688,12.972397,77.597522,F-07-04,D-0012,,,LT-9m-PCC,W-13,560078,KSPDB-SD07-D-0012-688
P-000689,12.972807,77.59721,F-07-04,D-0012,,,LT-8m-PCC,W-89,560078,KSPDB-SD07-D-0012-689
P-000690,12.972722,77.59762,F-07-04,D-0012,,,LT-8m-Steel,W-47,560078,KSPDB-SD07-D-0012-690
P-000691,12.972588,77.597276,F-07-04,D-0012,,,LT-8m-Steel,W-31,560078,KSPDB-SD07-D-0012-691
P-000692,12.972745,77.597033,F-07-04,D-0012,,,LT-8m-Steel,W-27,560078,KSPDB-SD07-D-0012-692
P-000693,12.972643,77.597292,F-07-04,D-0012,,,LT-8m-PCC,W-58,560078,KSPDB-SD07-D-0012-693
P-000694,12.972718,77.597377,F-07-04,D-0012,,,LT-9m-PCC,W-67,560078,KSPDB-SD07-D-0012-694
P-000695,12.972678,77.597441,F-07-04,D-0012,,,LT-9m-PCC,W-88,560078,KSPDB-SD07-D-0012-695
P-000696,12.972877,77.597229,F-07-04,D-0012,,,LT-9m-PCC,W-98,560078,KSPDB-SD07-D-0012-696
P-000697,12.9725,77.597321,F-07-04,D-0012,,,LT-9m-PCC,W-25,560078,KSPDB-SD07-D-0012-697
P-000698,12.972841,77.597333,F-07-04,D-0012,,,LT-9m-PCC,W-71,560078,KSPDB-SD07-D-0012-698
P-000699,12.973076,77.597299,F-07-04,D-0012,,,LT-9m-PCC,W-73,560078,KSPDB-SD07-D-0012-699
P-000700,12.972594,77.597386,F-07-04,D-0012,,,LT-8m-Steel,W-43,560078,KSPDB-SD07-D-0012-700
P-000701,12.973224,77.597188,F-07-04,D-0012,,,LT-8m-PCC,W-17,560078,KSPDB-SD07-D-0012-701
P-000702,12.972434,77.597303,F-07-04,D-0012,,,LT-9m-PCC,W-55,560078,KSPDB-SD07-D-0012-702
P-000703,12.972727,77.59719,F-07-04,D-0012,,,LT-9m-PCC,W-39,560078,KSPDB-SD07-D-0012-703
P-000704,12.973286,77.597106,F-07-04,D-0012,,,LT-8m-PCC,W-31,,KSPDB-SD07-D-0012-704
P-000705,12.972626,77.597337,F-07-04,D-0012,,,LT-8m-Steel,W-60,560078,KSPDB-SD07-D-0012-705
P-000706,12.973251,77.597175,F-07-04,D-0012,,,LT-8m-PCC,W-69,560078,KSPDB-SD07-D-0012-706
P-000707,12.972649,77.597423,F-07-04,D-0012,,,LT-9m-PCC,W-77,560078,KSPDB-SD07-D-0012-707
P-000708,12.97325,77.596973,F-07-04,D-0012,,,LT-9m-PCC,W-77,560078,KSPDB-SD07-D-0012-708
P-000709,12.973142,77.597081,F-07-04,D-0012,,,LT-8m-Steel,W-90,560078,KSPDB-SD07-D-0012-709
P-000710,12.973194,77.596891,F-07-04,D-0012,,,LT-9m-PCC,W-63,560078,KSPDB-SD07-D-0012-710
P-000711,12.972462,77.597511,F-07-04,D-0012,,,LT-8m-PCC,W-28,560078,
P-000712,12.973136,77.596908,F-07-04,D-0012,,,LT-8m-Steel,W-42,560078,
P-000713,12.973053,77.596737,F-07-04,D-0012,,,LT-9m-PCC,W-24,560078,KSPDB-SD07-D-0012-713
P-000714,12.973184,77.597052,F-07-04,D-0012,,,LT-9m-PCC,W-22,560078,KSPDB-SD07-D-0012-714
P-000715,12.973148,77.596848,F-07-04,D-0012,,,LT-9m-PCC,W-60,560078,KSPDB-SD07-D-0012-715
P-000716,12.972273,77.597436,F-07-04,D-0012,,,LT-8m-PCC,W-64,560078,
P-000717,12.97307,77.596811,F-07-04,D-0012,,,LT-8m-PCC,W-36,560078,KSPDB-SD07-D-0012-717
P-000718,12.973265,77.597185,F-07-04,D-0012,,,LT-8m-PCC,W-88,560078,KSPDB-SD07-D-0012-718
P-000719,12.972332,77.597518,F-07-04,D-0012,,,LT-8m-PCC,W-21,560078,KSPDB-SD07-D-0012-719
P-000720,12.972968,77.596973,F-07-04,D-0012,,,LT-9m-PCC,W-81,560078,KSPDB-SD07-D-0012-720
P-000721,12.972807,77.597058,F-07-04,D-0012,,,LT-8m-Steel,W-43,560078,KSPDB-SD07-D-0012-721
P-000722,12.97237,77.597681,F-07-04,D-0012,,,LT-8m-Steel,W-82,560078,KSPDB-SD07-D-0012-722
P-000723,12.972897,77.596877,F-07-04,D-0012,,,LT-9m-PCC,W-66,560078,KSPDB-SD07-D-0012-723
P-000724,12.973063,77.596844,F-07-04,D-0012,,,LT-8m-PCC,W-59,560078,
P-000725,12.973086,77.596696,F-07-04,D-0012,,,LT-8m-PCC,W-10,560078,KSPDB-SD07-D-0012-725
P-000726,12.972703,77.596778,F-07-04,D-0012,,,LT-9m-PCC,W-24,560078,KSPDB-SD07-D-0012-726
P-000727,12.972421,77.597508,F-07-04,D-0012,,,LT-9m-PCC,W-57,560078,KSPDB-SD07-D-0012-727
P-000728,12.972976,77.596656,F-07-04,D-0012,,,LT-9m-PCC,W-34,560078,KSPDB-SD07-D-0012-728
P-000729,12.972907,77.59673,F-07-04,D-0012,,,LT-8m-PCC,W-53,560078,KSPDB-SD07-D-0012-729
P-000730,12.973016,77.596751,F-07-04,D-0012,,,LT-9m-PCC,W-88,560078,KSPDB-SD07-D-0012-730
P-000731,12.972521,77.5974,F-07-04,D-0012,,,LT-8m-Steel,W-30,560078,KSPDB-SD07-D-0012-731
P-000732,12.972821,77.59674,F-07-04,D-0012,,,LT-8m-Steel,W-71,560078,KSPDB-SD07-D-0012-732
P-000733,12.972878,77.5967,F-07-04,D-0012,,,LT-8m-PCC,W-72,560078,KSPDB-SD07-D-0012-733
P-000734,12.972964,77.596748,F-07-04,D-0012,,,LT-9m-PCC,W-54,560078,KSPDB-SD07-D-0012-734
P-000735,12.972554,77.597469,F-07-04,D-0012,,,LT-8m-Steel,W-34,560078,KSPDB-SD07-D-0012-735
P-000736,12.972512,77.597459,F-07-04,D-0012,,,LT-8m-PCC,W-45,560078,KSPDB-SD07-D-0012-736
P-000737,12.972874,77.59686,F-07-04,D-0012,,,LT-8m-PCC,W-37,560078,KSPDB-SD07-D-0012-737
P-000738,12.975291,77.594175,F-07-04,D-0013,,,LT-8m-PCC,W-94,560078,
P-000739,12.975104,77.594064,F-07-04,D-0013,,,LT-9m-PCC,W-35,560078,KSPDB-SD07-D-0013-739
P-000740,12.974976,77.593973,F-07-04,D-0013,,,LT-8m-Steel,W-70,560078,KSPDB-SD07-D-0013-740
P-000741,12.974922,77.593805,F-07-04,D-0013,,,LT-8m-PCC,W-49,560078,KSPDB-SD07-D-0013-741
P-000742,12.975462,77.59435,F-07-04,D-0013,,,LT-8m-PCC,W-43,560078,KSPDB-SD07-D-0013-742
P-000743,12.975395,77.594092,F-07-04,D-0013,,,LT-9m-PCC,W-51,560078,KSPDB-SD07-D-0013-743
P-000744,12.974985,77.593788,F-07-04,D-0013,,,LT-8m-PCC,W-60,560078,KSPDB-SD07-D-0013-744
P-000745,12.974785,77.594106,F-07-04,D-0013,,,LT-9m-PCC,W-80,560078,KSPDB-SD07-D-0013-745
P-000746,12.975076,77.593788,F-07-04,D-0013,,,LT-9m-PCC,W-24,560078,KSPDB-SD07-D-0013-746
P-000747,12.974957,77.594298,F-07-04,D-0013,,,LT-9m-PCC,W-72,560078,KSPDB-SD07-D-0013-747
P-000748,12.975562,77.594182,F-07-04,D-0013,,,LT-9m-PCC,W-27,560078,KSPDB-SD07-D-0013-748
P-000749,12.974593,77.593972,F-07-04,D-0013,,,LT-8m-Steel,W-67,560078,KSPDB-SD07-D-0013-749
P-000750,12.97485,77.594303,F-07-04,D-0013,,,LT-9m-PCC,W-29,560078,KSPDB-SD07-D-0013-750
P-000751,12.975659,77.594089,F-07-04,D-0013,,,LT-8m-PCC,W-89,560078,KSPDB-SD07-D-0013-751
P-000752,12.975849,77.594064,F-07-04,D-0013,,,LT-9m-PCC,W-54,560078,KSPDB-SD07-D-0013-752
P-000753,12.975488,77.593991,F-07-04,D-0013,,,LT-9m-PCC,W-56,560078,KSPDB-SD07-D-0013-753
P-000754,12.975651,77.593882,F-07-04,D-0013,,,LT-8m-Steel,W-47,560078,KSPDB-SD07-D-0013-754
P-000755,12.976008,77.594044,F-07-04,D-0013,,,LT-8m-Steel,W-58,560078,KSPDB-SD07-D-0013-755
P-000756,12.976008,77.594255,F-07-04,D-0013,,,LT-9m-PCC,W-11,560078,KSPDB-SD07-D-0013-756
P-000757,12.975558,77.59387,F-07-04,D-0013,,,LT-8m-Steel,W-49,560078,
P-000758,12.975684,77.594027,F-07-04,D-0013,,,LT-8m-PCC,W-99,560078,KSPDB-SD07-D-0013-758
P-000759,12.975863,77.594212,F-07-04,D-0013,,,LT-9m-PCC,W-47,560078,KSPDB-SD07-D-0013-759
P-000760,12.97604,77.594041,F-07-04,D-0013,,,LT-8m-PCC,W-50,560078,KSPDB-SD07-D-0013-760
P-000761,12.976008,77.594092,F-07-04,D-0013,,,LT-9m-PCC,W-61,560078,KSPDB-SD07-D-0013-761
P-000762,12.976079,77.594049,F-07-04,D-0013,,,LT-8m-Steel,W-70,560078,KSPDB-SD07-D-0013-762
P-000763,12.975899,77.594206,F-07-04,D-0013,,,LT-9m-PCC,W-92,560078,KSPDB-SD07-D-0013-763
P-000764,12.976,77.594163,F-07-04,D-0013,,,LT-8m-PCC,W-48,560078,KSPDB-SD07-D-0013-764
P-000765,12.97574,77.594022,F-07-04,D-0013,,,LT-8m-PCC,W-82,560078,KSPDB-SD07-D-0013-765
P-000766,12.976049,77.593954,F-07-04,D-0013,,,LT-8m-Steel,W-85,560078,KSPDB-SD07-D-0013-766
P-000767,12.975952,77.593857,F-07-04,D-0013,,,LT-8m-Steel,W-91,560078,KSPDB-SD07-D-0013-767
P-000768,12.976161,77.593843,F-07-04,D-0013,,,LT-8m-Steel,W-67,560078,KSPDB-SD07-D-0013-768
P-000769,12.976099,77.594331,F-07-04,D-0013,,,LT-8m-PCC,W-78,560078,KSPDB-SD07-D-0013-769
P-000770,12.976233,77.593995,F-07-04,D-0013,,,LT-8m-PCC,W-14,560078,KSPDB-SD07-D-0013-770
P-000771,12.976291,77.593667,F-07-04,D-0013,,,LT-8m-Steel,W-27,560078,KSPDB-SD07-D-0013-771
P-000772,12.975937,77.593943,F-07-04,D-0013,,,LT-9m-PCC,W-72,560078,KSPDB-SD07-D-0013-772
P-000773,12.97624,77.593742,F-07-04,D-0013,,,LT-8m-PCC,W-74,560078,KSPDB-SD07-D-0013-773
P-000774,12.976434,77.593915,F-07-04,D-0013,,,LT-8m-PCC,W-39,560078,KSPDB-SD07-D-0013-774
P-000775,12.976177,77.593877,F-07-04,D-0013,,,LT-8m-PCC,W-78,560078,KSPDB-SD07-D-0013-775
P-000776,12.976015,77.593829,F-07-04,D-0013,,,LT-8m-PCC,W-76,560078,KSPDB-SD07-D-0013-776
P-000777,12.97598,77.594001,F-07-04,D-0013,,,LT-9m-PCC,W-76,560078,KSPDB-SD07-D-0013-777
P-000778,12.976004,77.593901,F-07-04,D-0013,,,LT-8m-Steel,W-39,560078,KSPDB-SD07-D-0013-778
P-000779,12.976,77.593791,F-07-04,D-0013,,,LT-8m-Steel,W-79,560078,KSPDB-SD07-D-0013-779
P-000780,12.975869,77.593785,F-07-04,D-0013,,,LT-8m-Steel,W-20,560078,KSPDB-SD07-D-0013-780
P-000781,12.975904,77.593592,F-07-04,D-0013,,,LT-9m-PCC,W-23,560078,KSPDB-SD07-D-0013-781
P-000782,12.976108,77.594005,F-07-04,D-0013,,,LT-8m-Steel,W-68,560078,KSPDB-SD07-D-0013-782
P-000783,12.976026,77.593846,F-07-04,D-0013,,,LT-8m-PCC,W-11,560078,
P-000784,12.976134,77.593983,F-07-04,D-0013,,,LT-8m-PCC,W-38,560078,KSPDB-SD07-D-0013-784
P-000785,12.975787,77.593488,F-07-04,D-0013,,,LT-8m-Steel,W-41,560078,KSPDB-SD07-D-0013-785
P-000786,12.976296,77.593854,F-07-04,D-0013,,,LT-9m-PCC,W-43,560078,KSPDB-SD07-D-0013-786
P-000787,12.976331,77.593992,F-07-04,D-0013,,,LT-9m-PCC,W-77,560078,KSPDB-SD07-D-0013-787
P-000788,12.976384,77.594013,F-07-04,D-0013,,,LT-8m-Steel,W-25,560078,KSPDB-SD07-D-0013-788
P-000789,12.975934,77.593898,F-07-04,D-0013,,,LT-9m-PCC,W-19,,KSPDB-SD07-D-0013-789
P-000790,12.975979,77.593882,F-07-04,D-0013,,,LT-9m-PCC,W-95,560078,KSPDB-SD07-D-0013-790
P-000791,12.9763,77.593929,F-07-04,D-0013,,,LT-8m-Steel,W-47,560078,
P-000792,12.976211,77.593888,F-07-04,D-0013,,,LT-8m-Steel,W-99,560078,KSPDB-SD07-D-0013-792
P-000793,12.976522,77.59408,F-07-04,D-0013,,,LT-8m-Steel,W-63,560078,KSPDB-SD07-D-0013-793
P-000794,12.975812,77.593977,F-07-04,D-0013,,,LT-9m-PCC,W-82,560078,KSPDB-SD07-D-0013-794
P-000795,12.976196,77.593859,F-07-04,D-0013,,,LT-9m-PCC,W-65,560078,KSPDB-SD07-D-0013-795
P-000796,12.976313,77.593961,F-07-04,D-0013,,,LT-8m-Steel,W-74,560078,KSPDB-SD07-D-0013-796
P-000797,12.976628,77.59425,F-07-04,D-0013,,,LT-9m-PCC,W-72,560078,KSPDB-SD07-D-0013-797
P-000798,12.976611,77.594185,F-07-04,D-0013,,,LT-8m-PCC,W-63,560078,KSPDB-SD07-D-0013-798
P-000799,12.976727,77.594334,F-07-04,D-0013,,,LT-9m-PCC,W-78,560078,KSPDB-SD07-D-0013-799
P-000800,12.976658,77.594042,F-07-04,D-0013,,,LT-8m-Steel,W-61,560078,KSPDB-SD07-D-0013-800
P-000801,12.976185,77.593917,F-07-04,D-0013,,,LT-8m-Steel,W-35,560078,KSPDB-SD07-D-0013-801
P-000802,12.976834,77.594208,F-07-04,D-0013,,,LT-8m-Steel,W-54,560078,KSPDB-SD07-D-0013-802
P-000803,12.976853,77.594085,F-07-04,D-0013,,,LT-8m-PCC,W-34,560078,KSPDB-SD07-D-0013-803
P-000804,12.976748,77.593935,F-07-04,D-0013,,,LT-9m-PCC,W-14,560078,KSPDB-SD07-D-0013-804
P-000805,12.976464,77.593861,F-07-04,D-0013,,,LT-8m-PCC,W-39,560078,KSPDB-SD07-D-0013-805
P-000806,12.976804,77.593871,F-07-04,D-0013,,,LT-9m-PCC,W-60,560078,KSPDB-SD07-D-0013-806
P-000807,12.976918,77.594047,F-07-04,D-0013,,,LT-9m-PCC,W-23,560078,KSPDB-SD07-D-0013-807
P-000808,12.976634,77.593819,F-07-04,D-0013,,,LT-8m-PCC,W-61,560078,KSPDB-SD07-D-0013-808
P-000809,12.976542,77.59401,F-07-04,D-0013,,,LT-8m-Steel,W-94,560078,KSPDB-SD07-D-0013-809
P-000810,12.976809,77.593963,F-07-04,D-0013,,,LT-9m-PCC,W-19,560078,KSPDB-SD07-D-0013-810
P-000811,12.976935,77.59398,F-07-04,D-0013,,,LT-8m-Steel,W-58,560078,KSPDB-SD07-D-0013-811
P-000812,12.976529,77.593944,F-07-04,D-0013,,,LT-8m-Steel,W-68,560078,KSPDB-SD07-D-0013-812
P-000813,12.976436,77.593841,F-07-04,D-0013,,,LT-8m-Steel,W-83,560078,KSPDB-SD07-D-0013-813
P-000814,12.976756,77.593804,F-07-04,D-0013,,,LT-8m-PCC,W-45,560078,KSPDB-SD07-D-0013-814
P-000815,12.977056,77.593868,F-07-04,D-0013,,,LT-9m-PCC,W-90,560078,KSPDB-SD07-D-0013-815
P-000816,12.976857,77.593853,F-07-04,D-0013,,,LT-9m-PCC,W-13,560078,
P-000817,12.97657,77.593842,F-07-04,D-0013,,,LT-8m-Steel,W-21,560078,KSPDB-SD07-D-0013-817
P-000818,12.976837,77.593953,F-07-04,D-0013,,,LT-8m-Steel,W-54,560078,KSPDB-SD07-D-0013-818
P-000819,12.976954,77.59374,F-07-04,D-0013,,,LT-8m-Steel,W-84,560078,KSPDB-SD07-D-0013-819
P-000820,12.976661,77.593902,F-07-04,D-0013,,,LT-8m-Steel,W-92,560078,
P-000821,12.976792,77.593877,F-07-04,D-0013,,,LT-8m-Steel,W-45,560078,KSPDB-SD07-D-0013-821
P-000822,12.976845,77.593789,F-07-04,D-0013,,,LT-9m-PCC,W-20,560078,KSPDB-SD07-D-0013-822
P-000823,12.976772,77.593719,F-07-04,D-0013,,,LT-8m-PCC,W-72,560078,KSPDB-SD07-D-0013-823
P-000824,12.976817,77.593739,F-07-04,D-0013,,,LT-9m-PCC,W-81,560078,KSPDB-SD07-D-0013-824
P-000825,12.976704,77.593771,F-07-04,D-0013,,,LT-9m-PCC,W-64,560078,KSPDB-SD07-D-0013-825
P-000826,12.976786,77.593576,F-07-04,D-0013,,,LT-8m-Steel,W-62,560078,KSPDB-SD07-D-0013-826
P-000827,12.9767,77.593645,F-07-04,D-0013,,,LT-8m-PCC,W-40,560078,KSPDB-SD07-D-0013-827
P-000828,12.979996,77.603347,F-07-02,D-0014,,,LT-8m-PCC,W-16,560078,KSPDB-SD07-D-0014-828
P-000829,12.980154,77.603374,F-07-02,D-0014,,,LT-8m-Steel,W-62,560078,KSPDB-SD07-D-0014-829
P-000830,12.980178,77.603272,F-07-02,D-0014,,,LT-9m-PCC,W-18,560078,KSPDB-SD07-D-0014-830
P-000831,12.980062,77.603467,F-07-02,D-0014,,,LT-8m-Steel,W-63,560078,KSPDB-SD07-D-0014-831
P-000832,12.980303,77.60334,F-07-02,D-0014,,,LT-8m-Steel,W-19,560078,KSPDB-SD07-D-0014-832
P-000833,12.980283,77.603273,F-07-02,D-0014,,,LT-9m-PCC,W-48,560078,KSPDB-SD07-D-0014-833
P-000834,12.980209,77.603278,F-07-02,D-0014,,,LT-8m-Steel,W-68,560078,KSPDB-SD07-D-0014-834
P-000835,12.980202,77.603092,F-07-02,D-0014,,,LT-8m-Steel,W-40,560078,KSPDB-SD07-D-0014-835
P-000836,12.980279,77.602939,F-07-02,D-0014,,,LT-8m-Steel,W-94,560078,KSPDB-SD07-D-0014-836
P-000837,12.980353,77.603118,F-07-02,D-0014,,,LT-8m-Steel,W-85,,KSPDB-SD07-D-0014-837
P-000838,12.980044,77.602947,F-07-02,D-0014,,,LT-8m-Steel,W-92,,KSPDB-SD07-D-0014-838
P-000839,12.980053,77.602793,F-07-02,D-0014,,,LT-8m-PCC,W-15,560078,KSPDB-SD07-D-0014-839
P-000840,12.980133,77.602682,F-07-02,D-0014,,,LT-8m-Steel,W-88,,KSPDB-SD07-D-0014-840
P-000841,12.980147,77.602834,F-07-02,D-0014,,,LT-9m-PCC,W-64,560078,KSPDB-SD07-D-0014-841
P-000842,12.979995,77.602879,F-07-02,D-0014,,,LT-8m-PCC,W-74,560078,KSPDB-SD07-D-0014-842
P-000843,12.980123,77.60256,F-07-02,D-0014,,,LT-8m-Steel,W-70,560078,KSPDB-SD07-D-0014-843
P-000844,12.980185,77.602656,F-07-02,D-0014,,,LT-9m-PCC,W-11,560078,KSPDB-SD07-D-0014-844
P-000845,12.980291,77.602421,F-07-02,D-0014,,,LT-9m-PCC,W-18,560078,KSPDB-SD07-D-0014-845
P-000846,12.980175,77.602744,F-07-02,D-0014,,,LT-8m-PCC,W-30,560078,KSPDB-SD07-D-0014-846
P-000847,12.980281,77.602813,F-07-02,D-0014,,,LT-9m-PCC,W-38,560078,KSPDB-SD07-D-0014-847
P-000848,12.980213,77.602271,F-07-02,D-0014,,,LT-8m-Steel,W-62,560078,KSPDB-SD07-D-0014-848
P-000849,12.98019,77.60263,F-07-02,D-0014,,,LT-9m-PCC,W-73,560078,
P-000850,12.980318,77.602896,F-07-02,D-0014,,,LT-8m-PCC,W-51,560078,
P-000851,12.980249,77.602482,F-07-02,D-0014,,,LT-8m-Steel,W-47,560078,KSPDB-SD07-D-0014-851
P-000852,12.980365,77.602514,F-07-02,D-0014,,,LT-8m-PCC,W-58,560078,KSPDB-SD07-D-0014-852
P-000853,12.980246,77.602692,F-07-02,D-0014,,,LT-8m-Steel,W-26,560078,KSPDB-SD07-D-0014-853
P-000854,12.980414,77.602387,F-07-02,D-0014,,,LT-8m-PCC,W-77,560078,KSPDB-SD07-D-0014-854
P-000855,12.980483,77.602574,F-07-02,D-0014,,,LT-8m-Steel,W-96,560078,KSPDB-SD07-D-0014-855
P-000856,12.980425,77.6023,F-07-02,D-0014,,,LT-8m-Steel,W-11,560078,KSPDB-SD07-D-0014-856
P-000857,12.980365,77.602396,F-07-02,D-0014,,,LT-8m-Steel,W-12,560078,KSPDB-SD07-D-0014-857
P-000858,12.980178,77.602773,F-07-02,D-0014,,,LT-9m-PCC,W-76,560078,KSPDB-SD07-D-0014-858
P-000859,12.980164,77.602777,F-07-02,D-0014,,,LT-8m-PCC,W-58,560078,KSPDB-SD07-D-0014-859
P-000860,12.980322,77.602337,F-07-02,D-0014,,,LT-8m-PCC,W-83,560078,KSPDB-SD07-D-0014-860
P-000861,12.980113,77.602735,F-07-02,D-0014,,,LT-9m-PCC,W-62,560078,KSPDB-SD07-D-0014-861
P-000862,12.980487,77.602348,F-07-02,D-0014,,,LT-8m-Steel,W-75,560078,KSPDB-SD07-D-0014-862
P-000863,12.979968,77.602782,F-07-02,D-0014,,,LT-8m-PCC,W-82,560078,
P-000864,12.980237,77.602638,F-07-02,D-0014,,,LT-8m-PCC,W-13,560078,KSPDB-SD07-D-0014-864
P-000865,12.980519,77.602172,F-07-02,D-0014,,,LT-9m-PCC,W-54,560078,KSPDB-SD07-D-0014-865
P-000866,12.980308,77.602748,F-07-02,D-0014,,,LT-8m-Steel,W-95,560078,KSPDB-SD07-D-0014-866
P-000867,12.980193,77.602489,F-07-02,D-0014,,,LT-8m-Steel,W-56,560078,KSPDB-SD07-D-0014-867
P-000868,12.980378,77.602004,F-07-02,D-0014,,,LT-9m-PCC,W-99,560078,KSPDB-SD07-D-0014-868
P-000869,12.980262,77.601833,F-07-02,D-0014,,,LT-8m-PCC,W-87,560078,KSPDB-SD07-D-0014-869
P-000870,12.980369,77.602045,F-07-02,D-0014,,,LT-8m-PCC,W-51,560078,KSPDB-SD07-D-0014-870
P-000871,12.980123,77.602596,F-07-02,D-0014,,,LT-9m-PCC,W-60,560078,KSPDB-SD07-D-0014-871
P-000872,12.980478,77.601876,F-07-02,D-0014,,,LT-9m-PCC,W-68,560078,KSPDB-SD07-D-0014-872
P-000873,12.97994,77.602775,F-07-02,D-0014,,,LT-8m-PCC,W-54,560078,KSPDB-SD07-D-0014-873
P-000874,12.980321,77.601928,F-07-02,D-0014,,,LT-8m-PCC,W-40,560078,
P-000875,12.980264,77.602127,F-07-02,D-0014,,,LT-8m-PCC,W-94,,KSPDB-SD07-D-0014-875
P-000876,12.980313,77.602418,F-07-02,D-0014,,,LT-8m-Steel,W-92,560078,KSPDB-SD07-D-0014-876
P-000877,12.980108,77.602894,F-07-02,D-0014,,,LT-8m-Steel,W-88,560078,KSPDB-SD07-D-0014-877
P-000878,12.979908,77.602907,F-07-02,D-0014,,,LT-9m-PCC,W-60,560078,KSPDB-SD07-D-0014-878
P-000879,12.979996,77.602978,F-07-02,D-0014,,,LT-9m-PCC,W-31,560078,KSPDB-SD07-D-0014-879
P-000880,12.980017,77.602952,F-07-02,D-0014,,,LT-9m-PCC,W-14,560078,KSPDB-SD07-D-0014-880
P-000881,12.980189,77.603022,F-07-02,D-0014,,,LT-9m-PCC,W-86,560078,KSPDB-SD07-D-0014-881
P-000882,12.980034,77.602754,F-07-02,D-0014,,,LT-8m-Steel,W-67,,KSPDB-SD07-D-0014-882
P-000883,12.980126,77.602664,F-07-02,D-0014,,,LT-8m-Steel,W-23,560078,KSPDB-SD07-D-0014-883
P-000884,12.98019,77.603197,F-07-02,D-0014,,,LT-8m-Steel,W-37,560078,KSPDB-SD07-D-0014-884
P-000885,12.97999,77.602767,F-07-02,D-0014,,,LT-9m-PCC,W-14,560078,KSPDB-SD07-D-0014-885
P-000886,12.979991,77.603175,F-07-02,D-0014,,,LT-8m-Steel,W-69,560078,KSPDB-SD07-D-0014-886
P-000887,12.980277,77.6026,F-07-02,D-0014,,,LT-8m-PCC,W-66,560078,KSPDB-SD07-D-0014-887
P-000888,12.980344,77.603348,F-07-02,D-0014,,,LT-9m-PCC,W-91,560078,KSPDB-SD07-D-0014-888
P-000889,12.980469,77.603489,F-07-02,D-0014,,,LT-8m-Steel,W-64,560078,KSPDB-SD07-D-0014-889
P-000890,12.979845,77.603064,F-07-02,D-0014,,,LT-9m-PCC,W-12,560078,KSPDB-SD07-D-0014-890
P-000891,12.980326,77.602694,F-07-02,D-0014,,,LT-8m-Steel,W-67,560078,KSPDB-SD07-D-0014-891
P-000892,12.97968,77.603047,F-07-02,D-0014,,,LT-9m-PCC,W-20,560078,KSPDB-SD07-D-0014-892
P-000893,12.96354,77.594585,F-07-05,D-0015,,,LT-8m-Steel,W-23,560078,KSPDB-SD07-D-0015-893
P-000894,12.963417,77.59454,F-07-05,D-0015,,,LT-8m-PCC,W-77,560078,KSPDB-SD07-D-0015-894
P-000895,12.963348,77.594726,F-07-05,D-0015,,,LT-8m-Steel,W-26,560078,KSPDB-SD07-D-0015-895
P-000896,12.963707,77.594599,F-07-05,D-0015,,,LT-8m-Steel,W-85,560078,
P-000897,12.963287,77.594638,F-07-05,D-0015,,,LT-8m-PCC,W-14,560078,KSPDB-SD07-D-0015-897
P-000898,12.96354,77.594762,F-07-05,D-0015,,,LT-8m-Steel,W-21,560078,KSPDB-SD07-D-0015-898
P-000899,12.963849,77.594722,F-07-05,D-0015,,,LT-9m-PCC,W-14,560078,KSPDB-SD07-D-0015-899
P-000900,12.963336,77.594853,F-07-05,D-0015,,,LT-8m-Steel,W-65,560078,
P-000901,12.963946,77.59478,F-07-05,D-0015,,,LT-8m-Steel,W-67,560078,KSPDB-SD07-D-0015-901
P-000902,12.964035,77.594652,F-07-05,D-0015,,,LT-8m-Steel,W-62,560078,KSPDB-SD07-D-0015-902
P-000903,12.964032,77.59478,F-07-05,D-0015,,,LT-8m-Steel,W-45,560078,KSPDB-SD07-D-0015-903
P-000904,12.963726,77.594571,F-07-05,D-0015,,,LT-9m-PCC,W-94,560078,KSPDB-SD07-D-0015-904
P-000905,12.963691,77.594495,F-07-05,D-0015,,,LT-8m-Steel,W-96,560078,KSPDB-SD07-D-0015-905
P-000906,12.963773,77.594604,F-07-05,D-0015,,,LT-9m-PCC,W-29,560078,KSPDB-SD07-D-0015-906
P-000907,12.963851,77.594583,F-07-05,D-0015,,,LT-8m-PCC,W-93,560078,KSPDB-SD07-D-0015-907
P-000908,12.963909,77.59468,F-07-05,D-0015,,,LT-8m-Steel,W-87,560078,KSPDB-SD07-D-0015-908
P-000909,12.963879,77.594769,F-07-05,D-0015,,,LT-9m-PCC,W-76,560078,
P-000910,12.963981,77.594711,F-07-05,D-0015,,,LT-9m-PCC,W-60,560078,KSPDB-SD07-D-0015-910
P-000911,12.964022,77.594739,F-07-05,D-0015,,,LT-9m-PCC,W-99,560078,KSPDB-SD07-D-0015-911
P-000912,12.964007,77.59471,F-07-05,D-0015,,,LT-8m-Steel,W-98,560078,
P-000913,12.963792,77.594768,F-07-05,D-0015,,,LT-8m-Steel,W-70,560078,
P-000914,12.963713,77.594601,F-07-05,D-0015,,,LT-8m-PCC,W-20,560078,KSPDB-SD07-D-0015-914
P-000915,12.964127,77.594611,F-07-05,D-0015,,,LT-9m-PCC,W-64,560078,KSPDB-SD07-D-0015-915
P-000916,12.9636,77.59467,F-07-05,D-0015,,,LT-9m-PCC,W-17,560078,KSPDB-SD07-D-0015-916
P-000917,12.963968,77.594853,F-07-05,D-0015,,,LT-8m-PCC,W-38,560078,KSPDB-SD07-D-0015-917
P-000918,12.963776,77.594599,F-07-05,D-0015,,,LT-8m-PCC,W-93,560078,KSPDB-SD07-D-0015-918
P-000919,12.963907,77.594646,F-07-05,D-0015,,,LT-9m-PCC,W-61,560078,KSPDB-SD07-D-0015-919
P-000920,12.964081,77.594909,F-07-05,D-0015,,,LT-8m-PCC,W-39,560078,KSPDB-SD07-D-0015-920
P-000921,12.963766,77.594631,F-07-05,D-0015,,,LT-8m-Steel,W-42,560078,KSPDB-SD07-D-0015-921
P-000922,12.963732,77.594572,F-07-05,D-0015,,,LT-9m-PCC,W-19,560078,KSPDB-SD07-D-0015-922
P-000923,12.963743,77.594667,F-07-05,D-0015,,,LT-9m-PCC,W-83,560078,KSPDB-SD07-D-0015-923
P-000924,12.963712,77.594698,F-07-05,D-0015,,,LT-9m-PCC,W-88,560078,KSPDB-SD07-D-0015-924
P-000925,12.963851,77.594496,F-07-05,D-0015,,,LT-8m-Steel,W-55,560078,
P-000926,12.963726,77.594831,F-07-05,D-0015,,,LT-8m-PCC,W-21,560078,KSPDB-SD07-D-0015-926
P-000927,12.9636,77.594417,F-07-05,D-0015,,,LT-9m-PCC,W-45,560078,KSPDB-SD07-D-0015-927
P-000928,12.963623,77.594767,F-07-05,D-0015,,,LT-8m-PCC,W-26,560078,KSPDB-SD07-D-0015-928
P-000929,12.9638,77.594723,F-07-05,D-0015,,,LT-8m-Steel,W-53,560078,KSPDB-SD07-D-0015-929
P-000930,12.963808,77.594417,F-07-05,D-0015,,,LT-9m-PCC,W-48,560078,KSPDB-SD07-D-0015-930
P-000931,12.963668,77.594526,F-07-05,D-0015,,,LT-8m-PCC,W-17,560078,KSPDB-SD07-D-0015-931
P-000932,12.963805,77.594853,F-07-05,D-0015,,,LT-9m-PCC,W-87,560078,KSPDB-SD07-D-0015-932
P-000933,12.96382,77.59454,F-07-05,D-0015,,,LT-9m-PCC,W-67,560078,KSPDB-SD07-D-0015-933
P-000934,12.963813,77.594488,F-07-05,D-0015,,,LT-8m-PCC,W-61,560078,
P-000935,12.963896,77.594754,F-07-05,D-0015,,,LT-8m-Steel,W-64,560078,KSPDB-SD07-D-0015-935
P-000936,12.963777,77.595022,F-07-05,D-0015,,,LT-9m-PCC,W-22,560078,KSPDB-SD07-D-0015-936
P-000937,12.96366,77.594398,F-07-05,D-0015,,,LT-8m-Steel,W-58,560078,KSPDB-SD07-D-0015-937
P-000938,12.963827,77.594923,F-07-05,D-0015,,,LT-9m-PCC,W-26,560078,KSPDB-SD07-D-0015-938
P-000939,12.963634,77.594337,F-07-05,D-0015,,,LT-8m-PCC,W-97,560078,KSPDB-SD07-D-0015-939
P-000940,12.963855,77.594434,F-07-05,D-0015,,,LT-9m-PCC,W-61,560078,KSPDB-SD07-D-0015-940
P-000941,12.963805,77.594547,F-07-05,D-0015,,,LT-8m-Steel,W-75,560078,KSPDB-SD07-D-0015-941
P-000942,12.963632,77.594155,F-07-05,D-0015,,,LT-9m-PCC,W-93,560078,KSPDB-SD07-D-0015-942
P-000943,12.963823,77.594883,F-07-05,D-0015,,,LT-9m-PCC,W-46,560078,KSPDB-SD07-D-0015-943
P-000944,12.963962,77.594695,F-07-05,D-0015,,,LT-8m-Steel,W-81,560078,KSPDB-SD07-D-0015-944
P-000945,12.963681,77.594467,F-07-05,D-0015,,,LT-8m-PCC,W-77,560078,
P-000946,12.963812,77.594958,F-07-05,D-0015,,,LT-9m-PCC,W-84,560078,KSPDB-SD07-D-0015-946
P-000947,12.964069,77.594525,F-07-05,D-0015,,,LT-9m-PCC,W-57,560078,KSPDB-SD07-D-0015-947
P-000948,12.963808,77.594806,F-07-05,D-0015,,,LT-8m-PCC,W-85,560078,KSPDB-SD07-D-0015-948
P-000949,12.964001,77.594699,F-07-05,D-0015,,,LT-8m-Steel,W-64,560078,KSPDB-SD07-D-0015-949
P-000950,12.963882,77.594381,F-07-05,D-0015,,,LT-8m-Steel,W-74,560078,KSPDB-SD07-D-0015-950
P-000951,12.958374,77.60892,F-07-04,D-0016,,,LT-9m-PCC,W-43,560078,KSPDB-SD07-D-0016-951
P-000952,12.958219,77.609108,F-07-04,D-0016,,,LT-9m-PCC,W-17,560078,KSPDB-SD07-D-0016-952
P-000953,12.958357,77.609099,F-07-04,D-0016,,,LT-9m-PCC,W-31,560078,KSPDB-SD07-D-0016-953
P-000954,12.95852,77.608991,F-07-04,D-0016,,,LT-9m-PCC,W-72,,KSPDB-SD07-D-0016-954
P-000955,12.958532,77.609081,F-07-04,D-0016,,,LT-8m-Steel,W-46,560078,KSPDB-SD07-D-0016-955
P-000956,12.958396,77.609222,F-07-04,D-0016,,,LT-8m-PCC,W-88,560078,KSPDB-SD07-D-0016-956
P-000957,12.958328,77.609143,F-07-04,D-0016,,,LT-9m-PCC,W-58,560078,KSPDB-SD07-D-0016-957
P-000958,12.958404,77.608972,F-07-04,D-0016,,,LT-8m-Steel,W-55,560078,KSPDB-SD07-D-0016-958
P-000959,12.958484,77.609026,F-07-04,D-0016,,,LT-8m-Steel,W-29,560078,KSPDB-SD07-D-0016-959
P-000960,12.958243,77.609318,F-07-04,D-0016,,,LT-8m-PCC,W-38,560078,
P-000961,12.958487,77.608852,F-07-04,D-0016,,,LT-8m-PCC,W-33,560078,KSPDB-SD07-D-0016-961
P-000962,12.958312,77.609217,F-07-04,D-0016,,,LT-9m-PCC,W-42,560078,KSPDB-SD07-D-0016-962
P-000963,12.95834,77.609466,F-07-04,D-0016,,,LT-9m-PCC,W-51,560078,KSPDB-SD07-D-0016-963
P-000964,12.95826,77.609415,F-07-04,D-0016,,,LT-8m-Steel,W-75,560078,
P-000965,12.958332,77.609517,F-07-04,D-0016,,,LT-8m-Steel,W-68,560078,KSPDB-SD07-D-0016-965
P-000966,12.95853,77.609515,F-07-04,D-0016,,,LT-8m-PCC,W-54,560078,KSPDB-SD07-D-0016-966
P-000967,12.958415,77.60936,F-07-04,D-0016,,,LT-8m-Steel,W-97,560078,KSPDB-SD07-D-0016-967
P-000968,12.95853,77.609551,F-07-04,D-0016,,,LT-8m-PCC,W-76,560078,KSPDB-SD07-D-0016-968
P-000969,12.958336,77.6096,F-07-04,D-0016,,,LT-8m-PCC,W-31,560078,KSPDB-SD07-D-0016-969
P-000970,12.958513,77.609599,F-07-04,D-0016,,,LT-9m-PCC,W-70,560078,KSPDB-SD07-D-0016-970
P-000971,12.958579,77.609475,F-07-04,D-0016,,,LT-9m-PCC,W-75,560078,KSPDB-SD07-D-0016-971
P-000972,12.95845,77.609278,F-07-04,D-0016,,,LT-8m-PCC,W-91,560078,KSPDB-SD07-D-0016-972
P-000973,12.958264,77.609696,F-07-04,D-0016,,,LT-8m-Steel,W-28,560078,KSPDB-SD07-D-0016-973
P-000974,12.958582,77.609578,F-07-04,D-0016,,,LT-8m-Steel,W-33,,KSPDB-SD07-D-0016-974
P-000975,12.958697,77.609464,F-07-04,D-0016,,,LT-9m-PCC,W-57,560078,KSPDB-SD07-D-0016-975
P-000976,12.958457,77.609386,F-07-04,D-0016,,,LT-9m-PCC,W-49,560078,KSPDB-SD07-D-0016-976
P-000977,12.95836,77.60977,F-07-04,D-0016,,,LT-8m-PCC,W-48,560078,KSPDB-SD07-D-0016-977
P-000978,12.958324,77.609872,F-07-04,D-0016,,,LT-8m-PCC,W-83,560078,KSPDB-SD07-D-0016-978
P-000979,12.958831,77.609527,F-07-04,D-0016,,,LT-8m-PCC,W-43,560078,KSPDB-SD07-D-0016-979
P-000980,12.95848,77.609951,F-07-04,D-0016,,,LT-9m-PCC,W-33,560078,KSPDB-SD07-D-0016-980
P-000981,12.958683,77.609453,F-07-04,D-0016,,,LT-8m-Steel,W-22,560078,KSPDB-SD07-D-0016-981
P-000982,12.958341,77.609938,F-07-04,D-0016,,,LT-9m-PCC,W-94,560078,KSPDB-SD07-D-0016-982
P-000983,12.958262,77.609826,F-07-04,D-0016,,,LT-8m-Steel,W-93,560078,KSPDB-SD07-D-0016-983
P-000984,12.958797,77.609322,F-07-04,D-0016,,,LT-9m-PCC,W-88,560078,KSPDB-SD07-D-0016-984
P-000985,12.95889,77.609465,F-07-04,D-0016,,,LT-8m-PCC,W-51,560078,KSPDB-SD07-D-0016-985
P-000986,12.958996,77.609305,F-07-04,D-0016,,,LT-8m-Steel,W-21,560078,KSPDB-SD07-D-0016-986
P-000987,12.958523,77.609979,F-07-04,D-0016,,,LT-8m-Steel,W-67,560078,KSPDB-SD07-D-0016-987
P-000988,12.958917,77.609168,F-07-04,D-0016,,,LT-8m-PCC,W-38,560078,KSPDB-SD07-D-0016-988
P-000989,12.958954,77.609273,F-07-04,D-0016,,,LT-9m-PCC,W-72,560078,KSPDB-SD07-D-0016-989
P-000990,12.959032,77.609106,F-07-04,D-0016,,,LT-9m-PCC,W-61,560078,KSPDB-SD07-D-0016-990
P-000991,12.959179,77.609467,F-07-04,D-0016,,,LT-8m-Steel,W-96,560078,KSPDB-SD07-D-0016-991
P-000992,12.958808,77.609122,F-07-04,D-0016,,,LT-9m-PCC,W-84,560078,KSPDB-SD07-D-0016-992
P-000993,12.959347,77.609305,F-07-04,D-0016,,,LT-9m-PCC,W-39,560078,KSPDB-SD07-D-0016-993
P-000994,12.959395,77.609223,F-07-04,D-0016,,,LT-9m-PCC,W-57,,KSPDB-SD07-D-0016-994
P-000995,12.959426,77.609261,F-07-04,D-0016,,,LT-8m-PCC,W-34,560078,KSPDB-SD07-D-0016-995
P-000996,12.959273,77.609535,F-07-04,D-0016,,,LT-8m-Steel,W-17,560078,KSPDB-SD07-D-0016-996
P-000997,12.959215,77.609344,F-07-04,D-0016,,,LT-9m-PCC,W-75,,KSPDB-SD07-D-0016-997
P-000998,12.959309,77.609376,F-07-04,D-0016,,,LT-9m-PCC,W-60,560078,KSPDB-SD07-D-0016-998
P-000999,12.959436,77.609391,F-07-04,D-0016,,,LT-8m-Steel,W-33,560078,KSPDB-SD07-D-0016-999
P-001000,12.95938,77.609441,F-07-04,D-0016,,,LT-8m-Steel,W-17,560078,KSPDB-SD07-D-0016-1000
P-001001,12.959495,77.609514,F-07-04,D-0016,,,LT-8m-PCC,W-66,560078,KSPDB-SD07-D-0016-1001
P-001002,12.959356,77.609227,F-07-04,D-0016,,,LT-8m-PCC,W-92,560078,KSPDB-SD07-D-0016-1002
P-001003,12.959316,77.609363,F-07-04,D-0016,,,LT-8m-Steel,W-27,560078,KSPDB-SD07-D-0016-1003
P-001004,12.95951,77.609492,F-07-04,D-0016,,,LT-9m-PCC,W-97,560078,KSPDB-SD07-D-0016-1004
P-001005,12.959611,77.609657,F-07-04,D-0016,,,LT-9m-PCC,W-88,560078,
P-001006,12.959494,77.609559,F-07-04,D-0016,,,LT-9m-PCC,W-96,560078,KSPDB-SD07-D-0016-1006
P-001007,12.959369,77.609649,F-07-04,D-0016,,,LT-9m-PCC,W-48,560078,KSPDB-SD07-D-0016-1007
P-001008,12.959309,77.609829,F-07-04,D-0016,,,LT-8m-PCC,W-15,560078,KSPDB-SD07-D-0016-1008
P-001009,12.959521,77.609519,F-07-04,D-0016,,,LT-9m-PCC,W-18,560078,KSPDB-SD07-D-0016-1009
P-001010,12.959599,77.609504,F-07-04,D-0016,,,LT-9m-PCC,W-38,560078,KSPDB-SD07-D-0016-1010
P-001011,12.959695,77.609354,F-07-04,D-0016,,,LT-8m-PCC,W-15,560078,KSPDB-SD07-D-0016-1011
P-001012,12.959889,77.60931,F-07-04,D-0016,,,LT-8m-Steel,W-19,560078,KSPDB-SD07-D-0016-1012
P-001013,12.959662,77.609335,F-07-04,D-0016,,,LT-9m-PCC,W-59,560078,KSPDB-SD07-D-0016-1013
P-001014,12.959493,77.609371,F-07-04,D-0016,,,LT-8m-Steel,W-32,560078,KSPDB-SD07-D-0016-1014
P-001015,12.959839,77.609339,F-07-04,D-0016,,,LT-9m-PCC,W-14,560078,KSPDB-SD07-D-0016-1015
P-001016,12.960073,77.609426,F-07-04,D-0016,,,LT-9m-PCC,W-54,560078,KSPDB-SD07-D-0016-1016
P-001017,12.960261,77.609502,F-07-04,D-0016,,,LT-8m-Steel,W-95,560078,KSPDB-SD07-D-0016-1017
P-001018,12.960237,77.60924,F-07-04,D-0016,,,LT-9m-PCC,W-63,560078,KSPDB-SD07-D-0016-1018
P-001019,12.96031,77.609342,F-07-04,D-0016,,,LT-9m-PCC,W-29,560078,KSPDB-SD07-D-0016-1019
P-001020,12.959645,77.609403,F-07-04,D-0016,,,LT-8m-PCC,W-75,560078,KSPDB-SD07-D-0016-1020
P-001021,12.960137,77.609491,F-07-04,D-0016,,,LT-9m-PCC,W-59,,KSPDB-SD07-D-0016-1021
P-001022,12.960336,77.609625,F-07-04,D-0016,,,LT-8m-Steel,W-24,560078,KSPDB-SD07-D-0016-1022
P-001023,12.96025,77.609161,F-07-04,D-0016,,,LT-8m-PCC,W-34,560078,KSPDB-SD07-D-0016-1023
P-001024,12.960223,77.609114,F-07-04,D-0016,,,LT-9m-PCC,W-72,560078,KSPDB-SD07-D-0016-1024
P-001025,12.960277,77.609579,F-07-04,D-0016,,,LT-9m-PCC,W-14,560078,KSPDB-SD07-D-0016-1025
P-001026,12.960454,77.609652,F-07-04,D-0016,,,LT-9m-PCC,W-69,560078,KSPDB-SD07-D-0016-1026
P-001027,12.960322,77.609702,F-07-04,D-0016,,,LT-9m-PCC,W-79,560078,KSPDB-SD07-D-0016-1027
P-001028,12.980987,77.594851,F-07-05,D-0017,,,LT-8m-Steel,W-27,560078,KSPDB-SD07-D-0017-1028
P-001029,12.981168,77.594988,F-07-05,D-0017,,,LT-9m-PCC,W-99,560078,KSPDB-SD07-D-0017-1029
P-001030,12.980844,77.594997,F-07-05,D-0017,,,LT-9m-PCC,W-75,560078,KSPDB-SD07-D-0017-1030
P-001031,12.981051,77.594909,F-07-05,D-0017,,,LT-9m-PCC,W-91,560078,KSPDB-SD07-D-0017-1031
P-001032,12.981019,77.59496,F-07-05,D-0017,,,LT-9m-PCC,W-47,560078,
P-001033,12.980813,77.59483,F-07-05,D-0017,,,LT-8m-Steel,W-32,560078,KSPDB-SD07-D-0017-1033
P-001034,12.9813,77.59505,F-07-05,D-0017,,,LT-8m-Steel,W-10,560078,KSPDB-SD07-D-0017-1034
P-001035,12.981227,77.594934,F-07-05,D-0017,,,LT-8m-PCC,W-27,560078,KSPDB-SD07-D-0017-1035
P-001036,12.981041,77.595047,F-07-05,D-0017,,,LT-8m-PCC,W-84,560078,KSPDB-SD07-D-0017-1036
P-001037,12.981219,77.594886,F-07-05,D-0017,,,LT-8m-PCC,W-23,560078,
P-001038,12.980708,77.594793,F-07-05,D-0017,,,LT-9m-PCC,W-10,560078,KSPDB-SD07-D-0017-1038
P-001039,12.980866,77.594626,F-07-05,D-0017,,,LT-9m-PCC,W-51,560078,KSPDB-SD07-D-0017-1039
P-001040,12.980962,77.595062,F-07-05,D-0017,,,LT-8m-Steel,W-37,560078,KSPDB-SD07-D-0017-1040
P-001041,12.980714,77.594631,F-07-05,D-0017,,,LT-8m-Steel,W-11,560078,KSPDB-SD07-D-0017-1041
P-001042,12.980684,77.594441,F-07-05,D-0017,,,LT-9m-PCC,W-51,560078,KSPDB-SD07-D-0017-1042
P-001043,12.980735,77.594609,F-07-05,D-0017,,,LT-8m-PCC,W-15,560078,KSPDB-SD07-D-0017-1043
P-001044,12.980522,77.594611,F-07-05,D-0017,,,LT-9m-PCC,W-37,560078,KSPDB-SD07-D-0017-1044
P-001045,12.980918,77.59474,F-07-05,D-0017,,,LT-8m-Steel,W-87,560078,KSPDB-SD07-D-0017-1045
P-001046,12.980556,77.594502,F-07-05,D-0017,,,LT-8m-PCC,W-84,560078,KSPDB-SD07-D-0017-1046
P-001047,12.980371,77.594572,F-07-05,D-0017,,,LT-9m-PCC,W-95,560078,KSPDB-SD07-D-0017-1047
P-001048,12.980672,77.594404,F-07-05,D-0017,,,LT-8m-Steel,W-69,560078,KSPDB-SD07-D-0017-1048
P-001049,12.98082,77.594728,F-07-05,D-0017,,,LT-9m-PCC,W-18,560078,KSPDB-SD07-D-0017-1049
P-001050,12.980749,77.594586,F-07-05,D-0017,,,LT-9m-PCC,W-66,560078,KSPDB-SD07-D-0017-1050
P-001051,12.980571,77.594362,F-07-05,D-0017,,,LT-9m-PCC,W-64,560078,KSPDB-SD07-D-0017-1051
P-001052,12.980638,77.594683,F-07-05,D-0017,,,LT-8m-PCC,W-77,560078,KSPDB-SD07-D-0017-1052
P-001053,12.980825,77.594403,F-07-05,D-0017,,,LT-8m-Steel,W-13,560078,KSPDB-SD07-D-0017-1053
P-001054,12.980997,77.59464,F-07-05,D-0017,,,LT-8m-PCC,W-62,560078,KSPDB-SD07-D-0017-1054
P-001055,12.980924,77.594338,F-07-05,D-0017,,,LT-9m-PCC,W-98,560078,KSPDB-SD07-D-0017-1055
P-001056,12.980761,77.594336,F-07-05,D-0017,,,LT-8m-PCC,W-54,560078,KSPDB-SD07-D-0017-1056
P-001057,12.980645,77.594144,F-07-05,D-0017,,,LT-9m-PCC,W-71,560078,KSPDB-SD07-D-0017-1057
P-001058,12.980584,77.594302,F-07-05,D-0017,,,LT-8m-PCC,W-75,560078,KSPDB-SD07-D-0017-1058
P-001059,12.980769,77.594263,F-07-05,D-0017,,,LT-8m-PCC,W-66,560078,KSPDB-SD07-D-0017-1059
P-001060,12.980808,77.594057,F-07-05,D-0017,,,LT-9m-PCC,W-10,560078,KSPDB-SD07-D-0017-1060
P-001061,12.980688,77.593971,F-07-05,D-0017,,,LT-8m-Steel,W-20,560078,KSPDB-SD07-D-0017-1061
P-001062,12.98071,77.593939,F-07-05,D-0017,,,LT-8m-PCC,W-32,560078,KSPDB-SD07-D-0017-1062
P-001063,12.980446,77.59445,F-07-05,D-0017,,,LT-8m-PCC,W-90,560078,KSPDB-SD07-D-0017-1063
P-001064,12.98071,77.59394,F-07-05,D-0017,,,LT-8m-Steel,W-41,560078,KSPDB-SD07-D-0017-1064
P-001065,12.98059,77.593978,F-07-05,D-0017,,,LT-8m-PCC,W-71,560078,KSPDB-SD07-D-0017-1065
P-001066,12.980762,77.593939,F-07-05,D-0017,,,LT-8m-Steel,W-27,560078,KSPDB-SD07-D-0017-1066
P-001067,12.980552,77.594465,F-07-05,D-0017,,,LT-8m-Steel,W-89,560078,
P-001068,12.980419,77.593964,F-07-05,D-0017,,,LT-9m-PCC,W-25,560078,KSPDB-SD07-D-0017-1068
P-001069,12.98051,77.593809,F-07-05,D-0017,,,LT-9m-PCC,W-33,,
P-001070,12.980811,77.593984,F-07-05,D-0017,,,LT-8m-PCC,W-62,560078,KSPDB-SD07-D-0017-1070
P-001071,12.98091,77.593875,F-07-05,D-0017,,,LT-8m-PCC,W-30,560078,KSPDB-SD07-D-0017-1071
P-001072,12.98037,77.594632,F-07-05,D-0017,,,LT-8m-PCC,W-78,560078,KSPDB-SD07-D-0017-1072
P-001073,12.980526,77.594136,F-07-05,D-0017,,,LT-8m-Steel,W-13,560078,KSPDB-SD07-D-0017-1073
P-001074,12.98077,77.593879,F-07-05,D-0017,,,LT-8m-PCC,W-87,560078,KSPDB-SD07-D-0017-1074
P-001075,12.98034,77.594031,F-07-05,D-0017,,,LT-9m-PCC,W-32,560078,KSPDB-SD07-D-0017-1075
P-001076,12.980561,77.594062,F-07-05,D-0017,,,LT-8m-PCC,W-76,560078,KSPDB-SD07-D-0017-1076
P-001077,12.980774,77.594068,F-07-05,D-0017,,,LT-8m-PCC,W-14,560078,KSPDB-SD07-D-0017-1077
P-001078,12.98047,77.593872,F-07-05,D-0017,,,LT-8m-Steel,W-75,560078,KSPDB-SD07-D-0017-1078
P-001079,12.980699,77.594032,F-07-05,D-0017,,,LT-8m-PCC,W-91,560078,KSPDB-SD07-D-0017-1079
P-001080,12.980559,77.594233,F-07-05,D-0017,,,LT-8m-PCC,W-49,560078,
P-001081,12.980706,77.594007,F-07-05,D-0017,,,LT-8m-Steel,W-51,560078,KSPDB-SD07-D-0017-1081
P-001082,12.980599,77.593902,F-07-05,D-0017,,,LT-8m-PCC,W-85,560078,KSPDB-SD07-D-0017-1082
P-001083,12.980368,77.59379,F-07-05,D-0017,,,LT-8m-PCC,W-80,,KSPDB-SD07-D-0017-1083
P-001084,12.980559,77.594241,F-07-05,D-0017,,,LT-8m-PCC,W-49,560078,KSPDB-SD07-D-0017-1084
P-001085,12.980804,77.594131,F-07-05,D-0017,,,LT-8m-PCC,W-75,560078,KSPDB-SD07-D-0017-1085
P-001086,12.980426,77.593848,F-07-05,D-0017,,,LT-9m-PCC,W-26,560078,KSPDB-SD07-D-0017-1086
P-001087,12.980583,77.594335,F-07-05,D-0017,,,LT-8m-PCC,W-92,560078,KSPDB-SD07-D-0017-1087
P-001088,12.980196,77.593597,F-07-05,D-0017,,,LT-9m-PCC,W-28,560078,KSPDB-SD07-D-0017-1088
P-001089,12.98071,77.594214,F-07-05,D-0017,,,LT-8m-PCC,W-18,560078,KSPDB-SD07-D-0017-1089
P-001090,12.980808,77.594222,F-07-05,D-0017,,,LT-9m-PCC,W-38,560078,
P-001091,12.980982,77.594391,F-07-05,D-0017,,,LT-9m-PCC,W-87,560078,KSPDB-SD07-D-0017-1091
P-001092,12.980956,77.594056,F-07-05,D-0017,,,LT-8m-Steel,W-50,560078,KSPDB-SD07-D-0017-1092
P-001093,12.980792,77.594208,F-07-05,D-0017,,,LT-8m-PCC,W-55,560078,
P-001094,12.980876,77.594032,F-07-05,D-0017,,,LT-8m-PCC,W-35,560078,KSPDB-SD07-D-0017-1094
P-001095,12.980987,77.594162,F-07-05,D-0017,,,LT-9m-PCC,W-38,560078,KSPDB-SD07-D-0017-1095
P-001096,12.980841,77.593967,F-07-05,D-0017,,,LT-8m-PCC,W-98,560078,KSPDB-SD07-D-0017-1096
P-001097,12.98065,77.59428,F-07-05,D-0017,,,LT-9m-PCC,W-75,560078,KSPDB-SD07-D-0017-1097
P-001098,12.980617,77.594276,F-07-05,D-0017,,,LT-8m-Steel,W-82,560078,KSPDB-SD07-D-0017-1098
P-001099,12.980676,77.594127,F-07-05,D-0017,,,LT-8m-Steel,W-58,560078,KSPDB-SD07-D-0017-1099
P-001100,12.981077,77.594131,F-07-05,D-0017,,,LT-8m-PCC,W-40,560078,KSPDB-SD07-D-0017-1100
P-001101,12.980968,77.59411,F-07-05,D-0017,,,LT-8m-PCC,W-55,560078,KSPDB-SD07-D-0017-1101
P-001102,12.980999,77.594061,F-07-05,D-0017,,,LT-8m-Steel,W-12,560078,KSPDB-SD07-D-0017-1102
P-001103,12.980853,77.594299,F-07-05,D-0017,,,LT-8m-PCC,W-18,560078,KSPDB-SD07-D-0017-1103
P-001104,12.981042,77.593868,F-07-05,D-0017,,,LT-8m-Steel,W-97,560078,KSPDB-SD07-D-0017-1104
P-001105,12.981,77.594063,F-07-05,D-0017,,,LT-9m-PCC,W-54,560078,KSPDB-SD07-D-0017-1105
P-001106,12.980693,77.594186,F-07-05,D-0017,,,LT-9m-PCC,W-53,,KSPDB-SD07-D-0017-1106
P-001107,12.98109,77.593768,F-07-05,D-0017,,,LT-9m-PCC,W-49,560078,KSPDB-SD07-D-0017-1107
P-001108,12.980898,77.594429,F-07-05,D-0017,,,LT-9m-PCC,W-39,560078,KSPDB-SD07-D-0017-1108
P-001109,12.981089,77.593701,F-07-05,D-0017,,,LT-9m-PCC,W-19,560078,KSPDB-SD07-D-0017-1109
P-001110,12.98109,77.593615,F-07-05,D-0017,,,LT-8m-Steel,W-63,560078,KSPDB-SD07-D-0017-1110
P-001111,12.980851,77.594259,F-07-05,D-0017,,,LT-9m-PCC,W-87,560078,KSPDB-SD07-D-0017-1111
P-001112,12.981201,77.593496,F-07-05,D-0017,,,LT-9m-PCC,W-93,560078,KSPDB-SD07-D-0017-1112
P-001113,12.98138,77.593329,F-07-05,D-0017,,,LT-8m-PCC,W-35,560078,KSPDB-SD07-D-0017-1113
P-001114,12.981207,77.593731,F-07-05,D-0017,,,LT-8m-Steel,W-66,560078,KSPDB-SD07-D-0017-1114
P-001115,12.981028,77.593624,F-07-05,D-0017,,,LT-8m-Steel,W-76,560078,KSPDB-SD07-D-0017-1115
P-001116,12.981159,77.593924,F-07-05,D-0017,,,LT-8m-Steel,W-51,560078,KSPDB-SD07-D-0017-1116
P-001117,12.981377,77.593694,F-07-05,D-0017,,,LT-8m-PCC,W-94,560078,KSPDB-SD07-D-0017-1117
P-001118,12.981537,77.593853,F-07-05,D-0017,,,LT-8m-Steel,W-35,560078,KSPDB-SD07-D-0017-1118
P-001119,12.981068,77.593553,F-07-05,D-0017,,,LT-8m-Steel,W-64,560078,KSPDB-SD07-D-0017-1119
P-001120,12.981403,77.593712,F-07-05,D-0017,,,LT-8m-Steel,W-63,560078,KSPDB-SD07-D-0017-1120
P-001121,12.981089,77.593373,F-07-05,D-0017,,,LT-8m-PCC,W-79,560078,KSPDB-SD07-D-0017-1121
P-001122,12.957644,77.595242,F-07-04,D-0018,,,LT-8m-PCC,W-27,560078,KSPDB-SD07-D-0018-1122
P-001123,12.957512,77.595431,F-07-04,D-0018,,,LT-9m-PCC,W-35,560078,KSPDB-SD07-D-0018-1123
P-001124,12.957346,77.595364,F-07-04,D-0018,,,LT-8m-PCC,W-86,560078,KSPDB-SD07-D-0018-1124
P-001125,12.957649,77.59527,F-07-04,D-0018,,,LT-8m-PCC,W-85,560078,KSPDB-SD07-D-0018-1125
P-001126,12.957195,77.595213,F-07-04,D-0018,,,LT-9m-PCC,W-76,560078,KSPDB-SD07-D-0018-1126
P-001127,12.957053,77.595308,F-07-04,D-0018,,,LT-8m-PCC,W-83,560078,KSPDB-SD07-D-0018-1127
P-001128,12.957363,77.595139,F-07-04,D-0018,,,LT-8m-PCC,W-53,560078,KSPDB-SD07-D-0018-1128
P-001129,12.95742,77.595488,F-07-04,D-0018,,,LT-8m-PCC,W-63,560078,KSPDB-SD07-D-0018-1129
P-001130,12.956885,77.595367,F-07-04,D-0018,,,LT-8m-PCC,W-32,560078,KSPDB-SD07-D-0018-1130
P-001131,12.956921,77.595328,F-07-04,D-0018,,,LT-8m-PCC,W-81,560078,KSPDB-SD07-D-0018-1131
P-001132,12.957093,77.595469,F-07-04,D-0018,,,LT-9m-PCC,W-43,560078,KSPDB-SD07-D-0018-1132
P-001133,12.957108,77.595352,F-07-04,D-0018,,,LT-8m-Steel,W-78,560078,KSPDB-SD07-D-0018-1133
P-001134,12.956692,77.595535,F-07-04,D-0018,,,LT-8m-PCC,W-76,560078,KSPDB-SD07-D-0018-1134
P-001135,12.956961,77.595364,F-07-04,D-0018,,,LT-8m-PCC,W-48,560078,KSPDB-SD07-D-0018-1135
P-001136,12.957155,77.595528,F-07-04,D-0018,,,LT-8m-PCC,W-61,560078,KSPDB-SD07-D-0018-1136
P-001137,12.957103,77.595365,F-07-04,D-0018,,,LT-8m-PCC,W-70,560078,KSPDB-SD07-D-0018-1137
P-001138,12.956945,77.595479,F-07-04,D-0018,,,LT-9m-PCC,W-18,560078,KSPDB-SD07-D-0018-1138
P-001139,12.95709,77.595562,F-07-04,D-0018,,,LT-8m-Steel,W-93,560078,
P-001140,12.956928,77.59542,F-07-04,D-0018,,,LT-9m-PCC,W-69,560078,KSPDB-SD07-D-0018-1140
P-001141,12.956903,77.59541,F-07-04,D-0018,,,LT-8m-PCC,W-66,560078,KSPDB-SD07-D-0018-1141
P-001142,12.956863,77.595529,F-07-04,D-0018,,,LT-8m-PCC,W-60,560078,KSPDB-SD07-D-0018-1142
P-001143,12.956931,77.59552,F-07-04,D-0018,,,LT-8m-Steel,W-61,560078,KSPDB-SD07-D-0018-1143
P-001144,12.957103,77.595391,F-07-04,D-0018,,,LT-8m-PCC,W-40,560078,KSPDB-SD07-D-0018-1144
P-001145,12.956979,77.595508,F-07-04,D-0018,,,LT-9m-PCC,W-85,560078,
P-001146,12.957157,77.595252,F-07-04,D-0018,,,LT-9m-PCC,W-48,560078,KSPDB-SD07-D-0018-1146
P-001147,12.957031,77.595599,F-07-04,D-0018,,,LT-8m-Steel,W-77,560078,KSPDB-SD07-D-0018-1147
P-001148,12.956998,77.595204,F-07-04,D-0018,,,LT-8m-Steel,W-19,560078,KSPDB-SD07-D-0018-1148
P-001149,12.957088,77.595487,F-07-04,D-0018,,,LT-8m-Steel,W-65,560078,KSPDB-SD07-D-0018-1149
P-001150,12.956924,77.595678,F-07-04,D-0018,,,LT-8m-Steel,W-11,560078,KSPDB-SD07-D-0018-1150
P-001151,12.956895,77.595675,F-07-04,D-0018,,,LT-8m-PCC,W-28,560078,KSPDB-SD07-D-0018-1151
P-001152,12.957078,77.595789,F-07-04,D-0018,,,LT-8m-Steel,W-55,560078,
P-001153,12.957009,77.595787,F-07-04,D-0018,,,LT-8m-PCC,W-75,560078,KSPDB-SD07-D-0018-1153
P-001154,12.956859,77.595828,F-07-04,D-0018,,,LT-8m-PCC,W-38,560078,KSPDB-SD07-D-0018-1154
P-001155,12.956925,77.595807,F-07-04,D-0018,,,LT-8m-Steel,W-23,560078,KSPDB-SD07-D-0018-1155
P-001156,12.957009,77.595751,F-07-04,D-0018,,,LT-8m-Steel,W-44,560078,KSPDB-SD07-D-0018-1156
P-001157,12.956785,77.595736,F-07-04,D-0018,,,LT-8m-Steel,W-56,560078,KSPDB-SD07-D-0018-1157
P-001158,12.957013,77.5958,F-07-04,D-0018,,,LT-8m-PCC,W-41,560078,KSPDB-SD07-D-0018-1158
P-001159,12.9568,77.595937,F-07-04,D-0018,,,LT-8m-Steel,W-24,560078,KSPDB-SD07-D-0018-1159
P-001160,12.956886,77.595628,F-07-04,D-0018,,,LT-8m-Steel,W-22,560078,KSPDB-SD07-D-0018-1160
P-001161,12.956846,77.595761,F-07-04,D-0018,,,LT-8m-PCC,W-68,560078,KSPDB-SD07-D-0018-1161
P-001162,12.956809,77.595753,F-07-04,D-0018,,,LT-8m-PCC,W-81,560078,
P-001163,12.956936,77.59556,F-07-04,D-0018,,,LT-8m-PCC,W-47,560078,KSPDB-SD07-D-0018-1163
P-001164,12.956851,77.595677,F-07-04,D-0018,,,LT-8m-Steel,W-91,560078,KSPDB-SD07-D-0018-1164
P-001165,12.956754,77.595801,F-07-04,D-0018,,,LT-9m-PCC,W-16,560078,KSPDB-SD07-D-0018-1165
P-001166,12.956884,77.595816,F-07-04,D-0018,,,LT-9m-PCC,W-69,,KSPDB-SD07-D-0018-1166
P-001167,12.957025,77.595561,F-07-04,D-0018,,,LT-9m-PCC,W-89,560078,KSPDB-SD07-D-0018-1167
P-001168,12.956874,77.595692,F-07-04,D-0018,,,LT-9m-PCC,W-18,560078,KSPDB-SD07-D-0018-1168
P-001169,12.957166,77.595483,F-07-04,D-0018,,,LT-9m-PCC,W-37,560078,KSPDB-SD07-D-0018-1169
P-001170,12.956969,77.595842,F-07-04,D-0018,,,LT-8m-PCC,W-67,560078,KSPDB-SD07-D-0018-1170
P-001171,12.957253,77.595646,F-07-04,D-0018,,,LT-9m-PCC,W-52,560078,KSPDB-SD07-D-0018-1171
P-001172,12.95719,77.595485,F-07-04,D-0018,,,LT-8m-PCC,W-79,560078,KSPDB-SD07-D-0018-1172
P-001173,12.957056,77.595862,F-07-04,D-0018,,,LT-9m-PCC,W-30,560078,KSPDB-SD07-D-0018-1173
P-001174,12.957184,77.595306,F-07-04,D-0018,,,LT-9m-PCC,W-15,560078,KSPDB-SD07-D-0018-1174
P-001175,12.957146,77.595552,F-07-04,D-0018,,,LT-9m-PCC,W-30,560078,KSPDB-SD07-D-0018-1175
P-001176,12.957309,77.595381,F-07-04,D-0018,,,LT-8m-PCC,W-58,560078,KSPDB-SD07-D-0018-1176
P-001177,12.957047,77.595278,F-07-04,D-0018,,,LT-9m-PCC,W-91,560078,
P-001178,12.95725,77.596007,F-07-04,D-0018,,,LT-8m-PCC,W-94,560078,KSPDB-SD07-D-0018-1178
P-001179,12.956972,77.595156,F-07-04,D-0018,,,LT-9m-PCC,W-41,560078,KSPDB-SD07-D-0018-1179
P-001180,12.957327,77.595541,F-07-04,D-0018,,,LT-8m-Steel,W-29,560078,KSPDB-SD07-D-0018-1180
P-001181,12.9574,77.595504,F-07-04,D-0018,,,LT-8m-PCC,W-70,560078,KSPDB-SD07-D-0018-1181
P-001182,12.957494,77.595694,F-07-04,D-0018,,,LT-9m-PCC,W-42,,
P-001183,12.957152,77.595463,F-07-04,D-0018,,,LT-8m-PCC,W-35,560078,KSPDB-SD07-D-0018-1183
P-001184,12.957445,77.59584,F-07-04,D-0018,,,LT-9m-PCC,W-53,560078,KSPDB-SD07-D-0018-1184
P-001185,12.957229,77.595445,F-07-04,D-0018,,,LT-8m-PCC,W-86,560078,KSPDB-SD07-D-0018-1185
P-001186,12.957402,77.595279,F-07-04,D-0018,,,LT-9m-PCC,W-26,560078,KSPDB-SD07-D-0018-1186
P-001187,12.957471,77.595121,F-07-04,D-0018,,,LT-9m-PCC,W-11,560078,KSPDB-SD07-D-0018-1187
P-001188,12.957629,77.595173,F-07-04,D-0018,,,LT-8m-Steel,W-48,560078,KSPDB-SD07-D-0018-1188
P-001189,12.957538,77.595296,F-07-04,D-0018,,,LT-9m-PCC,W-27,560078,KSPDB-SD07-D-0018-1189
P-001190,12.957085,77.595385,F-07-04,D-0018,,,LT-9m-PCC,W-93,560078,KSPDB-SD07-D-0018-1190
P-001191,12.957528,77.59525,F-07-04,D-0018,,,LT-8m-Steel,W-12,560078,KSPDB-SD07-D-0018-1191
P-001192,12.95707,77.595341,F-07-04,D-0018,,,LT-8m-PCC,W-10,560078,KSPDB-SD07-D-0018-1192
P-001193,12.976398,77.607916,F-07-05,D-0019,,,LT-8m-PCC,W-42,560078,KSPDB-SD07-D-0019-1193
P-001194,12.976509,77.607934,F-07-05,D-0019,,,LT-8m-Steel,W-83,560078,KSPDB-SD07-D-0019-1194
P-001195,12.976497,77.607743,F-07-05,D-0019,,,LT-9m-PCC,W-31,,KSPDB-SD07-D-0019-1195
P-001196,12.976445,77.608009,F-07-05,D-0019,,,LT-9m-PCC,W-82,560078,KSPDB-SD07-D-0019-1196
P-001197,12.976536,77.608015,F-07-05,D-0019,,,LT-8m-PCC,W-88,560078,KSPDB-SD07-D-0019-1197
P-001198,12.976333,77.607853,F-07-05,D-0019,,,LT-8m-PCC,W-54,560078,KSPDB-SD07-D-0019-1198
P-001199,12.976501,77.607743,F-07-05,D-0019,,,LT-8m-PCC,W-41,560078,KSPDB-SD07-D-0019-1199
P-001200,12.976548,77.60794,F-07-05,D-0019,,,LT-9m-PCC,W-43,560078,KSPDB-SD07-D-0019-1200
P-001201,12.976359,77.607702,F-07-05,D-0019,,,LT-8m-PCC,W-98,560078,KSPDB-SD07-D-0019-1201
P-001202,12.976496,77.607892,F-07-05,D-0019,,,LT-8m-PCC,W-38,560078,KSPDB-SD07-D-0019-1202
P-001203,12.976428,77.607758,F-07-05,D-0019,,,LT-9m-PCC,W-40,560078,KSPDB-SD07-D-0019-1203
P-001204,12.976426,77.607804,F-07-05,D-0019,,,LT-8m-PCC,W-21,560078,
P-001205,12.976344,77.607934,F-07-05,D-0019,,,LT-9m-PCC,W-78,560078,KSPDB-SD07-D-0019-1205
P-001206,12.976477,77.607767,F-07-05,D-0019,,,LT-8m-PCC,W-45,560078,KSPDB-SD07-D-0019-1206
P-001207,12.976438,77.607892,F-07-05,D-0019,,,LT-8m-Steel,W-81,560078,KSPDB-SD07-D-0019-1207
P-001208,12.976601,77.60781,F-07-05,D-0019,,,LT-8m-PCC,W-15,560078,KSPDB-SD07-D-0019-1208
P-001209,12.976367,77.608011,F-07-05,D-0019,,,LT-8m-Steel,W-54,560078,KSPDB-SD07-D-0019-1209
P-001210,12.976592,77.607946,F-07-05,D-0019,,,LT-9m-PCC,W-22,560078,KSPDB-SD07-D-0019-1210
P-001211,12.976727,77.607658,F-07-05,D-0019,,,LT-8m-Steel,W-19,560078,KSPDB-SD07-D-0019-1211
P-001212,12.97646,77.608094,F-07-05,D-0019,,,LT-8m-PCC,W-71,560078,KSPDB-SD07-D-0019-1212
P-001213,12.976668,77.607502,F-07-05,D-0019,,,LT-8m-PCC,W-36,560078,KSPDB-SD07-D-0019-1213
P-001214,12.976253,77.607979,F-07-05,D-0019,,,LT-8m-Steel,W-31,560078,KSPDB-SD07-D-0019-1214
P-001215,12.976906,77.607536,F-07-05,D-0019,,,LT-9m-PCC,W-95,560078,KSPDB-SD07-D-0019-1215
P-001216,12.976924,77.607531,F-07-05,D-0019,,,LT-9m-PCC,W-38,560078,KSPDB-SD07-D-0019-1216
P-001217,12.976971,77.607619,F-07-05,D-0019,,,LT-8m-Steel,W-48,560078,KSPDB-SD07-D-0019-1217
P-001218,12.976298,77.607893,F-07-05,D-0019,,,LT-8m-PCC,W-32,560078,
P-001219,12.976104,77.607796,F-07-05,D-0019,,,LT-8m-Steel,W-43,560078,KSPDB-SD07-D-0019-1219
P-001220,12.976717,77.607389,F-07-05,D-0019,,,LT-8m-PCC,W-38,560078,KSPDB-SD07-D-0019-1220
P-001221,12.976212,77.607963,F-07-05,D-0019,,,LT-8m-Steel,W-35,560078,KSPDB-SD07-D-0019-1221
P-001222,12.976841,77.60738,F-07-05,D-0019,,,LT-8m-PCC,W-67,560078,KSPDB-SD07-D-0019-1222
P-001223,12.97637,77.607985,F-07-05,D-0019,,,LT-8m-Steel,W-71,560078,KSPDB-SD07-D-0019-1223
P-001224,12.976937,77.607446,F-07-05,D-0019,,,LT-8m-PCC,W-35,560078,KSPDB-SD07-D-0019-1224
P-001225,12.976547,77.608126,F-07-05,D-0019,,,LT-8m-PCC,W-23,560078,KSPDB-SD07-D-0019-1225
P-001226,12.976404,77.608047,F-07-05,D-0019,,,LT-8m-PCC,W-68,560078,KSPDB-SD07-D-0019-1226
P-001227,12.976837,77.607449,F-07-05,D-0019,,,LT-8m-PCC,W-52,560078,
P-001228,12.976932,77.607429,F-07-05,D-0019,,,LT-8m-Steel,W-10,560078,KSPDB-SD07-D-0019-1228
P-001229,12.976345,77.608004,F-07-05,D-0019,,,LT-9m-PCC,W-35,560078,KSPDB-SD07-D-0019-1229
P-001230,12.976187,77.608107,F-07-05,D-0019,,,LT-9m-PCC,W-97,560078,KSPDB-SD07-D-0019-1230
P-001231,12.976472,77.608036,F-07-05,D-0019,,,LT-8m-PCC,W-88,560078,KSPDB-SD07-D-0019-1231
P-001232,12.97629,77.607966,F-07-05,D-0019,,,LT-8m-Steel,W-24,560078,KSPDB-SD07-D-0019-1232
P-001233,12.976337,77.608028,F-07-05,D-0019,,,LT-9m-PCC,W-31,560078,KSPDB-SD07-D-0019-1233
P-001234,12.976575,77.608119,F-07-05,D-0019,,,LT-9m-PCC,W-96,560078,KSPDB-SD07-D-0019-1234
P-001235,12.976368,77.608229,F-07-05,D-0019,,,LT-8m-PCC,W-78,560078,KSPDB-SD07-D-0019-1235
P-001236,12.97656,77.608094,F-07-05,D-0019,,,LT-8m-PCC,W-82,560078,KSPDB-SD07-D-0019-1236
P-001237,12.976423,77.608138,F-07-05,D-0019,,,LT-8m-PCC,W-32,560078,KSPDB-SD07-D-0019-1237
P-001238,12.976439,77.60814,F-07-05,D-0019,,,LT-9m-PCC,W-80,560078,KSPDB-SD07-D-0019-1238
P-001239,12.976442,77.607975,F-07-05,D-0019,,,LT-8m-PCC,W-83,560078,KSPDB-SD07-D-0019-1239
P-001240,12.97675,77.607935,F-07-05,D-0019,,,LT-8m-Steel,W-49,560078,KSPDB-SD07-D-0019-1240
P-001241,12.97657,77.608069,F-07-05,D-0019,,,LT-9m-PCC,W-97,560078,KSPDB-SD07-D-0019-1241
P-001242,12.976498,77.608132,F-07-05,D-0019,,,LT-8m-PCC,W-25,560078,KSPDB-SD07-D-0019-1242
P-001243,12.976483,77.608339,F-07-05,D-0019,,,LT-8m-PCC,W-81,560078,KSPDB-SD07-D-0019-1243
P-001244,12.976256,77.608118,F-07-05,D-0019,,,LT-8m-Steel,W-51,,KSPDB-SD07-D-0019-1244
P-001245,12.97626,77.608103,F-07-05,D-0019,,,LT-9m-PCC,W-37,560078,KSPDB-SD07-D-0019-1245
P-001246,12.976207,77.60827,F-07-05,D-0019,,,LT-9m-PCC,W-33,560078,KSPDB-SD07-D-0019-1246
P-001247,12.976277,77.607956,F-07-05,D-0019,,,LT-8m-PCC,W-49,560078,KSPDB-SD07-D-0019-1247
P-001248,12.976446,77.608154,F-07-05,D-0019,,,LT-8m-PCC,W-93,560078,KSPDB-SD07-D-0019-1248
P-001249,12.976229,77.607916,F-07-05,D-0019,,,LT-8m-PCC,W-81,560078,KSPDB-SD07-D-0019-1249
P-001250,12.976255,77.60774,F-07-05,D-0019,,,LT-9m-PCC,W-26,560078,KSPDB-SD07-D-0019-1250
P-001251,12.976403,77.608147,F-07-05,D-0019,,,LT-9m-PCC,W-22,560078,KSPDB-SD07-D-0019-1251
P-001252,12.976079,77.607918,F-07-05,D-0019,,,LT-8m-Steel,W-56,560078,KSPDB-SD07-D-0019-1252
P-001253,12.982146,77.592294,F-07-01,D-0020,1,,LT-8m-PCC,W-76,560078,KSPDB-SD07-D-0020-1253
P-001254,12.981964,77.592203,F-07-01,D-0020,2,P-001253,LT-8m-PCC,W-46,560078,KSPDB-SD07-D-0020-1254
P-001255,12.982216,77.592396,F-07-01,D-0020,2,P-001253,LT-8m-PCC,W-98,560078,KSPDB-SD07-D-0020-1255
P-001256,12.982331,77.592588,F-07-01,D-0020,3,P-001255,LT-8m-Steel,W-78,560078,KSPDB-SD07-D-0020-1256
P-001257,12.982163,77.592509,F-07-01,D-0020,3,P-001255,LT-9m-PCC,W-74,560078,KSPDB-SD07-D-0020-1257
P-001258,12.982377,77.592483,F-07-01,D-0020,3,P-001255,LT-8m-Steel,W-60,560078,KSPDB-SD07-D-0020-1258
P-001259,12.982236,77.592454,F-07-01,D-0020,4,P-001256,LT-8m-Steel,W-70,560078,KSPDB-SD07-D-0020-1259
P-001260,12.981968,77.592358,F-07-01,D-0020,4,P-001257,LT-8m-PCC,W-10,560078,
P-001261,12.982088,77.592244,F-07-01,D-0020,5,P-001260,LT-9m-PCC,W-98,560078,
P-001262,12.982067,77.592404,F-07-01,D-0020,5,P-001260,LT-8m-Steel,W-51,560078,KSPDB-SD07-D-0020-1262
P-001263,12.981985,77.592588,F-07-01,D-0020,6,P-001262,LT-8m-Steel,W-10,560078,KSPDB-SD07-D-0020-1263
P-001264,12.982062,77.59249,F-07-01,D-0020,5,P-001259,LT-8m-Steel,W-82,560078,KSPDB-SD07-D-0020-1264
P-001265,12.981949,77.592534,F-07-01,D-0020,6,P-001262,LT-9m-PCC,W-93,560078,KSPDB-SD07-D-0020-1265
P-001266,12.98195,77.592662,F-07-01,D-0020,7,P-001265,LT-8m-PCC,W-47,560078,KSPDB-SD07-D-0020-1266
P-001267,12.982056,77.592413,F-07-01,D-0020,7,P-001265,LT-8m-Steel,W-13,,KSPDB-SD07-D-0020-1267
P-001268,12.982249,77.59242,F-07-01,D-0020,8,P-001267,LT-8m-PCC,W-65,560078,KSPDB-SD07-D-0020-1268
P-001269,12.982168,77.592362,F-07-01,D-0020,9,P-001268,LT-8m-PCC,W-98,560078,KSPDB-SD07-D-0020-1269
P-001270,12.981831,77.592774,F-07-01,D-0020,8,P-001266,LT-9m-PCC,W-37,560078,KSPDB-SD07-D-0020-1270
P-001271,12.982147,77.59243,F-07-01,D-0020,9,P-001268,LT-8m-Steel,W-18,560078,KSPDB-SD07-D-0020-1271
P-001272,12.982171,77.592492,F-07-01,D-0020,10,P-001271,LT-9m-PCC,W-69,560078,KSPDB-SD07-D-0020-1272
P-001273,12.982118,77.592298,F-07-01,D-0020,9,P-001268,LT-8m-Steel,W-71,560078,KSPDB-SD07-D-0020-1273
P-001274,12.981992,77.592751,F-07-01,D-0020,9,P-001270,LT-8m-Steel,W-93,560078,KSPDB-SD07-D-0020-1274
P-001275,12.982065,77.592629,F-07-01,D-0020,10,P-001271,LT-8m-Steel,W-17,560078,KSPDB-SD07-D-0020-1275
P-001276,12.982207,77.592221,F-07-01,D-0020,10,P-001273,LT-8m-PCC,W-86,560078,KSPDB-SD07-D-0020-1276
P-001277,12.982137,77.59251,F-07-01,D-0020,11,P-001272,LT-8m-PCC,W-13,560078,KSPDB-SD07-D-0020-1277
P-001278,12.981868,77.592888,F-07-01,D-0020,10,P-001274,LT-8m-Steel,W-49,560078,KSPDB-SD07-D-0020-1278
P-001279,12.98193,77.592935,F-07-01,D-0020,11,P-001278,LT-8m-PCC,W-17,560078,KSPDB-SD07-D-0020-1279
P-001280,12.982323,77.592225,F-07-01,D-0020,11,P-001276,LT-9m-PCC,W-21,560078,KSPDB-SD07-D-0020-1280
P-001281,12.981939,77.592989,F-07-01,D-0020,11,P-001278,LT-8m-Steel,W-63,560078,KSPDB-SD07-D-0020-1281
P-001282,12.982013,77.592874,F-07-01,D-0020,11,P-001278,LT-8m-PCC,W-67,560078,KSPDB-SD07-D-0020-1282
P-001283,12.982018,77.593023,F-07-01,D-0020,11,P-001278,LT-9m-PCC,W-82,560078,KSPDB-SD07-D-0020-1283
P-001284,12.981834,77.592839,F-07-01,D-0020,12,P-001283,LT-8m-PCC,W-97,560078,
P-001285,12.981977,77.592995,F-07-01,D-0020,12,P-001281,LT-8m-PCC,W-94,560078,KSPDB-SD07-D-0020-1285
P-001286,12.981974,77.592862,F-07-01,D-0020,13,P-001284,LT-8m-PCC,W-57,560078,KSPDB-SD07-D-0020-1286
P-001287,12.981917,77.592854,F-07-01,D-0020,12,P-001283,LT-9m-PCC,W-70,560078,KSPDB-SD07-D-0020-1287
P-001288,12.981878,77.593056,F-07-01,D-0020,12,P-001283,LT-8m-PCC,W-33,560078,KSPDB-SD07-D-0020-1288
P-001289,12.981692,77.593039,F-07-01,D-0020,13,P-001284,LT-9m-PCC,W-24,560078,KSPDB-SD07-D-0020-1289
P-001290,12.981574,77.593237,F-07-01,D-0020,14,P-001289,LT-8m-PCC,W-77,560078,KSPDB-SD07-D-0020-1290
P-001291,12.982091,77.592819,F-07-01,D-0020,14,P-001286,LT-8m-PCC,W-32,560078,KSPDB-SD07-D-0020-1291
P-001292,12.981932,77.592802,F-07-01,D-0020,13,P-001287,LT-8m-PCC,W-57,560078,KSPDB-SD07-D-0020-1292
P-001293,12.982081,77.592667,F-07-01,D-0020,15,P-001291,LT-9m-PCC,W-32,560078,KSPDB-SD07-D-0020-1293
P-001294,12.98182,77.592924,F-07-01,D-0020,14,P-001289,LT-9m-PCC,W-44,560078,KSPDB-SD07-D-0020-1294
P-001295,12.981977,77.592945,F-07-01,D-0020,15,P-001294,LT-9m-PCC,W-86,560078,KSPDB-SD07-D-0020-1295
P-001296,12.981976,77.592924,F-07-01,D-0020,15,P-001291,LT-9m-PCC,W-94,560078,KSPDB-SD07-D-0020-1296
P-001297,12.981933,77.592652,F-07-01,D-0020,14,P-001292,LT-8m-PCC,W-92,560078,
P-001298,12.98188,77.592551,F-07-01,D-0020,15,P-001297,LT-9m-PCC,W-28,560078,
P-001299,12.981902,77.593099,F-07-01,D-0020,16,P-001296,LT-8m-PCC,W-73,560078,KSPDB-SD07-D-0020-1299
P-001300,12.981939,77.592562,F-07-01,D-0020,16,P-001298,LT-9m-PCC,W-75,560078,KSPDB-SD07-D-0020-1300
P-001301,12.981932,77.59299,F-07-01,D-0020,17,P-001299,LT-9m-PCC,W-48,560078,KSPDB-SD07-D-0020-1301
P-001302,12.981936,77.592984,F-07-01,D-0020,17,P-001299,LT-9m-PCC,W-22,560078,KSPDB-SD07-D-0020-1302
P-001303,12.981935,77.592899,F-07-01,D-0020,18,P-001302,LT-8m-Steel,W-84,560078,KSPDB-SD07-D-0020-1303
P-001304,12.981726,77.592927,F-07-01,D-0020,17,P-001299,LT-8m-PCC,W-80,560078,KSPDB-SD07-D-0020-1304
P-001305,12.981869,77.592828,F-07-01,D-0020,18,P-001301,LT-8m-Steel,W-82,560078,KSPDB-SD07-D-0020-1305
P-001306,12.981578,77.592826,F-07-01,D-0020,18,P-001304,LT-8m-Steel,W-68,560078,KSPDB-SD07-D-0020-1306
P-001307,12.981888,77.592748,F-07-01,D-0020,19,P-001305,LT-8m-Steel,W-58,560078,KSPDB-SD07-D-0020-1307
P-001308,12.982073,77.592868,F-07-01,D-0020,19,P-001303,LT-8m-Steel,W-51,560078,KSPDB-SD07-D-0020-1308
P-001309,12.981993,77.592874,F-07-01,D-0020,20,P-001307,LT-9m-PCC,W-33,560078,KSPDB-SD07-D-0020-1309
P-001310,12.981793,77.592856,F-07-01,D-0020,20,P-001307,LT-8m-Steel,W-84,560078,KSPDB-SD07-D-0020-1310
P-001311,12.982164,77.592925,F-07-01,D-0020,20,P-001308,LT-9m-PCC,W-60,560078,KSPDB-SD07-D-0020-1311
P-001312,12.981816,77.59269,F-07-01,D-0020,21,P-001309,LT-8m-Steel,W-15,560078,KSPDB-SD07-D-0020-1312
P-001313,12.981879,77.592841,F-07-01,D-0020,22,P-001312,LT-8m-PCC,W-17,560078,KSPDB-SD07-D-0020-1313
P-001314,12.982347,77.592856,F-07-01,D-0020,21,P-001311,LT-9m-PCC,W-59,560078,KSPDB-SD07-D-0020-1314
P-001315,12.973383,77.591277,F-07-04,D-0021,,,LT-8m-Steel,W-11,560078,
P-001316,12.97347,77.591158,F-07-04,D-0021,,,LT-9m-PCC,W-74,560078,KSPDB-SD07-D-0021-1316
P-001317,12.973424,77.591188,F-07-04,D-0021,,,LT-8m-Steel,W-96,560078,KSPDB-SD07-D-0021-1317
P-001318,12.973539,77.591376,F-07-04,D-0021,,,LT-8m-PCC,W-17,560078,KSPDB-SD07-D-0021-1318
P-001319,12.973409,77.591336,F-07-04,D-0021,,,LT-8m-PCC,W-46,560078,KSPDB-SD07-D-0021-1319
P-001320,12.973329,77.591267,F-07-04,D-0021,,,LT-9m-PCC,W-32,560078,KSPDB-SD07-D-0021-1320
P-001321,12.973316,77.591311,F-07-04,D-0021,,,LT-9m-PCC,W-23,560078,KSPDB-SD07-D-0021-1321
P-001322,12.973738,77.591343,F-07-04,D-0021,,,LT-9m-PCC,W-26,560078,KSPDB-SD07-D-0021-1322
P-001323,12.973389,77.591171,F-07-04,D-0021,,,LT-8m-PCC,W-50,560078,KSPDB-SD07-D-0021-1323
P-001324,12.97333,77.591011,F-07-04,D-0021,,,LT-8m-Steel,W-58,560078,KSPDB-SD07-D-0021-1324
P-001325,12.97333,77.591391,F-07-04,D-0021,,,LT-9m-PCC,W-17,560078,KSPDB-SD07-D-0021-1325
P-001326,12.973659,77.591197,F-07-04,D-0021,,,LT-8m-PCC,W-79,560078,KSPDB-SD07-D-0021-1326
P-001327,12.973692,77.591118,F-07-04,D-0021,,,LT-8m-PCC,W-78,560078,KSPDB-SD07-D-0021-1327
P-001328,12.973243,77.59085,F-07-04,D-0021,,,LT-8m-Steel,W-85,560078,KSPDB-SD07-D-0021-1328
P-001329,12.973176,77.591488,F-07-04,D-0021,,,LT-8m-Steel,W-47,560078,KSPDB-SD07-D-0021-1329
P-001330,12.973771,77.590931,F-07-04,D-0021,,,LT-8m-Steel,W-29,560078,KSPDB-SD07-D-0021-1330
P-001331,12.973595,77.590924,F-07-04,D-0021,,,LT-8m-PCC,W-65,560078,KSPDB-SD07-D-0021-1331
P-001332,12.973106,77.590743,F-07-04,D-0021,,,LT-8m-PCC,W-64,560078,KSPDB-SD07-D-0021-1332
P-001333,12.973619,77.590863,F-07-04,D-0021,,,LT-8m-Steel,W-43,560078,
P-001334,12.973603,77.590865,F-07-04,D-0021,,,LT-8m-PCC,W-39,560078,KSPDB-SD07-D-0021-1334
P-001335,12.973678,77.59084,F-07-04,D-0021,,,LT-8m-PCC,W-89,560078,KSPDB-SD07-D-0021-1335
P-001336,12.973851,77.590696,F-07-04,D-0021,,,LT-9m-PCC,W-74,560078,KSPDB-SD07-D-0021-1336
P-001337,12.973785,77.590955,F-07-04,D-0021,,,LT-8m-PCC,W-55,560078,
P-001338,12.973678,77.591017,F-07-04,D-0021,,,LT-8m-PCC,W-71,560078,KSPDB-SD07-D-0021-1338
P-001339,12.973575,77.591084,F-07-04,D-0021,,,LT-8m-Steel,W-21,560078,KSPDB-SD07-D-0021-1339
P-001340,12.973633,77.591068,F-07-04,D-0021,,,LT-8m-PCC,W-25,560078,KSPDB-SD07-D-0021-1340
P-001341,12.974014,77.590802,F-07-04,D-0021,,,LT-8m-Steel,W-87,560078,KSPDB-SD07-D-0021-1341
P-001342,12.973586,77.590897,F-07-04,D-0021,,,LT-8m-PCC,W-40,560078,KSPDB-SD07-D-0021-1342
P-001343,12.973572,77.591081,F-07-04,D-0021,,,LT-9m-PCC,W-78,560078,KSPDB-SD07-D-0021-1343
P-001344,12.97377,77.590699,F-07-04,D-0021,,,LT-8m-PCC,W-27,560078,
P-001345,12.973743,77.591004,F-07-04,D-0021,,,LT-9m-PCC,W-28,560078,
P-001346,12.973471,77.59116,F-07-04,D-0021,,,LT-8m-PCC,W-32,560078,KSPDB-SD07-D-0021-1346
P-001347,12.973754,77.591093,F-07-04,D-0021,,,LT-8m-PCC,W-85,560078,KSPDB-SD07-D-0021-1347
P-001348,12.973603,77.590771,F-07-04,D-0021,,,LT-8m-PCC,W-84,560078,KSPDB-SD07-D-0021-1348
P-001349,12.973618,77.590508,F-07-04,D-0021,,,LT-8m-PCC,W-37,560078,KSPDB-SD07-D-0021-1349
P-001350,12.973796,77.590408,F-07-04,D-0021,,,LT-8m-Steel,W-74,560078,
P-001351,12.973491,77.590488,F-07-04,D-0021,,,LT-8m-PCC,W-53,560078,
P-001352,12.973544,77.590475,F-07-04,D-0021,,,LT-8m-Steel,W-10,560078,KSPDB-SD07-D-0021-1352
P-001353,12.973668,77.590299,F-07-04,D-0021,,,LT-8m-PCC,W-55,560078,KSPDB-SD07-D-0021-1353
P-001354,12.973414,77.59046,F-07-04,D-0021,,,LT-8m-Steel,W-38,560078,KSPDB-SD07-D-0021-1354
P-001355,12.973656,77.590339,F-07-04,D-0021,,,LT-8m-PCC,W-61,560078,KSPDB-SD07-D-0021-1355
P-001356,12.973599,77.590375,F-07-04,D-0021,,,LT-8m-PCC,W-75,560078,KSPDB-SD07-D-0021-1356
P-001357,12.973545,77.59051,F-07-04,D-0021,,,LT-9m-PCC,W-41,560078,KSPDB-SD07-D-0021-1357
P-001358,12.97374,77.590262,F-07-04,D-0021,,,LT-8m-Steel,W-30,560078,KSPDB-SD07-D-0021-1358
P-001359,12.973597,77.590581,F-07-04,D-0021,,,LT-9m-PCC,W-83,560078,KSPDB-SD07-D-0021-1359
P-001360,12.973628,77.590269,F-07-04,D-0021,,,LT-8m-PCC,W-30,560078,KSPDB-SD07-D-0021-1360
P-001361,12.973427,77.590227,F-07-04,D-0021,,,LT-8m-Steel,W-87,560078,
P-001362,12.973591,77.590659,F-07-04,D-0021,,,LT-8m-PCC,W-56,560078,KSPDB-SD07-D-0021-1362
P-001363,12.973594,77.590442,F-07-04,D-0021,,,LT-9m-PCC,W-96,560078,KSPDB-SD07-D-0021-1363
P-001364,12.973432,77.59049,F-07-04,D-0021,,,LT-8m-PCC,W-91,560078,KSPDB-SD07-D-0021-1364
P-001365,12.973643,77.590432,F-07-04,D-0021,,,LT-8m-Steel,W-63,560078,KSPDB-SD07-D-0021-1365
P-001366,12.973419,77.590425,F-07-04,D-0021,,,LT-9m-PCC,W-55,560078,KSPDB-SD07-D-0021-1366
P-001367,12.973818,77.590352,F-07-04,D-0021,,,LT-8m-Steel,W-98,560078,KSPDB-SD07-D-0021-1367
P-001368,12.973367,77.590338,F-07-04,D-0021,,,LT-9m-PCC,W-39,560078,KSPDB-SD07-D-0021-1368
P-001369,12.973662,77.590351,F-07-04,D-0021,,,LT-8m-Steel,W-16,560078,KSPDB-SD07-D-0021-1369
P-001370,12.973524,77.590482,F-07-04,D-0021,,,LT-9m-PCC,W-41,560078,KSPDB-SD07-D-0021-1370
P-001371,12.973578,77.590411,F-07-04,D-0021,,,LT-8m-PCC,W-59,560078,KSPDB-SD07-D-0021-1371
P-001372,12.973636,77.590479,F-07-04,D-0021,,,LT-8m-PCC,W-41,560078,KSPDB-SD07-D-0021-1372
P-001373,12.973671,77.590385,F-07-04,D-0021,,,LT-8m-PCC,W-64,560078,KSPDB-SD07-D-0021-1373
P-001374,12.973413,77.590436,F-07-04,D-0021,,,LT-9m-PCC,W-62,560078,KSPDB-SD07-D-0021-1374
P-001375,12.973393,77.590401,F-07-04,D-0021,,,LT-8m-Steel,W-38,560078,KSPDB-SD07-D-0021-1375
P-001376,12.973362,77.590276,F-07-04,D-0021,,,LT-9m-PCC,W-92,560078,KSPDB-SD07-D-0021-1376
P-001377,12.973401,77.590561,F-07-04,D-0021,,,LT-8m-PCC,W-10,560078,KSPDB-SD07-D-0021-1377
P-001378,12.973645,77.590211,F-07-04,D-0021,,,LT-9m-PCC,W-70,560078,KSPDB-SD07-D-0021-1378
P-001379,12.973572,77.590021,F-07-04,D-0021,,,LT-8m-Steel,W-19,560078,
P-001380,12.97348,77.590366,F-07-04,D-0021,,,LT-9m-PCC,W-29,560078,KSPDB-SD07-D-0021-1380
P-001381,12.973236,77.590418,F-07-04,D-0021,,,LT-8m-Steel,W-84,560078,KSPDB-SD07-D-0021-1381
P-001382,12.973725,77.589967,F-07-04,D-0021,,,LT-9m-PCC,W-99,560078,
P-001383,12.973536,77.589996,F-07-04,D-0021,,,LT-8m-PCC,W-95,560078,KSPDB-SD07-D-0021-1383
P-001384,12.973328,77.590332,F-07-04,D-0021,,,LT-8m-Steel,W-18,560078,KSPDB-SD07-D-0021-1384
P-001385,12.973112,77.59053,F-07-04,D-0021,,,LT-8m-PCC,W-28,560078,KSPDB-SD07-D-0021-1385
P-001386,12.973293,77.590581,F-07-04,D-0021,,,LT-8m-PCC,W-65,560078,
P-001387,12.973491,77.589856,F-07-04,D-0021,,,LT-8m-Steel,W-66,560078,KSPDB-SD07-D-0021-1387
P-001388,12.973574,77.589987,F-07-04,D-0021,,,LT-8m-PCC,W-81,560078,KSPDB-SD07-D-0021-1388
P-001389,12.973222,77.590399,F-07-04,D-0021,,,LT-9m-PCC,W-53,,KSPDB-SD07-D-0021-1389
P-001390,12.973223,77.590509,F-07-04,D-0021,,,LT-8m-PCC,W-92,560078,KSPDB-SD07-D-0021-1390
P-001391,12.973548,77.589665,F-07-04,D-0021,,,LT-8m-PCC,W-54,560078,KSPDB-SD07-D-0021-1391
P-001392,12.973122,77.590437,F-07-04,D-0021,,,LT-8m-Steel,W-50,560078,KSPDB-SD07-D-0021-1392
P-001393,12.97309,77.590593,F-07-04,D-0021,,,LT-9m-PCC,W-58,560078,KSPDB-SD07-D-0021-1393
P-001394,12.97317,77.590313,F-07-04,D-0021,,,LT-8m-PCC,W-17,560078,KSPDB-SD07-D-0021-1394
P-001395,12.973234,77.590485,F-07-04,D-0021,,,LT-9m-PCC,W-97,560078,KSPDB-SD07-D-0021-1395
P-001396,12.97341,77.590458,F-07-04,D-0021,,,LT-8m-PCC,W-39,560078,KSPDB-SD07-D-0021-1396
P-001397,12.97314,77.590446,F-07-04,D-0021,,,LT-8m-Steel,W-24,560078,KSPDB-SD07-D-0021-1397
P-001398,12.973183,77.590313,F-07-04,D-0021,,,LT-9m-PCC,W-42,560078,KSPDB-SD07-D-0021-1398
P-001399,12.973432,77.590469,F-07-04,D-0021,,,LT-9m-PCC,W-41,560078,KSPDB-SD07-D-0021-1399
P-001400,12.973114,77.590452,F-07-04,D-0021,,,LT-8m-Steel,W-16,560078,KSPDB-SD07-D-0021-1400
P-001401,12.973103,77.590645,F-07-04,D-0021,,,LT-8m-Steel,W-89,560078,KSPDB-SD07-D-0021-1401
P-001402,12.973301,77.590543,F-07-04,D-0021,,,LT-8m-PCC,W-54,560078,KSPDB-SD07-D-0021-1402
P-001403,12.9735,77.59066,F-07-04,D-0021,,,LT-9m-PCC,W-10,560078,KSPDB-SD07-D-0021-1403
P-001404,12.973141,77.590827,F-07-04,D-0021,,,LT-8m-Steel,W-56,560078,KSPDB-SD07-D-0021-1404
P-001405,12.973138,77.590318,F-07-04,D-0021,,,LT-8m-PCC,W-70,560078,KSPDB-SD07-D-0021-1405
P-001406,12.973007,77.590461,F-07-04,D-0021,,,LT-8m-PCC,W-26,560078,KSPDB-SD07-D-0021-1406
P-001407,12.973131,77.590607,F-07-04,D-0021,,,LT-9m-PCC,W-16,560078,KSPDB-SD07-D-0021-1407
P-001408,12.981466,77.591247,F-07-02,D-0022,1,,LT-8m-Steel,W-84,560078,KSPDB-SD07-D-0022-1408
P-001409,12.9816,77.591272,F-07-02,D-0022,2,P-001408,LT-8m-Steel,W-68,560078,
P-001410,12.981614,77.591251,F-07-02,D-0022,3,P-001409,LT-9m-PCC,W-63,560078,
P-001411,12.981555,77.591268,F-07-02,D-0022,2,P-001408,LT-8m-PCC,W-95,560078,KSPDB-SD07-D-0022-1411
P-001412,12.981453,77.591356,F-07-02,D-0022,4,P-001410,LT-8m-Steel,W-95,560078,KSPDB-SD07-D-0022-1412
P-001413,12.981581,77.591281,F-07-02,D-0022,3,P-001409,LT-9m-PCC,W-30,560078,KSPDB-SD07-D-0022-1413
P-001414,12.981531,77.591394,F-07-02,D-0022,3,P-001409,LT-8m-Steel,W-65,560078,KSPDB-SD07-D-0022-1414
P-001415,12.981503,77.591157,F-07-02,D-0022,4,P-001410,LT-9m-PCC,W-19,560078,KSPDB-SD07-D-0022-1415
P-001416,12.98151,77.59128,F-07-02,D-0022,3,P-001411,LT-9m-PCC,W-12,560078,
P-001417,12.981612,77.591033,F-07-02,D-0022,5,P-001415,LT-8m-PCC,W-50,560078,KSPDB-SD07-D-0022-1417
P-001418,12.981379,77.591589,F-07-02,D-0022,4,P-001414,LT-8m-Steel,W-14,560078,KSPDB-SD07-D-0022-1418
P-001419,12.981582,77.591158,F-07-02,D-0022,4,P-001416,LT-8m-Steel,W-34,560078,KSPDB-SD07-D-0022-1419
P-001420,12.981551,77.591406,F-07-02,D-0022,4,P-001416,LT-8m-PCC,W-37,560078,
P-001421,12.981686,77.591364,F-07-02,D-0022,4,P-001416,LT-8m-PCC,W-25,560078,
P-001422,12.981383,77.591281,F-07-02,D-0022,5,P-001420,LT-8m-Steel,W-65,560078,KSPDB-SD07-D-0022-1422
P-001423,12.981732,77.591034,F-07-02,D-0022,5,P-001419,LT-8m-PCC,W-47,560078,KSPDB-SD07-D-0022-1423
P-001424,12.981703,77.591206,F-07-02,D-0022,5,P-001421,LT-8m-PCC,W-39,560078,KSPDB-SD07-D-0022-1424
P-001425,12.98153,77.591418,F-07-02,D-0022,6,P-001422,LT-8m-PCC,W-33,560078,KSPDB-SD07-D-0022-1425
P-001426,12.981596,77.591386,F-07-02,D-0022,5,P-001421,LT-8m-Steel,W-73,560078,KSPDB-SD07-D-0022-1426
P-001427,12.981344,77.591157,F-07-02,D-0022,6,P-001422,LT-8m-PCC,W-80,560078,KSPDB-SD07-D-0022-1427
P-001428,12.981592,77.591491,F-07-02,D-0022,7,P-001425,LT-8m-Steel,W-80,560078,KSPDB-SD07-D-0022-1428
P-001429,12.981594,77.59123,F-07-02,D-0022,7,P-001425,LT-9m-PCC,W-58,560078,KSPDB-SD07-D-0022-1429
P-001430,12.98116,77.591269,F-07-02,D-0022,7,P-001427,LT-8m-PCC,W-43,560078,KSPDB-SD07-D-0022-1430
P-001431,12.981717,77.591314,F-07-02,D-0022,8,P-001428,LT-8m-Steel,W-44,560078,KSPDB-SD07-D-0022-1431
P-001432,12.981018,77.591108,F-07-02,D-0022,8,P-001430,LT-9m-PCC,W-72,560078,KSPDB-SD07-D-0022-1432
P-001433,12.981622,77.591272,F-07-02,D-0022,8,P-001429,LT-8m-Steel,W-40,560078,KSPDB-SD07-D-0022-1433
P-001434,12.98145,77.591237,F-07-02,D-0022,9,P-001433,LT-8m-PCC,W-53,560078,KSPDB-SD07-D-0022-1434
P-001435,12.980984,77.590923,F-07-02,D-0022,9,P-001432,LT-9m-PCC,W-45,560078,KSPDB-SD07-D-0022-1435
P-001436,12.98145,77.591458,F-07-02,D-0022,9,P-001433,LT-8m-Steel,W-86,,KSPDB-SD07-D-0022-1436
P-001437,12.981335,77.591414,F-07-02,D-0022,10,P-001434,LT-9m-PCC,W-84,560078,KSPDB-SD07-D-0022-1437
P-001438,12.981364,77.591268,F-07-02,D-0022,11,P-001437,LT-8m-Steel,W-12,560078,KSPDB-SD07-D-0022-1438
P-001439,12.981456,77.591419,F-07-02,D-0022,10,P-001436,LT-8m-PCC,W-87,560078,KSPDB-SD07-D-0022-1439
P-001440,12.981288,77.591282,F-07-02,D-0022,11,P-001437,LT-8m-Steel,W-58,560078,KSPDB-SD07-D-0022-1440
P-001441,12.981333,77.591402,F-07-02,D-0022,11,P-001437,LT-9m-PCC,W-58,560078,KSPDB-SD07-D-0022-1441
P-001442,12.981322,77.591554,F-07-02,D-0022,12,P-001441,LT-9m-PCC,W-63,560078,KSPDB-SD07-D-0022-1442
P-001443,12.981523,77.591124,F-07-02,D-0022,12,P-001438,LT-9m-PCC,W-82,560078,KSPDB-SD07-D-0022-1443
P-001444,12.981579,77.5914,F-07-02,D-0022,11,P-001439,LT-9m-PCC,W-96,560078,KSPDB-SD07-D-0022-1444
P-001445,12.98126,77.591501,F-07-02,D-0022,13,P-001442,LT-9m-PCC,W-47,560078,KSPDB-SD07-D-0022-1445
P-001446,12.981152,77.591354,F-07-02,D-0022,12,P-001441,LT-9m-PCC,W-62,560078,KSPDB-SD07-D-0022-1446
P-001447,12.980961,77.591297,F-07-02,D-0022,13,P-001446,LT-9m-PCC,W-91,560078,KSPDB-SD07-D-0022-1447
P-001448,12.98111,77.591143,F-07-02,D-0022,14,P-001447,LT-9m-PCC,W-69,560078,KSPDB-SD07-D-0022-1448
P-001449,12.98166,77.591403,F-07-02,D-0022,12,P-001444,LT-8m-Steel,W-98,560078,KSPDB-SD07-D-0022-1449
P-001450,12.981335,77.591624,F-07-02,D-0022,14,P-001445,LT-8m-PCC,W-72,560078,KSPDB-SD07-D-0022-1450
P-001451,12.98184,77.591525,F-07-02,D-0022,13,P-001449,LT-9m-PCC,W-17,560078,KSPDB-SD07-D-0022-1451
P-001452,12.981765,77.591332,F-07-02,D-0022,13,P-001449,LT-8m-PCC,W-70,,KSPDB-SD07-D-0022-1452
P-001453,12.980987,77.591074,F-07-02,D-0022,15,P-001448,LT-8m-PCC,W-87,560078,KSPDB-SD07-D-0022-1453
P-001454,12.981113,77.591218,F-07-02,D-0022,16,P-001453,LT-8m-Steel,W-64,560078,
P-001455,12.98184,77.591253,F-07-02,D-0022,14,P-001452,LT-9m-PCC,W-76,560078,KSPDB-SD07-D-0022-1455
P-001456,12.981036,77.591131,F-07-02,D-0022,16,P-001453,LT-8m-PCC,W-64,560078,KSPDB-SD07-D-0022-1456
P-001457,12.981103,77.591134,F-07-02,D-0022,17,P-001456,LT-8m-PCC,W-78,560078,KSPDB-SD07-D-0022-1457
P-001458,12.981104,77.590956,F-07-02,D-0022,18,P-001457,LT-8m-Steel,W-46,560078,KSPDB-SD07-D-0022-1458
P-001459,12.981075,77.591161,F-07-02,D-0022,17,P-001456,LT-9m-PCC,W-11,560078,KSPDB-SD07-D-0022-1459
P-001460,12.980943,77.591002,F-07-02,D-0022,18,P-001457,LT-8m-Steel,W-24,560078,KSPDB-SD07-D-0022-1460
P-001461,12.981223,77.591295,F-07-02,D-0022,18,P-001457,LT-8m-PCC,W-84,560078,KSPDB-SD07-D-0022-1461
P-001462,12.981236,77.591201,F-07-02,D-0022,19,P-001461,LT-8m-PCC,W-58,560078,KSPDB-SD07-D-0022-1462
P-001463,12.981363,77.59147,F-07-02,D-0022,19,P-001461,LT-9m-PCC,W-83,560078,KSPDB-SD07-D-0022-1463
P-001464,12.981369,77.591405,F-07-02,D-0022,19,P-001461,LT-8m-PCC,W-73,560078,KSPDB-SD07-D-0022-1464
P-001465,12.981471,77.591374,F-07-02,D-0022,20,P-001464,LT-8m-Steel,W-49,560078,KSPDB-SD07-D-0022-1465
P-001466,12.981389,77.591404,F-07-02,D-0022,21,P-001465,LT-8m-PCC,W-85,560078,KSPDB-SD07-D-0022-1466
P-001467,12.981214,77.591465,F-07-02,D-0022,22,P-001466,LT-9m-PCC,W-23,560078,
P-001468,12.981516,77.591333,F-07-02,D-0022,22,P-001466,LT-9m-PCC,W-65,560078,KSPDB-SD07-D-0022-1468
P-001469,12.981594,77.591278,F-07-02,D-0022,23,P-001468,LT-8m-PCC,W-82,560078,KSPDB-SD07-D-0022-1469
P-001470,12.981493,77.591489,F-07-02,D-0022,23,P-001468,LT-9m-PCC,W-80,560078,KSPDB-SD07-D-0022-1470
P-001471,12.981654,77.591082,F-07-02,D-0022,24,P-001469,LT-8m-PCC,W-40,560078,KSPDB-SD07-D-0022-1471
P-001472,12.98159,77.591269,F-07-02,D-0022,23,P-001468,LT-9m-PCC,W-42,560078,KSPDB-SD07-D-0022-1472
P-001473,12.981543,77.591312,F-07-02,D-0022,24,P-001470,LT-9m-PCC,W-92,560078,KSPDB-SD07-D-0022-1473
P-001474,12.976753,77.595773,F-07-01,D-0023,,,LT-8m-Steel,W-15,560078,KSPDB-SD07-D-0023-1474
P-001475,12.976825,77.595923,F-07-01,D-0023,,,LT-9m-PCC,W-55,560078,KSPDB-SD07-D-0023-1475
P-001476,12.976804,77.595817,F-07-01,D-0023,,,LT-9m-PCC,W-79,560078,KSPDB-SD07-D-0023-1476
P-001477,12.976621,77.595884,F-07-01,D-0023,,,LT-8m-PCC,W-48,560078,KSPDB-SD07-D-0023-1477
P-001478,12.976672,77.595801,F-07-01,D-0023,,,LT-9m-PCC,W-95,560078,KSPDB-SD07-D-0023-1478
P-001479,12.976872,77.595664,F-07-01,D-0023,,,LT-8m-Steel,W-28,560078,
P-001480,12.976845,77.595773,F-07-01,D-0023,,,LT-9m-PCC,W-69,560078,KSPDB-SD07-D-0023-1480
P-001481,12.976818,77.595674,F-07-01,D-0023,,,LT-9m-PCC,W-32,560078,KSPDB-SD07-D-0023-1481
P-001482,12.977043,77.595618,F-07-01,D-0023,,,LT-8m-PCC,W-11,560078,
P-001483,12.976832,77.595655,F-07-01,D-0023,,,LT-8m-PCC,W-43,560078,KSPDB-SD07-D-0023-1483
P-001484,12.976943,77.595535,F-07-01,D-0023,,,LT-8m-PCC,W-23,560078,KSPDB-SD07-D-0023-1484
P-001485,12.976896,77.595869,F-07-01,D-0023,,,LT-8m-Steel,W-49,560078,
P-001486,12.976874,77.595712,F-07-01,D-0023,,,LT-9m-PCC,W-36,560078,KSPDB-SD07-D-0023-1486
P-001487,12.976964,77.595609,F-07-01,D-0023,,,LT-8m-PCC,W-31,560078,KSPDB-SD07-D-0023-1487
P-001488,12.976839,77.595777,F-07-01,D-0023,,,LT-8m-Steel,W-17,560078,KSPDB-SD07-D-0023-1488
P-001489,12.976779,77.596038,F-07-01,D-0023,,,LT-9m-PCC,W-29,560078,KSPDB-SD07-D-0023-1489
P-001490,12.977094,77.59579,F-07-01,D-0023,,,LT-9m-PCC,W-30,560078,KSPDB-SD07-D-0023-1490
P-001491,12.977011,77.595563,F-07-01,D-0023,,,LT-8m-Steel,W-53,560078,KSPDB-SD07-D-0023-1491
P-001492,12.976905,77.595934,F-07-01,D-0023,,,LT-8m-Steel,W-18,560078,KSPDB-SD07-D-0023-1492
P-001493,12.976965,77.595807,F-07-01,D-0023,,,LT-9m-PCC,W-34,560078,KSPDB-SD07-D-0023-1493
P-001494,12.977074,77.595581,F-07-01,D-0023,,,LT-8m-PCC,W-76,560078,KSPDB-SD07-D-0023-1494
P-001495,12.977135,77.595598,F-07-01,D-0023,,,LT-9m-PCC,W-63,560078,KSPDB-SD07-D-0023-1495
P-001496,12.976917,77.595986,F-07-01,D-0023,,,LT-8m-Steel,W-51,560078,
P-001497,12.977138,77.595405,F-07-01,D-0023,,,LT-8m-Steel,W-52,560078,KSPDB-SD07-D-0023-1497
P-001498,12.977227,77.595628,F-07-01,D-0023,,,LT-8m-PCC,W-40,560078,KSPDB-SD07-D-0023-1498
P-001499,12.976973,77.59601,F-07-01,D-0023,,,LT-8m-Steel,W-95,560078,KSPDB-SD07-D-0023-1499
P-001500,12.977208,77.595527,F-07-01,D-0023,,,LT-9m-PCC,W-81,560078,KSPDB-SD07-D-0023-1500
P-001501,12.976756,77.596072,F-07-01,D-0023,,,LT-8m-PCC,W-32,560078,KSPDB-SD07-D-0023-1501
P-001502,12.977288,77.595477,F-07-01,D-0023,,,LT-8m-PCC,W-21,560078,KSPDB-SD07-D-0023-1502
P-001503,12.97686,77.596113,F-07-01,D-0023,,,LT-9m-PCC,W-22,560078,KSPDB-SD07-D-0023-1503
P-001504,12.977152,77.595444,F-07-01,D-0023,,,LT-8m-PCC,W-48,560078,
P-001505,12.977448,77.595458,F-07-01,D-0023,,,LT-8m-Steel,W-15,560078,KSPDB-SD07-D-0023-1505
P-001506,12.977429,77.595337,F-07-01,D-0023,,,LT-8m-PCC,W-14,560078,KSPDB-SD07-D-0023-1506
P-001507,12.977589,77.595638,F-07-01,D-0023,,,LT-8m-Steel,W-14,560078,KSPDB-SD07-D-0023-1507
P-001508,12.976973,77.596225,F-07-01,D-0023,,,LT-8m-PCC,W-37,560078,KSPDB-SD07-D-0023-1508
P-001509,12.977185,77.595556,F-07-01,D-0023,,,LT-9m-PCC,W-51,560078,KSPDB-SD07-D-0023-1509
P-001510,12.976774,77.596095,F-07-01,D-0023,,,LT-8m-Steel,W-22,560078,KSPDB-SD07-D-0023-1510
P-001511,12.976782,77.596333,F-07-01,D-0023,,,LT-9m-PCC,W-91,560078,KSPDB-SD07-D-0023-1511
P-001512,12.976974,77.596408,F-07-01,D-0023,,,LT-8m-Steel,W-64,560078,KSPDB-SD07-D-0023-1512
P-001513,12.976828,77.595895,F-07-01,D-0023,,,LT-8m-Steel,W-50,560078,KSPDB-SD07-D-0023-1513
P-001514,12.976876,77.596253,F-07-01,D-0023,,,LT-8m-PCC,W-72,560078,KSPDB-SD07-D-0023-1514
P-001515,12.976925,77.596425,F-07-01,D-0023,,,LT-8m-Steel,W-45,560078,KSPDB-SD07-D-0023-1515
P-001516,12.977011,77.596463,F-07-01,D-0023,,,LT-8m-Steel,W-90,560078,KSPDB-SD07-D-0023-1516
P-001517,12.976982,77.59631,F-07-01,D-0023,,,LT-8m-PCC,W-49,560078,KSPDB-SD07-D-0023-1517
P-001518,12.977138,77.596401,F-07-01,D-0023,,,LT-8m-PCC,W-44,560078,KSPDB-SD07-D-0023-1518
P-001519,12.976991,77.596181,F-07-01,D-0023,,,LT-9m-PCC,W-78,560078,KSPDB-SD07-D-0023-1519
P-001520,12.976819,77.59642,F-07-01,D-0023,,,LT-8m-PCC,W-79,560078,KSPDB-SD07-D-0023-1520
P-001521,12.9771,77.596348,F-07-01,D-0023,,,LT-9m-PCC,W-58,560078,KSPDB-SD07-D-0023-1521
P-001522,12.976755,77.59634,F-07-01,D-0023,,,LT-8m-Steel,W-50,560078,KSPDB-SD07-D-0023-1522
P-001523,12.977127,77.596102,F-07-01,D-0023,,,LT-9m-PCC,W-60,,KSPDB-SD07-D-0023-1523
P-001524,12.977305,77.596191,F-07-01,D-0023,,,LT-9m-PCC,W-92,560078,KSPDB-SD07-D-0023-1524
P-001525,12.977208,77.595968,F-07-01,D-0023,,,LT-8m-PCC,W-21,560078,KSPDB-SD07-D-0023-1525
P-001526,12.976856,77.596249,F-07-01,D-0023,,,LT-9m-PCC,W-93,560078,KSPDB-SD07-D-0023-1526
P-001527,12.976709,77.59639,F-07-01,D-0023,,,LT-8m-Steel,W-74,560078,KSPDB-SD07-D-0023-1527
P-001528,12.977295,77.596011,F-07-01,D-0023,,,LT-9m-PCC,W-27,560078,KSPDB-SD07-D-0023-1528
P-001529,12.976797,77.596183,F-07-01,D-0023,,,LT-8m-PCC,W-55,560078,KSPDB-SD07-D-0023-1529
P-001530,12.9772,77.596088,F-07-01,D-0023,,,LT-8m-Steel,W-81,560078,KSPDB-SD07-D-0023-1530
P-001531,12.977362,77.596057,F-07-01,D-0023,,,LT-9m-PCC,W-12,560078,KSPDB-SD07-D-0023-1531
P-001532,12.977363,77.595887,F-07-01,D-0023,,,LT-8m-Steel,W-86,560078,KSPDB-SD07-D-0023-1532
P-001533,12.977256,77.595843,F-07-01,D-0023,,,LT-8m-Steel,W-70,560078,KSPDB-SD07-D-0023-1533
P-001534,12.976908,77.596229,F-07-01,D-0023,,,LT-8m-Steel,W-93,560078,KSPDB-SD07-D-0023-1534
P-001535,12.977342,77.596148,F-07-01,D-0023,,,LT-8m-Steel,W-41,560078,KSPDB-SD07-D-0023-1535
P-001536,12.977258,77.596247,F-07-01,D-0023,,,LT-8m-PCC,W-99,560078,
P-001537,12.977336,77.596337,F-07-01,D-0023,,,LT-9m-PCC,W-23,560078,KSPDB-SD07-D-0023-1537
P-001538,12.976844,77.596161,F-07-01,D-0023,,,LT-8m-Steel,W-21,560078,
P-001539,12.976947,77.596016,F-07-01,D-0023,,,LT-9m-PCC,W-73,560078,KSPDB-SD07-D-0023-1539
P-001540,12.977321,77.596258,F-07-01,D-0023,,,LT-8m-Steel,W-49,560078,KSPDB-SD07-D-0023-1540
P-001541,12.97694,77.59621,F-07-01,D-0023,,,LT-8m-Steel,W-33,560078,KSPDB-SD07-D-0023-1541
P-001542,12.976887,77.596255,F-07-01,D-0023,,,LT-8m-Steel,W-56,560078,KSPDB-SD07-D-0023-1542
P-001543,12.977291,77.596102,F-07-01,D-0023,,,LT-8m-Steel,W-54,560078,KSPDB-SD07-D-0023-1543
P-001544,12.976921,77.595829,F-07-01,D-0023,,,LT-9m-PCC,W-22,560078,KSPDB-SD07-D-0023-1544
P-001545,12.976921,77.595666,F-07-01,D-0023,,,LT-8m-Steel,W-53,560078,KSPDB-SD07-D-0023-1545
P-001546,12.976819,77.596398,F-07-01,D-0023,,,LT-8m-PCC,W-96,560078,KSPDB-SD07-D-0023-1546
P-001547,12.977039,77.59571,F-07-01,D-0023,,,LT-8m-Steel,W-15,560078,KSPDB-SD07-D-0023-1547
P-001548,12.976948,77.595484,F-07-01,D-0023,,,LT-8m-Steel,W-29,560078,KSPDB-SD07-D-0023-1548
P-001549,12.976923,77.59638,F-07-01,D-0023,,,LT-9m-PCC,W-64,560078,KSPDB-SD07-D-0023-1549
P-001550,12.976909,77.596384,F-07-01,D-0023,,,LT-8m-Steel,W-17,560078,KSPDB-SD07-D-0023-1550
P-001551,12.976752,77.595318,F-07-01,D-0023,,,LT-8m-PCC,W-48,560078,KSPDB-SD07-D-0023-1551
P-001552,12.976879,77.596296,F-07-01,D-0023,,,LT-8m-Steel,W-21,560078,KSPDB-SD07-D-0023-1552
P-001553,12.97678,77.596525,F-07-01,D-0023,,,LT-9m-PCC,W-67,560078,KSPDB-SD07-D-0023-1553
P-001554,12.976775,77.596462,F-07-01,D-0023,,,LT-9m-PCC,W-49,560078,KSPDB-SD07-D-0023-1554
P-001555,12.976612,77.596662,F-07-01,D-0023,,,LT-9m-PCC,W-61,560078,KSPDB-SD07-D-0023-1555
P-001556,12.976882,77.596378,F-07-01,D-0023,,,LT-8m-Steel,W-58,560078,KSPDB-SD07-D-0023-1556
P-001557,12.976649,77.596507,F-07-01,D-0023,,,LT-8m-Steel,W-68,560078,KSPDB-SD07-D-0023-1557
P-001558,12.976806,77.596371,F-07-01,D-0023,,,LT-8m-PCC,W-78,560078,KSPDB-SD07-D-0023-1558
P-001559,12.976965,77.59641,F-07-01,D-0023,,,LT-8m-PCC,W-56,560078,KSPDB-SD07-D-0023-1559
P-001560,12.97714,77.596488,F-07-01,D-0023,,,LT-8m-Steel,W-17,560078,KSPDB-SD07-D-0023-1560
P-001561,12.97683,77.596371,F-07-01,D-0023,,,LT-8m-PCC,W-42,560078,KSPDB-SD07-D-0023-1561
P-001562,12.976804,77.596216,F-07-01,D-0023,,,LT-9m-PCC,W-92,560078,KSPDB-SD07-D-0023-1562
P-001563,12.976954,77.596466,F-07-01,D-0023,,,LT-9m-PCC,W-60,560078,KSPDB-SD07-D-0023-1563
P-001564,12.976767,77.596337,F-07-01,D-0023,,,LT-9m-PCC,W-29,560078,KSPDB-SD07-D-0023-1564
P-001565,12.976896,77.596218,F-07-01,D-0023,,,LT-9m-PCC,W-54,560078,KSPDB-SD07-D-0023-1565
P-001566,12.976985,77.596148,F-07-01,D-0023,,,LT-8m-PCC,W-73,560078,KSPDB-SD07-D-0023-1566
P-001567,12.951626,77.608565,F-07-02,D-0024,,,LT-9m-PCC,W-47,560078,KSPDB-SD07-D-0024-1567
P-001568,12.951576,77.608426,F-07-02,D-0024,,,LT-8m-Steel,W-65,560078,
P-001569,12.951577,77.608468,F-07-02,D-0024,,,LT-8m-PCC,W-81,560078,
P-001570,12.951634,77.608591,F-07-02,D-0024,,,LT-8m-PCC,W-37,560078,KSPDB-SD07-D-0024-1570
P-001571,12.951445,77.608532,F-07-02,D-0024,,,LT-8m-Steel,W-90,560078,KSPDB-SD07-D-0024-1571
P-001572,12.951523,77.60856,F-07-02,D-0024,,,LT-9m-PCC,W-67,560078,KSPDB-SD07-D-0024-1572
P-001573,12.951485,77.608558,F-07-02,D-0024,,,LT-9m-PCC,W-78,560078,KSPDB-SD07-D-0024-1573
P-001574,12.951567,77.60864,F-07-02,D-0024,,,LT-8m-PCC,W-69,560078,KSPDB-SD07-D-0024-1574
P-001575,12.951314,77.608746,F-07-02,D-0024,,,LT-8m-PCC,W-36,560078,KSPDB-SD07-D-0024-1575
P-001576,12.951531,77.608707,F-07-02,D-0024,,,LT-8m-PCC,W-78,560078,KSPDB-SD07-D-0024-1576
P-001577,12.951496,77.6086,F-07-02,D-0024,,,LT-8m-PCC,W-16,560078,KSPDB-SD07-D-0024-1577
P-001578,12.95158,77.608663,F-07-02,D-0024,,,LT-9m-PCC,W-54,560078,KSPDB-SD07-D-0024-1578
P-001579,12.951589,77.608654,F-07-02,D-0024,,,LT-8m-Steel,W-88,560078,KSPDB-SD07-D-0024-1579
P-001580,12.951614,77.608746,F-07-02,D-0024,,,LT-8m-Steel,W-96,560078,KSPDB-SD07-D-0024-1580
P-001581,12.951648,77.608844,F-07-02,D-0024,,,LT-9m-PCC,W-11,560078,KSPDB-SD07-D-0024-1581
P-001582,12.951601,77.608806,F-07-02,D-0024,,,LT-8m-Steel,W-73,560078,KSPDB-SD07-D-0024-1582
P-001583,12.951424,77.608988,F-07-02,D-0024,,,LT-8m-Steel,W-80,560078,
P-001584,12.951606,77.608645,F-07-02,D-0024,,,LT-8m-Steel,W-70,560078,KSPDB-SD07-D-0024-1584
P-001585,12.951772,77.608992,F-07-02,D-0024,,,LT-8m-Steel,W-83,560078,KSPDB-SD07-D-0024-1585
P-001586,12.951758,77.608858,F-07-02,D-0024,,,LT-8m-Steel,W-35,560078,KSPDB-SD07-D-0024-1586
P-001587,12.951608,77.609038,F-07-02,D-0024,,,LT-8m-Steel,W-30,560078,KSPDB-SD07-D-0024-1587
P-001588,12.951628,77.608749,F-07-02,D-0024,,,LT-9m-PCC,W-22,560078,KSPDB-SD07-D-0024-1588
P-001589,12.951851,77.609088,F-07-02,D-0024,,,LT-8m-Steel,W-35,560078,KSPDB-SD07-D-0024-1589
P-001590,12.951697,77.608857,F-07-02,D-0024,,,LT-9m-PCC,W-35,560078,KSPDB-SD07-D-0024-1590
P-001591,12.951962,77.608894,F-07-02,D-0024,,,LT-8m-PCC,W-15,560078,KSPDB-SD07-D-0024-1591
P-001592,12.951429,77.608988,F-07-02,D-0024,,,LT-8m-Steel,W-64,560078,KSPDB-SD07-D-0024-1592
P-001593,12.951509,77.609011,F-07-02,D-0024,,,LT-8m-PCC,W-92,560078,KSPDB-SD07-D-0024-1593
P-001594,12.951837,77.608966,F-07-02,D-0024,,,LT-9m-PCC,W-62,560078,KSPDB-SD07-D-0024-1594
P-001595,12.951943,77.608922,F-07-02,D-0024,,,LT-8m-Steel,W-33,560078,KSPDB-SD07-D-0024-1595
P-001596,12.951643,77.608944,F-07-02,D-0024,,,LT-8m-Steel,W-20,560078,KSPDB-SD07-D-0024-1596
P-001597,12.951367,77.609065,F-07-02,D-0024,,,LT-9m-PCC,W-88,560078,KSPDB-SD07-D-0024-1597
P-001598,12.951626,77.609059,F-07-02,D-0024,,,LT-8m-PCC,W-20,560078,KSPDB-SD07-D-0024-1598
P-001599,12.951596,77.609122,F-07-02,D-0024,,,LT-9m-PCC,W-82,560078,KSPDB-SD07-D-0024-1599
P-001600,12.95189,77.608895,F-07-02,D-0024,,,LT-8m-PCC,W-95,560078,KSPDB-SD07-D-0024-1600
P-001601,12.95142,77.609262,F-07-02,D-0024,,,LT-9m-PCC,W-12,560078,KSPDB-SD07-D-0024-1601
P-001602,12.951723,77.608815,F-07-02,D-0024,,,LT-8m-Steel,W-41,560078,KSPDB-SD07-D-0024-1602
P-001603,12.951629,77.608915,F-07-02,D-0024,,,LT-8m-PCC,W-88,560078,KSPDB-SD07-D-0024-1603
P-001604,12.951869,77.608884,F-07-02,D-0024,,,LT-8m-PCC,W-66,560078,KSPDB-SD07-D-0024-1604
P-001605,12.951518,77.609201,F-07-02,D-0024,,,LT-8m-PCC,W-97,560078,KSPDB-SD07-D-0024-1605
P-001606,12.951441,77.608828,F-07-02,D-0024,,,LT-8m-Steel,W-41,560078,KSPDB-SD07-D-0024-1606
P-001607,12.952022,77.60901,F-07-02,D-0024,,,LT-9m-PCC,W-85,560078,KSPDB-SD07-D-0024-1607
P-001608,12.951448,77.60866,F-07-02,D-0024,,,LT-9m-PCC,W-98,560078,KSPDB-SD07-D-0024-1608
P-001609,12.951586,77.608983,F-07-02,D-0024,,,LT-9m-PCC,W-82,560078,KSPDB-SD07-D-0024-1609
P-001610,12.951389,77.608826,F-07-02,D-0024,,,LT-8m-PCC,W-53,560078,KSPDB-SD07-D-0024-1610
P-001611,12.951599,77.608829,F-07-02,D-0024,,,LT-8m-Steel,W-43,,KSPDB-SD07-D-0024-1611
P-001612,12.951559,77.609117,F-07-02,D-0024,,,LT-9m-PCC,W-54,560078,KSPDB-SD07-D-0024-1612
P-001613,12.95146,77.608919,F-07-02,D-0024,,,LT-8m-Steel,W-28,560078,KSPDB-SD07-D-0024-1613
P-001614,12.951408,77.609041,F-07-02,D-0024,,,LT-8m-Steel,W-55,560078,KSPDB-SD07-D-0024-1614
P-001615,12.951417,77.608901,F-07-02,D-0024,,,LT-9m-PCC,W-14,560078,KSPDB-SD07-D-0024-1615
P-001616,12.951213,77.608843,F-07-02,D-0024,,,LT-8m-PCC,W-24,560078,KSPDB-SD07-D-0024-1616
P-001617,12.951329,77.60884,F-07-02,D-0024,,,LT-8m-Steel,W-96,560078,KSPDB-SD07-D-0024-1617
P-001618,12.951494,77.608804,F-07-02,D-0024,,,LT-8m-PCC,W-52,560078,KSPDB-SD07-D-0024-1618
P-001619,12.951463,77.608687,F-07-02,D-0024,,,LT-8m-Steel,W-57,,KSPDB-SD07-D-0024-1619
P-001620,12.951288,77.608816,F-07-02,D-0024,,,LT-8m-Steel,W-95,560078,KSPDB-SD07-D-0024-1620
P-001621,12.951406,77.608825,F-07-02,D-0024,,,LT-9m-PCC,W-57,560078,KSPDB-SD07-D-0024-1621
P-001622,12.951628,77.608617,F-07-02,D-0024,,,LT-8m-Steel,W-87,560078,KSPDB-SD07-D-0024-1622
P-001623,12.951336,77.608834,F-07-02,D-0024,,,LT-8m-PCC,W-84,560078,KSPDB-SD07-D-0024-1623
P-001624,12.951527,77.608811,F-07-02,D-0024,,,LT-8m-PCC,W-68,560078,
P-001625,12.951502,77.608926,F-07-02,D-0024,,,LT-8m-PCC,W-23,560078,KSPDB-SD07-D-0024-1625
P-001626,12.95152,77.608734,F-07-02,D-0024,,,LT-8m-Steel,W-14,560078,KSPDB-SD07-D-0024-1626
P-001627,12.951443,77.608655,F-07-02,D-0024,,,LT-9m-PCC,W-73,560078,KSPDB-SD07-D-0024-1627
P-001628,12.951517,77.608742,F-07-02,D-0024,,,LT-8m-PCC,W-26,560078,KSPDB-SD07-D-0024-1628
P-001629,12.951717,77.608713,F-07-02,D-0024,,,LT-8m-Steel,W-24,560078,KSPDB-SD07-D-0024-1629
P-001630,12.951566,77.608642,F-07-02,D-0024,,,LT-8m-Steel,W-48,560078,KSPDB-SD07-D-0024-1630
P-001631,12.951347,77.608584,F-07-02,D-0024,,,LT-8m-PCC,W-87,560078,KSPDB-SD07-D-0024-1631
P-001632,12.951268,77.608637,F-07-02,D-0024,,,LT-8m-Steel,W-77,560078,KSPDB-SD07-D-0024-1632
P-001633,12.951664,77.608902,F-07-02,D-0024,,,LT-8m-PCC,W-33,560078,KSPDB-SD07-D-0024-1633
P-001634,12.951116,77.60846,F-07-02,D-0024,,,LT-8m-PCC,W-74,560078,KSPDB-SD07-D-0024-1634
P-001635,12.986594,77.581166,F-07-05,D-0025,1,,LT-8m-Steel,W-12,560078,KSPDB-SD07-D-0025-1635
P-001636,12.986449,77.581038,F-07-05,D-0025,2,P-001635,LT-9m-PCC,W-93,560078,KSPDB-SD07-D-0025-1636
P-001637,12.986289,77.58092,F-07-05,D-0025,3,P-001636,LT-8m-PCC,W-73,560078,KSPDB-SD07-D-0025-1637
P-001638,12.986687,77.581179,F-07-05,D-0025,2,P-001635,LT-9m-PCC,W-31,560078,KSPDB-SD07-D-0025-1638
P-001639,12.986879,77.581078,F-07-05,D-0025,3,P-001638,LT-8m-PCC,W-64,560078,KSPDB-SD07-D-0025-1639
P-001640,12.986418,77.580998,F-07-05,D-0025,4,P-001637,LT-9m-PCC,W-14,560078,KSPDB-SD07-D-0025-1640
P-001641,12.986537,77.581112,F-07-05,D-0025,5,P-001640,LT-8m-PCC,W-84,560078,KSPDB-SD07-D-0025-1641
P-001642,12.986443,77.581062,F-07-05,D-0025,4,P-001637,LT-8m-PCC,W-76,560078,KSPDB-SD07-D-0025-1642
P-001643,12.986372,77.581258,F-07-05,D-0025,5,P-001642,LT-8m-Steel,W-15,560078,KSPDB-SD07-D-0025-1643
P-001644,12.986544,77.58111,F-07-05,D-0025,5,P-001642,LT-8m-PCC,W-79,560078,KSPDB-SD07-D-0025-1644
P-001645,12.986512,77.580972,F-07-05,D-0025,5,P-001640,LT-8m-Steel,W-28,560078,KSPDB-SD07-D-0025-1645
P-001646,12.986284,77.581132,F-07-05,D-0025,5,P-001642,LT-9m-PCC,W-57,560078,KSPDB-SD07-D-0025-1646
P-001647,12.986462,77.581128,F-07-05,D-0025,6,P-001644,LT-8m-PCC,W-69,560078,KSPDB-SD07-D-0025-1647
P-001648,12.986155,77.581261,F-07-05,D-0025,6,P-001646,LT-9m-PCC,W-39,560078,KSPDB-SD07-D-0025-1648
P-001649,12.986658,77.581109,F-07-05,D-0025,7,P-001647,LT-8m-PCC,W-69,560078,
P-001650,12.986041,77.5812,F-07-05,D-0025,7,P-001648,LT-9m-PCC,W-15,560078,KSPDB-SD07-D-0025-1650
P-001651,12.986829,77.580916,F-07-05,D-0025,8,P-001649,LT-8m-PCC,W-69,560078,KSPDB-SD07-D-0025-1651
P-001652,12.986862,77.580873,F-07-05,D-0025,9,P-001651,LT-8m-PCC,W-25,560078,KSPDB-SD07-D-0025-1652
P-001653,12.986467,77.581152,F-07-05,D-0025,8,P-001649,LT-9m-PCC,W-70,560078,KSPDB-SD07-D-0025-1653
P-001654,12.985924,77.581281,F-07-05,D-0025,8,P-001650,LT-8m-Steel,W-11,560078,KSPDB-SD07-D-0025-1654
P-001655,12.986166,77.581291,F-07-05,D-0025,8,P-001650,LT-9m-PCC,W-97,560078,KSPDB-SD07-D-0025-1655
P-001656,12.986995,77.58106,F-07-05,D-0025,9,P-001651,LT-8m-PCC,W-58,560078,KSPDB-SD07-D-0025-1656
P-001657,12.987032,77.581015,F-07-05,D-0025,10,P-001656,LT-9m-PCC,W-16,560078,KSPDB-SD07-D-0025-1657
P-001658,12.985805,77.581185,F-07-05,D-0025,9,P-001654,LT-8m-PCC,W-47,560078,KSPDB-SD07-D-0025-1658
P-001659,12.987172,77.580916,F-07-05,D-0025,11,P-001657,LT-9m-PCC,W-62,560078,KSPDB-SD07-D-0025-1659
P-001660,12.987116,77.580752,F-07-05,D-0025,12,P-001659,LT-8m-PCC,W-10,560078,KSPDB-SD07-D-0025-1660
P-001661,12.987317,77.580897,F-07-05,D-0025,12,P-001659,LT-9m-PCC,W-72,560078,
P-001662,12.987113,77.580933,F-07-05,D-0025,12,P-001659,LT-8m-Steel,W-41,,KSPDB-SD07-D-0025-1662
P-001663,12.985715,77.581208,F-07-05,D-0025,10,P-001658,LT-8m-PCC,W-10,560078,KSPDB-SD07-D-0025-1663
P-001664,12.985551,77.581177,F-07-05,D-0025,11,P-001663,LT-8m-PCC,W-50,560078,KSPDB-SD07-D-0025-1664
P-001665,12.987367,77.580949,F-07-05,D-0025,13,P-001661,LT-8m-Steel,W-81,560078,KSPDB-SD07-D-0025-1665
P-001666,12.987172,77.580972,F-07-05,D-0025,13,P-001662,LT-8m-Steel,W-52,560078,
P-001667,12.986976,77.580946,F-07-05,D-0025,14,P-001666,LT-8m-PCC,W-82,560078,KSPDB-SD07-D-0025-1667
P-001668,12.985696,77.581373,F-07-05,D-0025,11,P-001663,LT-9m-PCC,W-91,560078,KSPDB-SD07-D-0025-1668
P-001669,12.987285,77.580903,F-07-05,D-0025,14,P-001665,LT-8m-Steel,W-33,560078,KSPDB-SD07-D-0025-1669
P-001670,12.986939,77.581073,F-07-05,D-0025,15,P-001667,LT-8m-Steel,W-95,560078,KSPDB-SD07-D-0025-1670
P-001671,12.987132,77.580756,F-07-05,D-0025,15,P-001669,LT-9m-PCC,W-36,560078,KSPDB-SD07-D-0025-1671
P-001672,12.987267,77.580849,F-07-05,D-0025,15,P-001669,LT-8m-Steel,W-12,560078,
P-001673,12.987404,77.580985,F-07-05,D-0025,15,P-001669,LT-8m-PCC,W-86,560078,KSPDB-SD07-D-0025-1673
P-001674,12.987179,77.580993,F-07-05,D-0025,16,P-001672,LT-8m-Steel,W-81,560078,KSPDB-SD07-D-0025-1674
P-001675,12.987226,77.580886,F-07-05,D-0025,16,P-001671,LT-8m-PCC,W-74,560078,KSPDB-SD07-D-0025-1675
P-001676,12.987299,77.580985,F-07-05,D-0025,17,P-001674,LT-9m-PCC,W-62,560078,
P-001677,12.987348,77.581103,F-07-05,D-0025,16,P-001673,LT-8m-PCC,W-73,560078,KSPDB-SD07-D-0025-1677
P-001678,12.987237,77.581165,F-07-05,D-0025,17,P-001674,LT-9m-PCC,W-11,560078,KSPDB-SD07-D-0025-1678
P-001679,12.987224,77.581036,F-07-05,D-0025,17,P-001677,LT-9m-PCC,W-29,560078,
P-001680,12.987267,77.581254,F-07-05,D-0025,17,P-001677,LT-8m-PCC,W-80,560078,KSPDB-SD07-D-0025-1680
P-001681,12.98742,77.581166,F-07-05,D-0025,18,P-001676,LT-8m-Steel,W-50,560078,KSPDB-SD07-D-0025-1681
P-001682,12.987375,77.580999,F-07-05,D-0025,18,P-001679,LT-9m-PCC,W-65,560078,KSPDB-SD07-D-0025-1682
P-001683,12.987165,77.581222,F-07-05,D-0025,18,P-001679,LT-8m-Steel,W-69,560078,KSPDB-SD07-D-0025-1683
P-001684,12.987353,77.580974,F-07-05,D-0025,18,P-001679,LT-8m-PCC,W-74,560078,KSPDB-SD07-D-0025-1684
P-001685,12.987148,77.581219,F-07-05,D-0025,19,P-001683,LT-8m-PCC,W-99,560078,KSPDB-SD07-D-0025-1685
P-001686,12.987077,77.581172,F-07-05,D-0025,19,P-001683,LT-8m-Steel,W-39,560078,KSPDB-SD07-D-0025-1686
P-001687,12.987275,77.581138,F-07-05,D-0025,20,P-001686,LT-8m-PCC,W-39,560078,KSPDB-SD07-D-0025-1687
P-001688,12.98722,77.581291,F-07-05,D-0025,19,P-001683,LT-8m-PCC,W-74,560078,KSPDB-SD07-D-0025-1688
P-001689,12.987292,77.580966,F-07-05,D-0025,21,P-001687,LT-9m-PCC,W-75,560078,KSPDB-SD07-D-0025-1689
P-001690,12.987264,77.581075,F-07-05,D-0025,20,P-001686,LT-9m-PCC,W-27,560078,KSPDB-SD07-D-0025-1690
P-001691,12.987094,77.580775,F-07-05,D-0025,22,P-001689,LT-8m-PCC,W-32,560078,KSPDB-SD07-D-0025-1691
P-001692,12.987345,77.58102,F-07-05,D-0025,21,P-001687,LT-8m-PCC,W-10,560078,KSPDB-SD07-D-0025-1692
P-001693,12.987149,77.580725,F-07-05,D-0025,23,P-001691,LT-8m-PCC,W-68,560078,KSPDB-SD07-D-0025-1693
P-001694,12.986896,77.580577,F-07-05,D-0025,23,P-001691,LT-9m-PCC,W-33,560078,KSPDB-SD07-D-0025-1694
P-001695,12.987368,77.581124,F-07-05,D-0025,22,P-001692,LT-9m-PCC,W-81,560078,KSPDB-SD07-D-0025-1695
P-001696,12.986733,77.580439,F-07-05,D-0025,24,P-001694,LT-8m-PCC,W-69,560078,KSPDB-SD07-D-0025-1696
P-001697,12.987348,77.580897,F-07-05,D-0025,24,P-001693,LT-8m-Steel,W-11,560078,KSPDB-SD07-D-0025-1697
P-001698,12.986965,77.580478,F-07-05,D-0025,24,P-001694,LT-8m-Steel,W-97,560078,KSPDB-SD07-D-0025-1698
P-001699,12.986672,77.580425,F-07-05,D-0025,25,P-001696,LT-8m-PCC,W-97,560078,KSPDB-SD07-D-0025-1699
P-001700,12.986904,77.580491,F-07-05,D-0025,25,P-001696,LT-9m-PCC,W-12,560078,KSPDB-SD07-D-0025-1700
P-001701,12.98687,77.58048,F-07-05,D-0025,25,P-001696,LT-8m-PCC,W-76,560078,
P-001702,12.98696,77.58049,F-07-05,D-0025,26,P-001701,LT-8m-PCC,W-61,560078,KSPDB-SD07-D-0025-1702
P-001703,12.986823,77.580296,F-07-05,D-0025,25,P-001698,LT-8m-PCC,W-59,560078,
P-001704,12.986795,77.58043,F-07-05,D-0025,26,P-001701,LT-8m-Steel,W-64,560078,
P-001705,12.986958,77.58033,F-07-05,D-0025,26,P-001703,LT-8m-Steel,W-37,560078,KSPDB-SD07-D-0025-1705
P-001706,12.986746,77.580459,F-07-05,D-0025,26,P-001701,LT-9m-PCC,W-48,560078,KSPDB-SD07-D-0025-1706
P-001707,12.986783,77.580682,F-07-05,D-0025,27,P-001702,LT-8m-PCC,W-24,560078,KSPDB-SD07-D-0025-1707
P-001708,12.986844,77.580867,F-07-05,D-0025,28,P-001707,LT-9m-PCC,W-35,560078,KSPDB-SD07-D-0025-1708
P-001709,12.986963,77.580461,F-07-05,D-0025,27,P-001704,LT-9m-PCC,W-54,560078,KSPDB-SD07-D-0025-1709
P-001710,12.986861,77.58026,F-07-05,D-0025,27,P-001706,LT-8m-Steel,W-76,560078,KSPDB-SD07-D-0025-1710
P-001711,12.986829,77.580318,F-07-05,D-0025,28,P-001710,LT-8m-Steel,W-35,560078,KSPDB-SD07-D-0025-1711
P-001712,12.986653,77.580923,F-07-05,D-0025,29,P-001708,LT-8m-Steel,W-15,560078,KSPDB-SD07-D-0025-1712
P-001713,12.986985,77.580415,F-07-05,D-0025,28,P-001709,LT-8m-Steel,W-35,560078,
P-001714,12.986995,77.580319,F-07-05,D-0025,29,P-001711,LT-9m-PCC,W-19,560078,KSPDB-SD07-D-0025-1714
P-001715,12.98683,77.580258,F-07-05,D-0025,30,P-001714,LT-8m-PCC,W-40,560078,KSPDB-SD07-D-0025-1715
P-001716,12.986994,77.580141,F-07-05,D-0025,29,P-001711,LT-8m-PCC,W-18,560078,KSPDB-SD07-D-0025-1716
P-001717,12.986837,77.58086,F-07-05,D-0025,30,P-001712,LT-9m-PCC,W-23,560078,KSPDB-SD07-D-0025-1717
P-001718,12.987083,77.580214,F-07-05,D-0025,30,P-001714,LT-8m-Steel,W-13,,KSPDB-SD07-D-0025-1718
P-001719,12.987161,77.580005,F-07-05,D-0025,30,P-001716,LT-8m-Steel,W-97,560078,KSPDB-SD07-D-0025-1719
P-001720,12.987012,77.580682,F-07-05,D-0025,31,P-001717,LT-8m-Steel,W-28,,KSPDB-SD07-D-0025-1720
P-001721,12.987016,77.58002,F-07-05,D-0025,31,P-001719,LT-8m-Steel,W-38,560078,KSPDB-SD07-D-0025-1721
P-001722,12.959618,77.611267,F-07-03,D-0026,1,,LT-8m-Steel,W-25,560078,KSPDB-SD07-D-0026-1722
P-001723,12.959815,77.611367,F-07-03,D-0026,2,P-001722,LT-8m-PCC,W-60,560078,KSPDB-SD07-D-0026-1723
P-001724,12.959431,77.611163,F-07-03,D-0026,2,P-001722,LT-9m-PCC,W-92,560078,
P-001725,12.959886,77.611327,F-07-03,D-0026,3,P-001723,LT-8m-Steel,W-18,560078,
P-001726,12.959792,77.611379,F-07-03,D-0026,2,P-001722,LT-9m-PCC,W-93,560078,KSPDB-SD07-D-0026-1726
P-001727,12.960046,77.611278,F-07-03,D-0026,4,P-001725,LT-8m-Steel,W-60,560078,KSPDB-SD07-D-0026-1727
P-001728,12.959972,77.611317,F-07-03,D-0026,3,P-001723,LT-9m-PCC,W-99,560078,KSPDB-SD07-D-0026-1728
P-001729,12.959859,77.611347,F-07-03,D-0026,4,P-001728,LT-8m-Steel,W-57,560078,KSPDB-SD07-D-0026-1729
P-001730,12.959976,77.611407,F-07-03,D-0026,5,P-001727,LT-8m-PCC,W-31,560078,KSPDB-SD07-D-0026-1730
P-001731,12.960141,77.611373,F-07-03,D-0026,6,P-001730,LT-8m-PCC,W-70,560078,KSPDB-SD07-D-0026-1731
P-001732,12.960325,77.611502,F-07-03,D-0026,7,P-001731,LT-8m-PCC,W-76,560078,KSPDB-SD07-D-0026-1732
P-001733,12.960008,77.611315,F-07-03,D-0026,5,P-001729,LT-8m-PCC,W-77,560078,
P-001734,12.960436,77.611458,F-07-03,D-0026,8,P-001732,LT-9m-PCC,W-82,560078,KSPDB-SD07-D-0026-1734
P-001735,12.960498,77.611489,F-07-03,D-0026,9,P-001734,LT-8m-Steel,W-63,560078,KSPDB-SD07-D-0026-1735
P-001736,12.960228,77.611366,F-07-03,D-0026,8,P-001732,LT-9m-PCC,W-53,560078,KSPDB-SD07-D-0026-1736
P-001737,12.96033,77.611442,F-07-03,D-0026,9,P-001734,LT-8m-PCC,W-82,560078,KSPDB-SD07-D-0026-1737
P-001738,12.960496,77.6113,F-07-03,D-0026,10,P-001737,LT-8m-Steel,W-71,560078,KSPDB-SD07-D-0026-1738
P-001739,12.960536,77.611171,F-07-03,D-0026,11,P-001738,LT-8m-PCC,W-58,560078,KSPDB-SD07-D-0026-1739
P-001740,12.960539,77.611138,F-07-03,D-0026,11,P-001738,LT-9m-PCC,W-63,560078,KSPDB-SD07-D-0026-1740
P-001741,12.960183,77.611464,F-07-03,D-0026,9,P-001736,LT-9m-PCC,W-71,560078,KSPDB-SD07-D-0026-1741
P-001742,12.960477,77.611091,F-07-03,D-0026,12,P-001739,LT-8m-PCC,W-24,560078,KSPDB-SD07-D-0026-1742
P-001743,12.960486,77.611231,F-07-03,D-0026,12,P-001740,LT-8m-Steel,W-29,560078,KSPDB-SD07-D-0026-1743
P-001744,12.960315,77.611321,F-07-03,D-0026,13,P-001743,LT-8m-PCC,W-96,,KSPDB-SD07-D-0026-1744
P-001745,12.960495,77.61128,F-07-03,D-0026,14,P-001744,LT-8m-Steel,W-40,560078,KSPDB-SD07-D-0026-1745
P-001746,12.960145,77.611268,F-07-03,D-0026,14,P-001744,LT-8m-Steel,W-90,560078,KSPDB-SD07-D-0026-1746
P-001747,12.960532,77.611396,F-07-03,D-0026,15,P-001745,LT-8m-Steel,W-11,560078,KSPDB-SD07-D-0026-1747
P-001748,12.960188,77.611153,F-07-03,D-0026,15,P-001746,LT-8m-Steel,W-14,560078,KSPDB-SD07-D-0026-1748
P-001749,12.960014,77.611108,F-07-03,D-0026,16,P-001748,LT-8m-Steel,W-24,560078,KSPDB-SD07-D-0026-1749
P-001750,12.96052,77.611445,F-07-03,D-0026,15,P-001745,LT-8m-Steel,W-93,,KSPDB-SD07-D-0026-1750
P-001751,12.959838,77.611276,F-07-03,D-0026,17,P-001749,LT-8m-PCC,W-33,560078,KSPDB-SD07-D-0026-1751
P-001752,12.960191,77.611112,F-07-03,D-0026,17,P-001749,LT-8m-PCC,W-84,560078,KSPDB-SD07-D-0026-1752
P-001753,12.960065,77.610937,F-07-03,D-0026,17,P-001749,LT-8m-PCC,W-56,560078,KSPDB-SD07-D-0026-1753
P-001754,12.959847,77.611268,F-07-03,D-0026,17,P-001749,LT-9m-PCC,W-41,560078,KSPDB-SD07-D-0026-1754
P-001755,12.960343,77.610927,F-07-03,D-0026,18,P-001752,LT-8m-PCC,W-96,560078,KSPDB-SD07-D-0026-1755
P-001756,12.959759,77.611088,F-07-03,D-0026,18,P-001754,LT-8m-Steel,W-36,560078,KSPDB-SD07-D-0026-1756
P-001757,12.960286,77.610964,F-07-03,D-0026,19,P-001755,LT-8m-PCC,W-92,560078,KSPDB-SD07-D-0026-1757
P-001758,12.960294,77.610939,F-07-03,D-0026,19,P-001755,LT-8m-PCC,W-54,560078,KSPDB-SD07-D-0026-1758
P-001759,12.959581,77.611151,F-07-03,D-0026,19,P-001756,LT-8m-PCC,W-20,560078,KSPDB-SD07-D-0026-1759
P-001760,12.960451,77.610969,F-07-03,D-0026,20,P-001757,LT-8m-Steel,W-38,560078,KSPDB-SD07-D-0026-1760
P-001761,12.959874,77.611227,F-07-03,D-0026,19,P-001756,LT-8m-Steel,W-84,560078,KSPDB-SD07-D-0026-1761
P-001762,12.960466,77.610819,F-07-03,D-0026,20,P-001758,LT-8m-PCC,W-82,560078,
P-001763,12.960385,77.610908,F-07-03,D-0026,21,P-001760,LT-8m-Steel,W-45,560078,KSPDB-SD07-D-0026-1763
P-001764,12.959711,77.611108,F-07-03,D-0026,20,P-001761,LT-8m-PCC,W-41,560078,KSPDB-SD07-D-0026-1764
P-001765,12.959698,77.611209,F-07-03,D-0026,20,P-001761,LT-8m-Steel,W-37,560078,
P-001766,12.960214,77.61097,F-07-03,D-0026,22,P-001763,LT-8m-Steel,W-14,560078,KSPDB-SD07-D-0026-1766
P-001767,12.960379,77.610965,F-07-03,D-0026,22,P-001763,LT-9m-PCC,W-30,560078,KSPDB-SD07-D-0026-1767
P-001768,12.959776,77.611391,F-07-03,D-0026,21,P-001765,LT-9m-PCC,W-58,,
P-001769,12.959805,77.611372,F-07-03,D-0026,22,P-001768,LT-8m-Steel,W-80,560078,KSPDB-SD07-D-0026-1769
P-001770,12.95955,77.611159,F-07-03,D-0026,21,P-001765,LT-8m-PCC,W-84,560078,KSPDB-SD07-D-0026-1770
P-001771,12.959595,77.611289,F-07-03,D-0026,22,P-001768,LT-8m-Steel,W-72,560078,KSPDB-SD07-D-0026-1771
P-001772,12.959935,77.611438,F-07-03,D-0026,22,P-001768,LT-9m-PCC,W-82,560078,
P-001773,12.959832,77.611356,F-07-03,D-0026,23,P-001772,LT-9m-PCC,W-31,560078,KSPDB-SD07-D-0026-1773
P-001774,12.959618,77.611276,F-07-03,D-0026,22,P-001770,LT-8m-Steel,W-42,560078,
P-001775,12.959698,77.61136,F-07-03,D-0026,23,P-001774,LT-8m-Steel,W-64,560078,KSPDB-SD07-D-0026-1775
P-001776,12.959517,77.611325,F-07-03,D-0026,23,P-001774,LT-9m-PCC,W-75,560078,KSPDB-SD07-D-0026-1776
P-001777,12.959799,77.611256,F-07-03,D-0026,24,P-001775,LT-9m-PCC,W-46,560078,KSPDB-SD07-D-0026-1777
P-001778,12.959559,77.611256,F-07-03,D-0026,24,P-001776,LT-9m-PCC,W-30,560078,
P-001779,12.959712,77.611103,F-07-03,D-0026,25,P-001778,LT-8m-Steel,W-51,560078,KSPDB-SD07-D-0026-1779
P-001780,12.959655,77.611321,F-07-03,D-0026,24,P-001776,LT-9m-PCC,W-50,560078,KSPDB-SD07-D-0026-1780
P-001781,12.959647,77.610973,F-07-03,D-0026,26,P-001779,LT-9m-PCC,W-37,560078,KSPDB-SD07-D-0026-1781
P-001782,12.959719,77.611388,F-07-03,D-0026,25,P-001777,LT-9m-PCC,W-56,560078,KSPDB-SD07-D-0026-1782
P-001783,12.959534,77.611089,F-07-03,D-0026,25,P-001778,LT-8m-Steel,W-72,560078,KSPDB-SD07-D-0026-1783
P-001784,12.959637,77.611286,F-07-03,D-0026,26,P-001783,LT-8m-Steel,W-96,560078,KSPDB-SD07-D-0026-1784
P-001785,12.959647,77.611042,F-07-03,D-0026,26,P-001783,LT-9m-PCC,W-92,560078,KSPDB-SD07-D-0026-1785
P-001786,12.959845,77.610843,F-07-03,D-0026,27,P-001785,LT-8m-Steel,W-43,560078,KSPDB-SD07-D-0026-1786
P-001787,12.959608,77.611172,F-07-03,D-0026,27,P-001784,LT-8m-PCC,W-77,560078,KSPDB-SD07-D-0026-1787
P-001788,12.959686,77.611288,F-07-03,D-0026,28,P-001787,LT-8m-Steel,W-97,560078,KSPDB-SD07-D-0026-1788
P-001789,12.959933,77.61087,F-07-03,D-0026,28,P-001786,LT-8m-Steel,W-61,560078,KSPDB-SD07-D-0026-1789
P-001790,12.959839,77.610748,F-07-03,D-0026,29,P-001789,LT-8m-PCC,W-12,560078,KSPDB-SD07-D-0026-1790
P-001791,12.960044,77.610799,F-07-03,D-0026,28,P-001786,LT-8m-Steel,W-15,560078,KSPDB-SD07-D-0026-1791
P-001792,12.963441,77.610948,F-07-05,D-0027,,,LT-8m-Steel,W-92,560078,KSPDB-SD07-D-0027-1792
P-001793,12.963609,77.611048,F-07-05,D-0027,,,LT-8m-Steel,W-70,560078,KSPDB-SD07-D-0027-1793
P-001794,12.963401,77.610943,F-07-05,D-0027,,,LT-8m-PCC,W-51,560078,
P-001795,12.963776,77.611211,F-07-05,D-0027,,,LT-8m-Steel,W-15,560078,KSPDB-SD07-D-0027-1795
P-001796,12.963599,77.610766,F-07-05,D-0027,,,LT-8m-Steel,W-91,560078,KSPDB-SD07-D-0027-1796
P-001797,12.963439,77.610809,F-07-05,D-0027,,,LT-8m-PCC,W-20,560078,
P-001798,12.963599,77.611114,F-07-05,D-0027,,,LT-8m-PCC,W-11,560078,
P-001799,12.963431,77.610897,F-07-05,D-0027,,,LT-8m-PCC,W-91,560078,KSPDB-SD07-D-0027-1799
P-001800,12.963568,77.61089,F-07-05,D-0027,,,LT-8m-PCC,W-70,560078,KSPDB-SD07-D-0027-1800
P-001801,12.963558,77.610805,F-07-05,D-0027,,,LT-9m-PCC,W-99,560078,
P-001802,12.963727,77.611279,F-07-05,D-0027,,,LT-9m-PCC,W-21,560078,KSPDB-SD07-D-0027-1802
P-001803,12.963796,77.611154,F-07-05,D-0027,,,LT-8m-PCC,W-89,560078,
P-001804,12.963558,77.611164,F-07-05,D-0027,,,LT-9m-PCC,W-19,560078,KSPDB-SD07-D-0027-1804
P-001805,12.963494,77.610822,F-07-05,D-0027,,,LT-8m-Steel,W-33,560078,KSPDB-SD07-D-0027-1805
P-001806,12.963778,77.611098,F-07-05,D-0027,,,LT-9m-PCC,W-45,560078,KSPDB-SD07-D-0027-1806
P-001807,12.96368,77.610928,F-07-05,D-0027,,,LT-8m-Steel,W-25,560078,KSPDB-SD07-D-0027-1807
P-001808,12.963833,77.610958,F-07-05,D-0027,,,LT-8m-PCC,W-66,560078,
P-001809,12.963499,77.610734,F-07-05,D-0027,,,LT-9m-PCC,W-39,560078,KSPDB-SD07-D-0027-1809
P-001810,12.963387,77.610739,F-07-05,D-0027,,,LT-8m-PCC,W-53,560078,
P-001811,12.963376,77.610912,F-07-05,D-0027,,,LT-8m-Steel,W-13,560078,KSPDB-SD07-D-0027-1811
P-001812,12.963685,77.610819,F-07-05,D-0027,,,LT-8m-Steel,W-43,560078,KSPDB-SD07-D-0027-1812
P-001813,12.963702,77.610641,F-07-05,D-0027,,,LT-9m-PCC,W-37,560078,KSPDB-SD07-D-0027-1813
P-001814,12.963627,77.610494,F-07-05,D-0027,,,LT-8m-Steel,W-64,560078,KSPDB-SD07-D-0027-1814
P-001815,12.963321,77.610802,F-07-05,D-0027,,,LT-9m-PCC,W-63,560078,KSPDB-SD07-D-0027-1815
P-001816,12.963374,77.610724,F-07-05,D-0027,,,LT-8m-Steel,W-71,560078,KSPDB-SD07-D-0027-1816
P-001817,12.963646,77.610663,F-07-05,D-0027,,,LT-9m-PCC,W-59,560078,KSPDB-SD07-D-0027-1817
P-001818,12.963737,77.610502,F-07-05,D-0027,,,LT-8m-PCC,W-49,560078,
P-001819,12.963637,77.610465,F-07-05,D-0027,,,LT-8m-Steel,W-35,560078,KSPDB-SD07-D-0027-1819
P-001820,12.963228,77.610916,F-07-05,D-0027,,,LT-8m-PCC,W-82,560078,KSPDB-SD07-D-0027-1820
P-001821,12.963462,77.610341,F-07-05,D-0027,,,LT-8m-Steel,W-67,560078,KSPDB-SD07-D-0027-1821
P-001822,12.963748,77.610546,F-07-05,D-0027,,,LT-9m-PCC,W-36,560078,KSPDB-SD07-D-0027-1822
P-001823,12.963811,77.610364,F-07-05,D-0027,,,LT-8m-Steel,W-83,560078,KSPDB-SD07-D-0027-1823
P-001824,12.963114,77.611076,F-07-05,D-0027,,,LT-8m-PCC,W-29,560078,KSPDB-SD07-D-0027-1824
P-001825,12.963103,77.611164,F-07-05,D-0027,,,LT-9m-PCC,W-40,560078,KSPDB-SD07-D-0027-1825
P-001826,12.963788,77.610443,F-07-05,D-0027,,,LT-9m-PCC,W-82,560078,KSPDB-SD07-D-0027-1826
P-001827,12.963227,77.61116,F-07-05,D-0027,,,LT-9m-PCC,W-99,,KSPDB-SD07-D-0027-1827
P-001828,12.963294,77.611053,F-07-05,D-0027,,,LT-8m-Steel,W-88,,
P-001829,12.963474,77.611182,F-07-05,D-0027,,,LT-8m-Steel,W-74,560078,KSPDB-SD07-D-0027-1829
P-001830,12.963099,77.611038,F-07-05,D-0027,,,LT-8m-PCC,W-75,560078,KSPDB-SD07-D-0027-1830
P-001831,12.962924,77.610996,F-07-05,D-0027,,,LT-8m-Steel,W-62,560078,KSPDB-SD07-D-0027-1831
P-001832,12.963346,77.611235,F-07-05,D-0027,,,LT-8m-PCC,W-47,560078,KSPDB-SD07-D-0027-1832
P-001833,12.962978,77.61104,F-07-05,D-0027,,,LT-9m-PCC,W-17,560078,KSPDB-SD07-D-0027-1833
P-001834,12.962786,77.611196,F-07-05,D-0027,,,LT-9m-PCC,W-34,560078,
P-001835,12.962644,77.611294,F-07-05,D-0027,,,LT-8m-Steel,W-83,560078,KSPDB-SD07-D-0027-1835
P-001836,12.962782,77.610804,F-07-05,D-0027,,,LT-9m-PCC,W-90,560078,
P-001837,12.962571,77.611172,F-07-05,D-0027,,,LT-9m-PCC,W-95,560078,KSPDB-SD07-D-0027-1837
P-001838,12.962807,77.611213,F-07-05,D-0027,,,LT-9m-PCC,W-52,560078,KSPDB-SD07-D-0027-1838
P-001839,12.962675,77.611116,F-07-05,D-0027,,,LT-8m-PCC,W-77,560078,KSPDB-SD07-D-0027-1839
P-001840,12.962764,77.611047,F-07-05,D-0027,,,LT-8m-PCC,W-68,560078,KSPDB-SD07-D-0027-1840
P-001841,12.962751,77.611239,F-07-05,D-0027,,,LT-8m-PCC,W-40,560078,KSPDB-SD07-D-0027-1841
P-001842,12.962611,77.611053,F-07-05,D-0027,,,LT-8m-Steel,W-73,560078,KSPDB-SD07-D-0027-1842
P-001843,12.96273,77.610919,F-07-05,D-0027,,,LT-8m-PCC,W-52,560078,
P-001844,12.962615,77.611392,F-07-05,D-0027,,,LT-9m-PCC,W-99,560078,KSPDB-SD07-D-0027-1844
P-001845,12.962422,77.611357,F-07-05,D-0027,,,LT-8m-PCC,W-32,560078,KSPDB-SD07-D-0027-1845
P-001846,12.962669,77.611103,F-07-05,D-0027,,,LT-8m-Steel,W-89,560078,KSPDB-SD07-D-0027-1846
P-001847,12.962349,77.611314,F-07-05,D-0027,,,LT-8m-PCC,W-81,560078,KSPDB-SD07-D-0027-1847
P-001848,12.9625,77.611558,F-07-05,D-0027,,,LT-9m-PCC,W-40,560078,KSPDB-SD07-D-0027-1848
P-001849,12.962364,77.611385,F-07-05,D-0027,,,LT-8m-Steel,W-60,560078,KSPDB-SD07-D-0027-1849
P-001850,12.962565,77.61139,F-07-05,D-0027,,,LT-8m-Steel,W-10,560078,KSPDB-SD07-D-0027-1850
P-001851,12.962408,77.61125,F-07-05,D-0027,,,LT-8m-PCC,W-55,560078,KSPDB-SD07-D-0027-1851
P-001852,12.962739,77.611352,F-07-05,D-0027,,,LT-8m-PCC,W-12,560078,KSPDB-SD07-D-0027-1852
P-001853,12.962172,77.611363,F-07-05,D-0027,,,LT-8m-PCC,W-37,560078,KSPDB-SD07-D-0027-1853
P-001854,12.962907,77.611186,F-07-05,D-0027,,,LT-8m-PCC,W-79,560078,KSPDB-SD07-D-0027-1854
P-001855,12.962089,77.611449,F-07-05,D-0027,,,LT-8m-PCC,W-51,560078,KSPDB-SD07-D-0027-1855
P-001856,12.962981,77.611106,F-07-05,D-0027,,,LT-8m-Steel,W-90,560078,KSPDB-SD07-D-0027-1856
P-001857,12.961988,77.611484,F-07-05,D-0027,,,LT-8m-Steel,W-57,560078,KSPDB-SD07-D-0027-1857
P-001858,12.963123,77.611122,F-07-05,D-0027,,,LT-8m-Steel,W-22,560078,KSPDB-SD07-D-0027-1858
P-001859,12.963124,77.610981,F-07-05,D-0027,,,LT-9m-PCC,W-56,560078,KSPDB-SD07-D-0027-1859
P-001860,12.961923,77.611504,F-07-05,D-0027,,,LT-9m-PCC,W-45,560078,KSPDB-SD07-D-0027-1860
P-001861,12.962944,77.611296,F-07-05,D-0027,,,LT-9m-PCC,W-31,560078,KSPDB-SD07-D-0027-1861
P-001862,12.962157,77.611338,F-07-05,D-0027,,,LT-8m-Steel,W-67,560078,KSPDB-SD07-D-0027-1862
P-001863,12.981345,77.588294,F-07-01,D-0028,1,,LT-8m-PCC,W-89,560078,
P-001864,12.981485,77.588238,F-07-01,D-0028,2,P-001863,LT-8m-PCC,W-39,560078,KSPDB-SD07-D-0028-1864
P-001865,12.981294,77.588142,F-07-01,D-0028,3,P-001864,LT-8m-Steel,W-35,560078,KSPDB-SD07-D-0028-1865
P-001866,12.981165,77.588076,F-07-01,D-0028,4,P-001865,LT-8m-PCC,W-55,560078,KSPDB-SD07-D-0028-1866
P-001867,12.981325,77.588441,F-07-01,D-0028,2,P-001863,LT-8m-Steel,W-78,560078,
P-001868,12.981491,77.58823,F-07-01,D-0028,3,P-001864,LT-9m-PCC,W-63,560078,KSPDB-SD07-D-0028-1868
P-001869,12.98126,77.58847,F-07-01,D-0028,3,P-001867,LT-8m-Steel,W-86,560078,
P-001870,12.981435,77.588519,F-07-01,D-0028,4,P-001869,LT-9m-PCC,W-78,560078,KSPDB-SD07-D-0028-1870
P-001871,12.981622,77.588552,F-07-01,D-0028,5,P-001870,LT-9m-PCC,W-75,560078,KSPDB-SD07-D-0028-1871
P-001872,12.981316,77.588378,F-07-01,D-0028,4,P-001869,LT-8m-Steel,W-61,560078,KSPDB-SD07-D-0028-1872
P-001873,12.981366,77.588411,F-07-01,D-0028,5,P-001872,LT-8m-Steel,W-10,,KSPDB-SD07-D-0028-1873
P-001874,12.981422,77.588374,F-07-01,D-0028,6,P-001873,LT-9m-PCC,W-38,560078,KSPDB-SD07-D-0028-1874
P-001875,12.981644,77.588584,F-07-01,D-0028,6,P-001871,LT-9m-PCC,W-43,560078,KSPDB-SD07-D-0028-1875
P-001876,12.981529,77.588284,F-07-01,D-0028,7,P-001874,LT-8m-PCC,W-57,560078,KSPDB-SD07-D-0028-1876
P-001877,12.981521,77.588557,F-07-01,D-0028,7,P-001875,LT-9m-PCC,W-43,560078,
P-001878,12.981672,77.58858,F-07-01,D-0028,8,P-001877,LT-8m-Steel,W-18,560078,KSPDB-SD07-D-0028-1878
P-001879,12.981612,77.588426,F-07-01,D-0028,8,P-001876,LT-8m-PCC,W-38,560078,KSPDB-SD07-D-0028-1879
P-001880,12.981733,77.588528,F-07-01,D-0028,9,P-001879,LT-8m-PCC,W-86,560078,KSPDB-SD07-D-0028-1880
P-001881,12.981632,77.588394,F-07-01,D-0028,8,P-001877,LT-8m-PCC,W-44,560078,KSPDB-SD07-D-0028-1881
P-001882,12.981493,77.588431,F-07-01,D-0028,8,P-001877,LT-8m-PCC,W-45,560078,KSPDB-SD07-D-0028-1882
P-001883,12.981541,77.588454,F-07-01,D-0028,10,P-001880,LT-8m-PCC,W-94,560078,KSPDB-SD07-D-0028-1883
P-001884,12.981555,77.588355,F-07-01,D-0028,11,P-001883,LT-8m-Steel,W-29,560078,KSPDB-SD07-D-0028-1884
P-001885,12.981621,77.588353,F-07-01,D-0028,11,P-001883,LT-8m-Steel,W-17,560078,
P-001886,12.981372,77.58846,F-07-01,D-0028,12,P-001884,LT-8m-PCC,W-69,560078,KSPDB-SD07-D-0028-1886
P-001887,12.98129,77.588302,F-07-01,D-0028,13,P-001886,LT-8m-Steel,W-71,560078,KSPDB-SD07-D-0028-1887
P-001888,12.981317,77.588279,F-07-01,D-0028,13,P-001886,LT-8m-PCC,W-15,560078,KSPDB-SD07-D-0028-1888
P-001889,12.981152,77.588375,F-07-01,D-0028,14,P-001887,LT-9m-PCC,W-96,560078,KSPDB-SD07-D-0028-1889
P-001890,12.98126,77.588443,F-07-01,D-0028,15,P-001889,LT-8m-Steel,W-12,560078,KSPDB-SD07-D-0028-1890
P-001891,12.981489,77.588387,F-07-01,D-0028,14,P-001887,LT-8m-PCC,W-44,560078,KSPDB-SD07-D-0028-1891
P-001892,12.981393,77.588213,F-07-01,D-0028,15,P-001891,LT-8m-PCC,W-54,560078,KSPDB-SD07-D-0028-1892
P-001893,12.981142,77.58843,F-07-01,D-0028,16,P-001890,LT-9m-PCC,W-37,560078,
P-001894,12.981187,77.588317,F-07-01,D-0028,17,P-001893,LT-8m-PCC,W-80,560078,KSPDB-SD07-D-0028-1894
P-001895,12.981383,77.588284,F-07-01,D-0028,18,P-001894,LT-8m-PCC,W-37,560078,KSPDB-SD07-D-0028-1895
P-001896,12.981369,77.58838,F-07-01,D-0028,18,P-001894,LT-8m-Steel,W-56,,KSPDB-SD07-D-0028-1896
P-001897,12.981305,77.588099,F-07-01,D-0028,19,P-001895,LT-9m-PCC,W-47,560078,KSPDB-SD07-D-0028-1897
P-001898,12.981338,77.588541,F-07-01,D-0028,19,P-001896,LT-8m-PCC,W-44,560078,KSPDB-SD07-D-0028-1898
P-001899,12.981449,77.58816,F-07-01,D-0028,19,P-001895,LT-8m-Steel,W-90,560078,KSPDB-SD07-D-0028-1899
P-001900,12.981313,77.588192,F-07-01,D-0028,20,P-001899,LT-9m-PCC,W-99,560078,
P-001901,12.98134,77.588077,F-07-01,D-0028,21,P-001900,LT-9m-PCC,W-16,560078,KSPDB-SD07-D-0028-1901
P-001902,12.981451,77.588396,F-07-01,D-0028,20,P-001898,LT-8m-PCC,W-26,560078,KSPDB-SD07-D-0028-1902
P-001903,12.981547,77.587968,F-07-01,D-0028,20,P-001899,LT-8m-PCC,W-71,560078,KSPDB-SD07-D-0028-1903
P-001904,12.981535,77.588426,F-07-01,D-0028,21,P-001902,LT-8m-Steel,W-42,560078,KSPDB-SD07-D-0028-1904
P-001905,12.981193,77.588292,F-07-01,D-0028,21,P-001900,LT-8m-PCC,W-22,560078,KSPDB-SD07-D-0028-1905
P-001906,12.981529,77.588158,F-07-01,D-0028,22,P-001901,LT-8m-Steel,W-19,560078,KSPDB-SD07-D-0028-1906
P-001907,12.981408,77.588322,F-07-01,D-0028,22,P-001904,LT-8m-Steel,W-48,560078,KSPDB-SD07-D-0028-1907
P-001908,12.981685,77.587965,F-07-01,D-0028,21,P-001903,LT-8m-Steel,W-75,560078,KSPDB-SD07-D-0028-1908
P-001909,12.981396,77.588291,F-07-01,D-0028,23,P-001906,LT-9m-PCC,W-55,560078,KSPDB-SD07-D-0028-1909
P-001910,12.981573,77.588244,F-07-01,D-0028,23,P-001906,LT-8m-PCC,W-81,560078,KSPDB-SD07-D-0028-1910
P-001911,12.981626,77.588171,F-07-01,D-0028,23,P-001906,LT-9m-PCC,W-88,560078,KSPDB-SD07-D-0028-1911
P-001912,12.981731,77.58806,F-07-01,D-0028,22,P-001908,LT-9m-PCC,W-29,560078,KSPDB-SD07-D-0028-1912
P-001913,12.981691,77.588121,F-07-01,D-0028,24,P-001910,LT-9m-PCC,W-26,,KSPDB-SD07-D-0028-1913
P-001914,12.981606,77.588282,F-07-01,D-0028,24,P-001910,LT-8m-PCC,W-57,560078,KSPDB-SD07-D-0028-1914
P-001915,12.981596,77.587925,F-07-01,D-0028,23,P-001912,LT-9m-PCC,W-42,560078,KSPDB-SD07-D-0028-1915
P-001916,12.981824,77.588028,F-07-01,D-0028,25,P-001913,LT-8m-PCC,W-73,560078,KSPDB-SD07-D-0028-1916
P-001917,12.981644,77.587987,F-07-01,D-0028,24,P-001915,LT-8m-Steel,W-50,560078,KSPDB-SD07-D-0028-1917
P-001918,12.981741,77.58797,F-07-01,D-0028,24,P-001915,LT-8m-Steel,W-95,560078,KSPDB-SD07-D-0028-1918
P-001919,12.981439,77.58838,F-07-01,D-0028,25,P-001914,LT-8m-PCC,W-15,560078,KSPDB-SD07-D-0028-1919
P-001920,12.981533,77.588167,F-07-01,D-0028,25,P-001917,LT-8m-Steel,W-48,560078,KSPDB-SD07-D-0028-1920
P-001921,12.981435,77.588176,F-07-01,D-0028,26,P-001920,LT-9m-PCC,W-99,560078,
P-001922,12.981327,77.588286,F-07-01,D-0028,27,P-001921,LT-9m-PCC,W-44,560078,KSPDB-SD07-D-0028-1922
P-001923,12.981618,77.588362,F-07-01,D-0028,26,P-001920,LT-8m-PCC,W-70,560078,
P-001924,12.981322,77.588419,F-07-01,D-0028,28,P-001922,LT-8m-Steel,W-83,560078,KSPDB-SD07-D-0028-1924
P-001925,12.981386,77.588165,F-07-01,D-0028,27,P-001921,LT-8m-Steel,W-30,560078,KSPDB-SD07-D-0028-1925
P-001926,12.981244,77.588345,F-07-01,D-0028,29,P-001924,LT-8m-Steel,W-54,560078,KSPDB-SD07-D-0028-1926
P-001927,12.981435,77.588283,F-07-01,D-0028,28,P-001925,LT-9m-PCC,W-81,560078,KSPDB-SD07-D-0028-1927
P-001928,12.98141,77.588359,F-07-01,D-0028,29,P-001924,LT-8m-Steel,W-84,560078,KSPDB-SD07-D-0028-1928
P-001929,12.98133,77.58827,F-07-01,D-0028,29,P-001924,LT-9m-PCC,W-88,560078,KSPDB-SD07-D-0028-1929
P-001930,12.981484,77.588177,F-07-01,D-0028,30,P-001929,LT-8m-Steel,W-49,560078,KSPDB-SD07-D-0028-1930
P-001931,12.981364,77.588091,F-07-01,D-0028,29,P-001927,LT-9m-PCC,W-94,560078,KSPDB-SD07-D-0028-1931
P-001932,12.981305,77.587904,F-07-01,D-0028,30,P-001931,LT-8m-Steel,W-93,560078,KSPDB-SD07-D-0028-1932
P-001933,12.981289,77.588087,F-07-01,D-0028,31,P-001930,LT-8m-Steel,W-75,560078,KSPDB-SD07-D-0028-1933
P-001934,12.981183,77.587928,F-07-01,D-0028,31,P-001932,LT-8m-PCC,W-49,560078,
P-001935,12.981157,77.587977,F-07-01,D-0028,32,P-001934,LT-8m-Steel,W-15,560078,KSPDB-SD07-D-0028-1935
P-001936,12.981316,77.588121,F-07-01,D-0028,32,P-001934,LT-8m-Steel,W-67,560078,KSPDB-SD07-D-0028-1936
P-001937,12.98138,77.5881,F-07-01,D-0028,32,P-001934,LT-8m-Steel,W-80,560078,KSPDB-SD07-D-0028-1937
P-001938,12.981044,77.588068,F-07-01,D-0028,32,P-001934,LT-8m-PCC,W-36,560078,KSPDB-SD07-D-0028-1938
P-001939,12.98127,77.588293,F-07-01,D-0028,33,P-001937,LT-9m-PCC,W-31,560078,KSPDB-SD07-D-0028-1939
P-001940,12.981358,77.588197,F-07-01,D-0028,33,P-001937,LT-8m-Steel,W-80,560078,KSPDB-SD07-D-0028-1940
P-001941,12.981238,77.588292,F-07-01,D-0028,34,P-001939,LT-8m-Steel,W-22,560078,KSPDB-SD07-D-0028-1941
P-001942,12.981182,77.587897,F-07-01,D-0028,33,P-001938,LT-8m-PCC,W-56,560078,KSPDB-SD07-D-0028-1942
P-001943,12.981178,77.588246,F-07-01,D-0028,34,P-001939,LT-8m-PCC,W-42,560078,KSPDB-SD07-D-0028-1943
P-001944,12.981279,77.588242,F-07-01,D-0028,34,P-001940,LT-8m-PCC,W-33,560078,KSPDB-SD07-D-0028-1944
P-001945,12.981324,77.588223,F-07-01,D-0028,35,P-001941,LT-9m-PCC,W-27,560078,KSPDB-SD07-D-0028-1945
P-001946,12.981029,77.587937,F-07-01,D-0028,34,P-001942,LT-8m-PCC,W-41,560078,KSPDB-SD07-D-0028-1946
P-001947,12.981317,77.587726,F-07-01,D-0028,34,P-001942,LT-8m-PCC,W-75,560078,KSPDB-SD07-D-0028-1947
P-001948,12.982022,77.600199,F-07-02,D-0029,,,LT-8m-Steel,W-28,560078,KSPDB-SD07-D-0029-1948
P-001949,12.98194,77.600112,F-07-02,D-0029,,,LT-8m-PCC,W-85,560078,KSPDB-SD07-D-0029-1949
P-001950,12.981918,77.600097,F-07-02,D-0029,,,LT-9m-PCC,W-10,560078,KSPDB-SD07-D-0029-1950
P-001951,12.982144,77.60014,F-07-02,D-0029,,,LT-8m-Steel,W-25,560078,KSPDB-SD07-D-0029-1951
P-001952,12.982055,77.600284,F-07-02,D-0029,,,LT-8m-Steel,W-20,560078,
P-001953,12.982252,77.600183,F-07-02,D-0029,,,LT-8m-PCC,W-61,560078,KSPDB-SD07-D-0029-1953
P-001954,12.982058,77.600237,F-07-02,D-0029,,,LT-8m-PCC,W-99,560078,KSPDB-SD07-D-0029-1954
P-001955,12.982171,77.600121,F-07-02,D-0029,,,LT-8m-Steel,W-20,560078,KSPDB-SD07-D-0029-1955
P-001956,12.982168,77.600144,F-07-02,D-0029,,,LT-8m-PCC,W-41,560078,KSPDB-SD07-D-0029-1956
P-001957,12.982152,77.600272,F-07-02,D-0029,,,LT-8m-PCC,W-54,560078,KSPDB-SD07-D-0029-1957
P-001958,12.981934,77.600255,F-07-02,D-0029,,,LT-8m-PCC,W-88,,KSPDB-SD07-D-0029-1958
P-001959,12.982309,77.600115,F-07-02,D-0029,,,LT-8m-PCC,W-56,560078,
P-001960,12.981796,77.600301,F-07-02,D-0029,,,LT-8m-PCC,W-87,560078,KSPDB-SD07-D-0029-1960
P-001961,12.982203,77.60023,F-07-02,D-0029,,,LT-8m-Steel,W-32,560078,KSPDB-SD07-D-0029-1961
P-001962,12.981671,77.600449,F-07-02,D-0029,,,LT-8m-PCC,W-15,560078,KSPDB-SD07-D-0029-1962
P-001963,12.982335,77.60041,F-07-02,D-0029,,,LT-9m-PCC,W-39,560078,KSPDB-SD07-D-0029-1963
P-001964,12.982333,77.600304,F-07-02,D-0029,,,LT-9m-PCC,W-97,,KSPDB-SD07-D-0029-1964
P-001965,12.982315,77.600502,F-07-02,D-0029,,,LT-9m-PCC,W-92,560078,KSPDB-SD07-D-0029-1965
P-001966,12.982326,77.600302,F-07-02,D-0029,,,LT-8m-PCC,W-80,560078,KSPDB-SD07-D-0029-1966
P-001967,12.982476,77.600395,F-07-02,D-0029,,,LT-9m-PCC,W-43,560078,KSPDB-SD07-D-0029-1967
P-001968,12.982284,77.600248,F-07-02,D-0029,,,LT-8m-PCC,W-68,560078,KSPDB-SD07-D-0029-1968
P-001969,12.982405,77.600166,F-07-02,D-0029,,,LT-9m-PCC,W-51,560078,KSPDB-SD07-D-0029-1969
P-001970,12.98239,77.600327,F-07-02,D-0029,,,LT-8m-Steel,W-77,560078,KSPDB-SD07-D-0029-1970
P-001971,12.982653,77.600365,F-07-02,D-0029,,,LT-8m-Steel,W-58,560078,KSPDB-SD07-D-0029-1971
P-001972,12.982224,77.600436,F-07-02,D-0029,,,LT-8m-PCC,W-96,560078,KSPDB-SD07-D-0029-1972
P-001973,12.982091,77.600587,F-07-02,D-0029,,,LT-9m-PCC,W-33,560078,KSPDB-SD07-D-0029-1973
P-001974,12.982531,77.600003,F-07-02,D-0029,,,LT-9m-PCC,W-76,560078,KSPDB-SD07-D-0029-1974
P-001975,12.982725,77.600209,F-07-02,D-0029,,,LT-9m-PCC,W-12,560078,KSPDB-SD07-D-0029-1975
P-001976,12.982192,77.600785,F-07-02,D-0029,,,LT-8m-Steel,W-89,560078,KSPDB-SD07-D-0029-1976
P-001977,12.982349,77.600159,F-07-02,D-0029,,,LT-8m-Steel,W-40,560078,KSPDB-SD07-D-0029-1977
P-001978,12.982401,77.600298,F-07-02,D-0029,,,LT-9m-PCC,W-15,560078,KSPDB-SD07-D-0029-1978
P-001979,12.982626,77.600078,F-07-02,D-0029,,,LT-8m-PCC,W-27,560078,KSPDB-SD07-D-0029-1979
P-001980,12.98289,77.60005,F-07-02,D-0029,,,LT-9m-PCC,W-47,560078,KSPDB-SD07-D-0029-1980
P-001981,12.982163,77.600116,F-07-02,D-0029,,,LT-8m-PCC,W-40,560078,KSPDB-SD07-D-0029-1981
P-001982,12.982455,77.599952,F-07-02,D-0029,,,LT-9m-PCC,W-60,560078,KSPDB-SD07-D-0029-1982
P-001983,12.982247,77.599936,F-07-02,D-0029,,,LT-8m-Steel,W-58,560078,KSPDB-SD07-D-0029-1983
P-001984,12.982126,77.60002,F-07-02,D-0029,,,LT-9m-PCC,W-52,560078,KSPDB-SD07-D-0029-1984
P-001985,12.981996,77.600022,F-07-02,D-0029,,,LT-9m-PCC,W-75,560078,KSPDB-SD07-D-0029-1985
P-001986,12.982157,77.600177,F-07-02,D-0029,,,LT-8m-PCC,W-15,560078,KSPDB-SD07-D-0029-1986
P-001987,12.982165,77.600005,F-07-02,D-0029,,,LT-8m-PCC,W-45,560078,KSPDB-SD07-D-0029-1987
P-001988,12.981845,77.600148,F-07-02,D-0029,,,LT-9m-PCC,W-79,560078,KSPDB-SD07-D-0029-1988
P-001989,12.98168,77.600264,F-07-02,D-0029,,,LT-8m-Steel,W-17,560078,KSPDB-SD07-D-0029-1989
P-001990,12.982059,77.599948,F-07-02,D-0029,,,LT-8m-Steel,W-71,560078,KSPDB-SD07-D-0029-1990
P-001991,12.981975,77.600037,F-07-02,D-0029,,,LT-9m-PCC,W-36,560078,KSPDB-SD07-D-0029-1991
P-001992,12.981849,77.600433,F-07-02,D-0029,,,LT-9m-PCC,W-87,560078,KSPDB-SD07-D-0029-1992
P-001993,12.982045,77.599864,F-07-02,D-0029,,,LT-8m-Steel,W-74,560078,KSPDB-SD07-D-0029-1993
P-001994,12.981919,77.599856,F-07-02,D-0029,,,LT-8m-Steel,W-22,560078,KSPDB-SD07-D-0029-1994
P-001995,12.982024,77.599846,F-07-02,D-0029,,,LT-8m-Steel,W-81,560078,KSPDB-SD07-D-0029-1995
P-001996,12.982159,77.600015,F-07-02,D-0029,,,LT-8m-PCC,W-92,560078,KSPDB-SD07-D-0029-1996
P-001997,12.98208,77.599927,F-07-02,D-0029,,,LT-8m-Steel,W-12,560078,KSPDB-SD07-D-0029-1997
P-001998,12.982262,77.599768,F-07-02,D-0029,,,LT-8m-Steel,W-18,560078,KSPDB-SD07-D-0029-1998
P-001999,12.982042,77.599894,F-07-02,D-0029,,,LT-8m-PCC,W-25,560078,KSPDB-SD07-D-0029-1999
P-002000,12.981897,77.600011,F-07-02,D-0029,,,LT-8m-Steel,W-13,560078,KSPDB-SD07-D-0029-2000
P-002001,12.982195,77.600072,F-07-02,D-0029,,,LT-8m-PCC,W-93,560078,KSPDB-SD07-D-0029-2001
P-002002,12.982083,77.599822,F-07-02,D-0029,,,LT-8m-Steel,W-63,560078,
P-002003,12.981911,77.599961,F-07-02,D-0029,,,LT-8m-Steel,W-31,560078,KSPDB-SD07-D-0029-2003
P-002004,12.981904,77.599881,F-07-02,D-0029,,,LT-8m-Steel,W-22,560078,KSPDB-SD07-D-0029-2004
P-002005,12.982149,77.599907,F-07-02,D-0029,,,LT-8m-PCC,W-68,560078,KSPDB-SD07-D-0029-2005
P-002006,12.981794,77.599942,F-07-02,D-0029,,,LT-9m-PCC,W-80,560078,KSPDB-SD07-D-0029-2006
P-002007,12.982088,77.599918,F-07-02,D-0029,,,LT-9m-PCC,W-65,,KSPDB-SD07-D-0029-2007
P-002008,12.981965,77.599757,F-07-02,D-0029,,,LT-8m-Steel,W-52,560078,KSPDB-SD07-D-0029-2008
P-002009,12.981971,77.599589,F-07-02,D-0029,,,LT-9m-PCC,W-55,560078,KSPDB-SD07-D-0029-2009
P-002010,12.982104,77.599738,F-07-02,D-0029,,,LT-8m-Steel,W-16,560078,
P-002011,12.981793,77.59953,F-07-02,D-0029,,,LT-8m-Steel,W-27,560078,KSPDB-SD07-D-0029-2011
P-002012,12.981827,77.599467,F-07-02,D-0029,,,LT-8m-PCC,W-48,560078,KSPDB-SD07-D-0029-2012
P-002013,12.982122,77.599785,F-07-02,D-0029,,,LT-8m-PCC,W-64,560078,KSPDB-SD07-D-0029-2013
P-002014,12.982057,77.599828,F-07-02,D-0029,,,LT-8m-PCC,W-58,560078,KSPDB-SD07-D-0029-2014
P-002015,12.982168,77.599637,F-07-02,D-0029,,,LT-8m-PCC,W-17,560078,KSPDB-SD07-D-0029-2015
P-002016,12.981755,77.59961,F-07-02,D-0029,,,LT-8m-Steel,W-41,560078,
P-002017,12.981976,77.599938,F-07-02,D-0029,,,LT-8m-PCC,W-65,560078,KSPDB-SD07-D-0029-2017
P-002018,12.982029,77.600049,F-07-02,D-0029,,,LT-8m-PCC,W-33,560078,KSPDB-SD07-D-0029-2018
P-002019,12.98159,77.599681,F-07-02,D-0029,,,LT-8m-PCC,W-88,560078,KSPDB-SD07-D-0029-2019
P-002020,12.982034,77.599759,F-07-02,D-0029,,,LT-8m-PCC,W-13,560078,KSPDB-SD07-D-0029-2020
P-002021,12.981685,77.59949,F-07-02,D-0029,,,LT-8m-Steel,W-59,560078,KSPDB-SD07-D-0029-2021
P-002022,12.981551,77.599468,F-07-02,D-0029,,,LT-8m-PCC,W-81,560078,KSPDB-SD07-D-0029-2022
P-002023,12.9817,77.59944,F-07-02,D-0029,,,LT-9m-PCC,W-63,560078,KSPDB-SD07-D-0029-2023
P-002024,12.982016,77.599603,F-07-02,D-0029,,,LT-8m-Steel,W-94,560078,KSPDB-SD07-D-0029-2024
P-002025,12.981638,77.599452,F-07-02,D-0029,,,LT-8m-PCC,W-27,560078,KSPDB-SD07-D-0029-2025
P-002026,12.981632,77.599362,F-07-02,D-0029,,,LT-9m-PCC,W-82,560078,KSPDB-SD07-D-0029-2026
P-002027,12.981648,77.599566,F-07-02,D-0029,,,LT-8m-Steel,W-72,560078,KSPDB-SD07-D-0029-2027
P-002028,12.981567,77.599581,F-07-02,D-0029,,,LT-8m-PCC,W-68,560078,KSPDB-SD07-D-0029-2028
P-002029,12.981609,77.599678,F-07-02,D-0029,,,LT-8m-PCC,W-20,560078,KSPDB-SD07-D-0029-2029
P-002030,12.981821,77.599385,F-07-02,D-0029,,,LT-8m-Steel,W-55,560078,KSPDB-SD07-D-0029-2030
P-002031,12.981722,77.599209,F-07-02,D-0029,,,LT-9m-PCC,W-99,560078,KSPDB-SD07-D-0029-2031
P-002032,12.981534,77.599407,F-07-02,D-0029,,,LT-8m-Steel,W-93,560078,KSPDB-SD07-D-0029-2032
P-002033,12.981726,77.59925,F-07-02,D-0029,,,LT-9m-PCC,W-11,560078,KSPDB-SD07-D-0029-2033
P-002034,12.981997,77.599233,F-07-02,D-0029,,,LT-8m-PCC,W-82,560078,KSPDB-SD07-D-0029-2034
P-002035,12.981819,77.599363,F-07-02,D-0029,,,LT-8m-PCC,W-22,560078,KSPDB-SD07-D-0029-2035
P-002036,12.981899,77.59911,F-07-02,D-0029,,,LT-9m-PCC,W-98,560078,KSPDB-SD07-D-0029-2036
P-002037,12.981609,77.599354,F-07-02,D-0029,,,LT-8m-PCC,W-74,560078,KSPDB-SD07-D-0029-2037
P-002038,12.982017,77.599168,F-07-02,D-0029,,,LT-9m-PCC,W-58,560078,KSPDB-SD07-D-0029-2038
P-002039,12.981888,77.59906,F-07-02,D-0029,,,LT-8m-PCC,W-14,560078,KSPDB-SD07-D-0029-2039
P-002040,12.981942,77.59953,F-07-02,D-0029,,,LT-8m-PCC,W-70,560078,KSPDB-SD07-D-0029-2040
P-002041,12.981954,77.598925,F-07-02,D-0029,,,LT-8m-Steel,W-22,560078,KSPDB-SD07-D-0029-2041
P-002042,12.982012,77.599015,F-07-02,D-0029,,,LT-8m-Steel,W-16,560078,KSPDB-SD07-D-0029-2042
P-002043,12.96161,77.576815,F-07-03,D-0030,1,,LT-9m-PCC,W-99,560078,KSPDB-SD07-D-0030-2043
P-002044,12.961775,77.576727,F-07-03,D-0030,2,P-002043,LT-8m-Steel,W-92,560078,KSPDB-SD07-D-0030-2044
P-002045,12.961486,77.576656,F-07-03,D-0030,2,P-002043,LT-8m-PCC,W-63,560078,KSPDB-SD07-D-0030-2045
P-002046,12.96187,77.5766,F-07-03,D-0030,3,P-002044,LT-8m-Steel,W-41,560078,KSPDB-SD07-D-0030-2046
P-002047,12.961651,77.57653,F-07-03,D-0030,3,P-002044,LT-9m-PCC,W-77,560078,KSPDB-SD07-D-0030-2047
P-002048,12.96163,77.576399,F-07-03,D-0030,4,P-002047,LT-9m-PCC,W-83,560078,KSPDB-SD07-D-0030-2048
P-002049,12.961666,77.576717,F-07-03,D-0030,4,P-002047,LT-8m-Steel,W-37,560078,KSPDB-SD07-D-0030-2049
P-002050,12.961387,77.57673,F-07-03,D-0030,3,P-002045,LT-9m-PCC,W-29,560078,KSPDB-SD07-D-0030-2050
P-002051,12.961612,77.576448,F-07-03,D-0030,5,P-002048,LT-8m-Steel,W-22,560078,KSPDB-SD07-D-0030-2051
P-002052,12.961302,77.576659,F-07-03,D-0030,4,P-002050,LT-9m-PCC,W-31,560078,KSPDB-SD07-D-0030-2052
P-002053,12.961427,77.576884,F-07-03,D-0030,4,P-002050,LT-8m-PCC,W-85,560078,KSPDB-SD07-D-0030-2053
P-002054,12.961564,77.576898,F-07-03,D-0030,4,P-002050,LT-8m-Steel,W-10,560078,KSPDB-SD07-D-0030-2054
P-002055,12.961522,77.576368,F-07-03,D-0030,6,P-002051,LT-8m-PCC,W-72,560078,KSPDB-SD07-D-0030-2055
P-002056,12.961574,77.577005,F-07-03,D-0030,5,P-002053,LT-9m-PCC,W-63,560078,KSPDB-SD07-D-0030-2056
P-002057,12.961384,77.576284,F-07-03,D-0030,7,P-002055,LT-8m-Steel,W-37,560078,KSPDB-SD07-D-0030-2057
P-002058,12.961454,77.576929,F-07-03,D-0030,5,P-002053,LT-8m-PCC,W-46,560078,KSPDB-SD07-D-0030-2058
P-002059,12.961654,77.576989,F-07-03,D-0030,6,P-002056,LT-8m-PCC,W-50,560078,
P-002060,12.961326,77.576171,F-07-03,D-0030,8,P-002057,LT-8m-PCC,W-83,560078,KSPDB-SD07-D-0030-2060
P-002061,12.961521,77.576802,F-07-03,D-0030,6,P-002058,LT-8m-Steel,W-52,560078,KSPDB-SD07-D-0030-2061
P-002062,12.961416,77.576855,F-07-03,D-0030,6,P-002058,LT-9m-PCC,W-73,560078,KSPDB-SD07-D-0030-2062
P-002063,12.961573,77.577005,F-07-03,D-0030,7,P-002059,LT-8m-PCC,W-63,560078,KSPDB-SD07-D-0030-2063
P-002064,12.961458,77.576626,F-07-03,D-0030,7,P-002061,LT-8m-Steel,W-78,560078,KSPDB-SD07-D-0030-2064
P-002065,12.961609,77.576452,F-07-03,D-0030,8,P-002064,LT-9m-PCC,W-29,560078,KSPDB-SD07-D-0030-2065
P-002066,12.961679,77.576276,F-07-03,D-0030,9,P-002065,LT-9m-PCC,W-38,560078,KSPDB-SD07-D-0030-2066
P-002067,12.961584,77.576332,F-07-03,D-0030,10,P-002066,LT-8m-Steel,W-70,560078,
P-002068,12.961473,77.576639,F-07-03,D-0030,9,P-002065,LT-8m-Steel,W-75,560078,KSPDB-SD07-D-0030-2068
P-002069,12.961779,77.576441,F-07-03,D-0030,10,P-002066,LT-8m-Steel,W-70,560078,
P-002070,12.961915,77.576535,F-07-03,D-0030,11,P-002069,LT-8m-PCC,W-81,560078,KSPDB-SD07-D-0030-2070
P-002071,12.961477,77.5767,F-07-03,D-0030,10,P-002068,LT-9m-PCC,W-54,560078,KSPDB-SD07-D-0030-2071
P-002072,12.961867,77.57628,F-07-03,D-0030,11,P-002069,LT-9m-PCC,W-91,560078,KSPDB-SD07-D-0030-2072
P-002073,12.961633,77.576778,F-07-03,D-0030,10,P-002068,LT-9m-PCC,W-45,560078,KSPDB-SD07-D-0030-2073
P-002074,12.961421,77.576578,F-07-03,D-0030,11,P-002071,LT-9m-PCC,W-45,560078,KSPDB-SD07-D-0030-2074
P-002075,12.961462,77.576738,F-07-03,D-0030,11,P-002073,LT-8m-Steel,W-96,560078,KSPDB-SD07-D-0030-2075
P-002076,12.961702,77.576867,F-07-03,D-0030,11,P-002073,LT-9m-PCC,W-82,560078,KSPDB-SD07-D-0030-2076
P-002077,12.961832,77.576876,F-07-03,D-0030,11,P-002073,LT-9m-PCC,W-89,560078,KSPDB-SD07-D-0030-2077
P-002078,12.961582,77.57691,F-07-03,D-0030,12,P-002076,LT-8m-Steel,W-58,560078,KSPDB-SD07-D-0030-2078
P-002079,12.961364,77.576898,F-07-03,D-0030,12,P-002075,LT-8m-Steel,W-92,560078,KSPDB-SD07-D-0030-2079
P-002080,12.961638,77.576962,F-07-03,D-0030,13,P-002078,LT-8m-Steel,W-37,560078,KSPDB-SD07-D-0030-2080
P-002081,12.96181,77.576972,F-07-03,D-0030,12,P-002077,LT-8m-PCC,W-63,560078,KSPDB-SD07-D-0030-2081
P-002082,12.961278,77.57677,F-07-03,D-0030,13,P-002079,LT-8m-PCC,W-35,560078,KSPDB-SD07-D-0030-2082
P-002083,12.961399,77.576948,F-07-03,D-0030,13,P-002079,LT-8m-Steel,W-65,560078,KSPDB-SD07-D-0030-2083
P-002084,12.961876,77.577154,F-07-03,D-0030,13,P-002081,LT-8m-Steel,W-55,560078,KSPDB-SD07-D-0030-2084
P-002085,12.961538,77.577027,F-07-03,D-0030,14,P-002080,LT-8m-PCC,W-73,560078,KSPDB-SD07-D-0030-2085
P-002086,12.961871,77.577187,F-07-03,D-0030,14,P-002084,LT-8m-PCC,W-34,560078,KSPDB-SD07-D-0030-2086
P-002087,12.961406,77.576968,F-07-03,D-0030,14,P-002083,LT-8m-PCC,W-51,560078,KSPDB-SD07-D-0030-2087
P-002088,12.961504,77.576804,F-07-03,D-0030,15,P-002087,LT-9m-PCC,W-15,560078,
P-002089,12.961663,77.577064,F-07-03,D-0030,15,P-002085,LT-8m-PCC,W-72,560078,KSPDB-SD07-D-0030-2089
P-002090,12.961367,77.577066,F-07-03,D-0030,15,P-002087,LT-8m-Steel,W-49,560078,KSPDB-SD07-D-0030-2090
P-002091,12.961679,77.576688,F-07-03,D-0030,16,P-002088,LT-9m-PCC,W-86,560078,KSPDB-SD07-D-0030-2091
P-002092,12.961745,77.576785,F-07-03,D-0030,17,P-002091,LT-9m-PCC,W-84,560078,KSPDB-SD07-D-0030-2092
P-002093,12.961735,77.576934,F-07-03,D-0030,18,P-002092,LT-8m-Steel,W-19,560078,KSPDB-SD07-D-0030-2093
P-002094,12.961408,77.577112,F-07-03,D-0030,16,P-002090,LT-8m-PCC,W-93,,KSPDB-SD07-D-0030-2094
P-002095,12.961805,77.576636,F-07-03,D-0030,18,P-002092,LT-8m-Steel,W-20,560078,KSPDB-SD07-D-0030-2095
P-002096,12.961589,77.576672,F-07-03,D-0030,18,P-002092,LT-8m-Steel,W-17,560078,KSPDB-SD07-D-0030-2096
P-002097,12.961555,77.576758,F-07-03,D-0030,19,P-002096,LT-8m-Steel,W-62,560078,
P-002098,12.96193,77.576823,F-07-03,D-0030,19,P-002093,LT-8m-PCC,W-92,560078,KSPDB-SD07-D-0030-2098
P-002099,12.961566,77.576847,F-07-03,D-0030,19,P-002096,LT-9m-PCC,W-24,560078,KSPDB-SD07-D-0030-2099
P-002100,12.961865,77.576784,F-07-03,D-0030,19,P-002095,LT-8m-PCC,W-91,560078,KSPDB-SD07-D-0030-2100
P-002101,12.961631,77.576868,F-07-03,D-0030,20,P-002099,LT-8m-PCC,W-68,560078,KSPDB-SD07-D-0030-2101
P-002102,12.961736,77.5768,F-07-03,D-0030,20,P-002097,LT-8m-Steel,W-78,560078,
P-002103,12.961864,77.576631,F-07-03,D-0030,20,P-002100,LT-8m-Steel,W-49,560078,KSPDB-SD07-D-0030-2103
P-002104,12.961709,77.576905,F-07-03,D-0030,20,P-002100,LT-9m-PCC,W-81,560078,KSPDB-SD07-D-0030-2104
P-002105,12.961802,77.576676,F-07-03,D-0030,21,P-002101,LT-8m-PCC,W-50,560078,KSPDB-SD07-D-0030-2105
P-002106,12.961603,77.576658,F-07-03,D-0030,21,P-002102,LT-8m-PCC,W-30,560078,KSPDB-SD07-D-0030-2106
P-002107,12.961798,77.576748,F-07-03,D-0030,21,P-002103,LT-9m-PCC,W-11,560078,KSPDB-SD07-D-0030-2107
P-002108,12.961409,77.576574,F-07-03,D-0030,22,P-002106,LT-9m-PCC,W-42,560078,KSPDB-SD07-D-0030-2108
P-002109,12.961798,77.576755,F-07-03,D-0030,22,P-002105,LT-9m-PCC,W-19,560078,KSPDB-SD07-D-0030-2109
P-002110,12.961663,77.576854,F-07-03,D-0030,22,P-002105,LT-9m-PCC,W-68,560078,KSPDB-SD07-D-0030-2110
P-002111,12.961543,77.576893,F-07-03,D-0030,23,P-002110,LT-8m-Steel,W-88,560078,KSPDB-SD07-D-0030-2111
P-002112,12.961668,77.576818,F-07-03,D-0030,22,P-002107,LT-8m-PCC,W-85,560078,KSPDB-SD07-D-0030-2112
P-002113,12.961771,77.576913,F-07-03,D-0030,23,P-002109,LT-8m-PCC,W-63,560078,KSPDB-SD07-D-0030-2113
P-002114,12.961602,77.577007,F-07-03,D-0030,23,P-002110,LT-8m-Steel,W-69,560078,KSPDB-SD07-D-0030-2114
P-002115,12.961682,77.577107,F-07-03,D-0030,24,P-002113,LT-9m-PCC,W-12,560078,
P-002116,12.961477,77.576714,F-07-03,D-0030,24,P-002111,LT-8m-PCC,W-17,560078,KSPDB-SD07-D-0030-2116
P-002117,12.961535,77.57671,F-07-03,D-0030,25,P-002116,LT-8m-PCC,W-53,560078,KSPDB-SD07-D-0030-2117
P-002118,12.961471,77.577138,F-07-03,D-0030,24,P-002114,LT-9m-PCC,W-78,560078,KSPDB-SD07-D-0030-2118
P-002119,12.961438,77.577041,F-07-03,D-0030,24,P-002114,LT-8m-PCC,W-52,560078,KSPDB-SD07-D-0030-2119
P-002120,12.961649,77.576958,F-07-03,D-0030,25,P-002118,LT-9m-PCC,W-75,560078,KSPDB-SD07-D-0030-2120
P-002121,12.961501,77.577153,F-07-03,D-0030,25,P-002118,LT-8m-Steel,W-60,560078,KSPDB-SD07-D-0030-2121
P-002122,12.961334,77.577304,F-07-03,D-0030,25,P-002118,LT-9m-PCC,W-43,560078,KSPDB-SD07-D-0030-2122
P-002123,12.961505,77.576951,F-07-03,D-0030,25,P-002119,LT-8m-Steel,W-15,560078,KSPDB-SD07-D-0030-2123
P-002124,12.96149,77.576787,F-07-03,D-0030,26,P-002123,LT-9m-PCC,W-46,560078,
P-002125,12.961383,77.576782,F-07-03,D-0030,26,P-002123,LT-9m-PCC,W-19,560078,KSPDB-SD07-D-0030-2125
P-002126,12.96132,77.576886,F-07-03,D-0030,26,P-002123,LT-8m-Steel,W-63,560078,KSPDB-SD07-D-0030-2126
P-002127,12.961427,77.576829,F-07-03,D-0030,27,P-002125,LT-9m-PCC,W-75,560078,KSPDB-SD07-D-0030-2127
P-002128,12.961486,77.576755,F-07-03,D-0030,27,P-002126,LT-8m-PCC,W-44,560078,
P-002129,12.953985,77.577066,F-07-03,D-0031,1,,LT-8m-Steel,W-52,560078,KSPDB-SD07-D-0031-2129
P-002130,12.953995,77.577043,F-07-03,D-0031,2,P-002129,LT-8m-PCC,W-70,560078,KSPDB-SD07-D-0031-2130
P-002131,12.953849,77.577099,F-07-03,D-0031,3,P-002130,LT-8m-Steel,W-62,560078,KSPDB-SD07-D-0031-2131
P-002132,12.953891,77.576901,F-07-03,D-0031,3,P-002130,LT-9m-PCC,W-66,560078,KSPDB-SD07-D-0031-2132
P-002133,12.954184,77.577073,F-07-03,D-0031,2,P-002129,LT-8m-PCC,W-97,560078,KSPDB-SD07-D-0031-2133
P-002134,12.953939,77.577093,F-07-03,D-0031,3,P-002130,LT-9m-PCC,W-66,560078,KSPDB-SD07-D-0031-2134
P-002135,12.954032,77.577228,F-07-03,D-0031,3,P-002130,LT-9m-PCC,W-73,560078,KSPDB-SD07-D-0031-2135
P-002136,12.954061,77.5769,F-07-03,D-0031,4,P-002134,LT-8m-PCC,W-56,560078,KSPDB-SD07-D-0031-2136
P-002137,12.953929,77.576827,F-07-03,D-0031,4,P-002132,LT-9m-PCC,W-59,560078,KSPDB-SD07-D-0031-2137
P-002138,12.953907,77.576693,F-07-03,D-0031,5,P-002137,LT-8m-Steel,W-85,560078,KSPDB-SD07-D-0031-2138
P-002139,12.953911,77.576772,F-07-03,D-0031,6,P-002138,LT-9m-PCC,W-95,560078,KSPDB-SD07-D-0031-2139
P-002140,12.954133,77.577134,F-07-03,D-0031,4,P-002135,LT-8m-PCC,W-10,560078,KSPDB-SD07-D-0031-2140
P-002141,12.953853,77.576914,F-07-03,D-0031,7,P-002139,LT-9m-PCC,W-80,,KSPDB-SD07-D-0031-2141
P-002142,12.95397,77.576755,F-07-03,D-0031,6,P-002138,LT-8m-PCC,W-45,,KSPDB-SD07-D-0031-2142
P-002143,12.954085,77.576669,F-07-03,D-0031,7,P-002139,LT-8m-PCC,W-95,560078,KSPDB-SD07-D-0031-2143
P-002144,12.953915,77.576666,F-07-03,D-0031,7,P-002139,LT-8m-PCC,W-74,560078,KSPDB-SD07-D-0031-2144
P-002145,12.95378,77.576847,F-07-03,D-0031,8,P-002141,LT-8m-Steel,W-88,560078,KSPDB-SD07-D-0031-2145
P-002146,12.954071,77.576714,F-07-03,D-0031,7,P-002142,LT-9m-PCC,W-66,560078,KSPDB-SD07-D-0031-2146
P-002147,12.953863,77.576909,F-07-03,D-0031,9,P-002145,LT-8m-Steel,W-65,560078,KSPDB-SD07-D-0031-2147
P-002148,12.95359,77.576961,F-07-03,D-0031,9,P-002145,LT-9m-PCC,W-83,560078,KSPDB-SD07-D-0031-2148
P-002149,12.953951,77.57683,F-07-03,D-0031,10,P-002147,LT-8m-Steel,W-43,560078,KSPDB-SD07-D-0031-2149
P-002150,12.953609,77.577072,F-07-03,D-0031,10,P-002148,LT-8m-Steel,W-45,560078,
P-002151,12.953753,77.577228,F-07-03,D-0031,11,P-002150,LT-8m-Steel,W-40,560078,KSPDB-SD07-D-0031-2151
P-002152,12.954104,77.576934,F-07-03,D-0031,11,P-002149,LT-9m-PCC,W-52,560078,KSPDB-SD07-D-0031-2152
P-002153,12.953661,77.577263,F-07-03,D-0031,11,P-002150,LT-8m-Steel,W-67,560078,KSPDB-SD07-D-0031-2153
P-002154,12.954237,77.576793,F-07-03,D-0031,12,P-002152,LT-9m-PCC,W-81,560078,KSPDB-SD07-D-0031-2154
P-002155,12.953941,77.577115,F-07-03,D-0031,12,P-002151,LT-8m-Steel,W-35,560078,KSPDB-SD07-D-0031-2155
P-002156,12.95417,77.576628,F-07-03,D-0031,13,P-002154,LT-9m-PCC,W-18,560078,KSPDB-SD07-D-0031-2156
P-002157,12.953883,77.577052,F-07-03,D-0031,13,P-002155,LT-8m-PCC,W-36,560078,KSPDB-SD07-D-0031-2157
P-002158,12.954284,77.576783,F-07-03,D-0031,13,P-002154,LT-8m-Steel,W-72,560078,KSPDB-SD07-D-0031-2158
P-002159,12.954015,77.576747,F-07-03,D-0031,14,P-002156,LT-9m-PCC,W-16,560078,KSPDB-SD07-D-0031-2159
P-002160,12.954136,77.57716,F-07-03,D-0031,13,P-002155,LT-8m-Steel,W-66,560078,KSPDB-SD07-D-0031-2160
P-002161,12.954209,77.577007,F-07-03,D-0031,14,P-002160,LT-8m-PCC,W-85,560078,KSPDB-SD07-D-0031-2161
P-002162,12.954044,77.576856,F-07-03,D-0031,15,P-002161,LT-9m-PCC,W-35,560078,KSPDB-SD07-D-0031-2162
P-002163,12.954039,77.576846,F-07-03,D-0031,16,P-002162,LT-8m-Steel,W-77,560078,KSPDB-SD07-D-0031-2163
P-002164,12.953961,77.576965,F-07-03,D-0031,16,P-002162,LT-8m-PCC,W-25,560078,KSPDB-SD07-D-0031-2164
P-002165,12.954169,77.577023,F-07-03,D-0031,17,P-002163,LT-9m-PCC,W-67,560078,KSPDB-SD07-D-0031-2165
P-002166,12.954191,77.5769,F-07-03,D-0031,16,P-002162,LT-8m-Steel,W-67,560078,
P-002167,12.95416,77.576835,F-07-03,D-0031,17,P-002166,LT-8m-Steel,W-99,,KSPDB-SD07-D-0031-2167
P-002168,12.954288,77.576972,F-07-03,D-0031,18,P-002167,LT-9m-PCC,W-32,560078,KSPDB-SD07-D-0031-2168
P-002169,12.954049,77.577001,F-07-03,D-0031,18,P-002167,LT-8m-PCC,W-19,560078,KSPDB-SD07-D-0031-2169
P-002170,12.953989,77.57715,F-07-03,D-0031,19,P-002169,LT-9m-PCC,W-62,560078,KSPDB-SD07-D-0031-2170
P-002171,12.954169,77.577077,F-07-03,D-0031,19,P-002169,LT-8m-Steel,W-43,560078,KSPDB-SD07-D-0031-2171
P-002172,12.954045,77.576976,F-07-03,D-0031,18,P-002167,LT-8m-Steel,W-53,560078,KSPDB-SD07-D-0031-2172
P-002173,12.954178,77.576884,F-07-03,D-0031,20,P-002171,LT-8m-PCC,W-41,560078,KSPDB-SD07-D-0031-2173
P-002174,12.95406,77.577041,F-07-03,D-0031,20,P-002170,LT-8m-PCC,W-47,,
P-002175,12.95423,77.576799,F-07-03,D-0031,19,P-002172,LT-8m-Steel,W-65,560078,KSPDB-SD07-D-0031-2175
P-002176,12.954337,77.576891,F-07-03,D-0031,20,P-002175,LT-8m-PCC,W-69,560078,KSPDB-SD07-D-0031-2176
P-002177,12.954366,77.577059,F-07-03,D-0031,21,P-002173,LT-9m-PCC,W-84,560078,KSPDB-SD07-D-0031-2177
P-002178,12.954411,77.576828,F-07-03,D-0031,20,P-002175,LT-8m-PCC,W-63,560078,KSPDB-SD07-D-0031-2178
P-002179,12.953986,77.577194,F-07-03,D-0031,21,P-002174,LT-8m-PCC,W-21,560078,KSPDB-SD07-D-0031-2179
P-002180,12.953831,77.577068,F-07-03,D-0031,22,P-002179,LT-9m-PCC,W-99,560078,KSPDB-SD07-D-0031-2180
P-002181,12.953933,77.577359,F-07-03,D-0031,22,P-002179,LT-8m-PCC,W-77,560078,KSPDB-SD07-D-0031-2181
P-002182,12.953784,77.577301,F-07-03,D-0031,23,P-002181,LT-8m-PCC,W-26,560078,KSPDB-SD07-D-0031-2182
P-002183,12.953968,77.577433,F-07-03,D-0031,24,P-002182,LT-8m-PCC,W-43,560078,
P-002184,12.953799,77.577345,F-07-03,D-0031,25,P-002183,LT-8m-PCC,W-92,560078,KSPDB-SD07-D-0031-2184
P-002185,12.953951,77.577349,F-07-03,D-0031,25,P-002183,LT-9m-PCC,W-67,560078,KSPDB-SD07-D-0031-2185
P-002186,12.953928,77.57734,F-07-03,D-0031,23,P-002181,LT-8m-PCC,W-52,560078,KSPDB-SD07-D-0031-2186
P-002187,12.954096,77.577404,F-07-03,D-0031,25,P-002183,LT-8m-PCC,W-28,560078,KSPDB-SD07-D-0031-2187
P-002188,12.953865,77.577402,F-07-03,D-0031,26,P-002184,LT-9m-PCC,W-30,560078,KSPDB-SD07-D-0031-2188
P-002189,12.953815,77.577428,F-07-03,D-0031,27,P-002188,LT-8m-Steel,W-19,560078,KSPDB-SD07-D-0031-2189
P-002190,12.954005,77.577469,F-07-03,D-0031,24,P-002186,LT-8m-Steel,W-13,560078,KSPDB-SD07-D-0031-2190
P-002191,12.953661,77.577535,F-07-03,D-0031,28,P-002189,LT-8m-PCC,W-74,560078,KSPDB-SD07-D-0031-2191
P-002192,12.953887,77.57732,F-07-03,D-0031,28,P-002189,LT-9m-PCC,W-89,560078,KSPDB-SD07-D-0031-2192
P-002193,12.953645,77.577489,F-07-03,D-0031,28,P-002189,LT-8m-PCC,W-16,,KSPDB-SD07-D-0031-2193
P-002194,12.953679,77.577512,F-07-03,D-0031,28,P-002189,LT-8m-PCC,W-18,560078,KSPDB-SD07-D-0031-2194
P-002195,12.953995,77.577393,F-07-03,D-0031,25,P-002190,LT-8m-Steel,W-91,560078,KSPDB-SD07-D-0031-2195
P-002196,12.953808,77.577357,F-07-03,D-0031,29,P-002192,LT-8m-PCC,W-11,560078,KSPDB-SD07-D-0031-2196
P-002197,12.954036,77.577484,F-07-03,D-0031,26,P-002195,LT-8m-Steel,W-85,560078,
P-002198,12.953818,77.577199,F-07-03,D-0031,26,P-002195,LT-8m-PCC,W-43,560078,KSPDB-SD07-D-0031-2198
P-002199,12.953708,77.577235,F-07-03,D-0031,27,P-002198,LT-8m-PCC,W-22,560078,KSPDB-SD07-D-0031-2199
P-002200,12.953942,77.577523,F-07-03,D-0031,26,P-002195,LT-9m-PCC,W-82,560078,KSPDB-SD07-D-0031-2200
P-002201,12.953788,77.577674,F-07-03,D-0031,27,P-002200,LT-9m-PCC,W-19,560078,KSPDB-SD07-D-0031-2201
P-002202,12.953947,77.577484,F-07-03,D-0031,27,P-002197,LT-8m-Steel,W-38,560078,KSPDB-SD07-D-0031-2202
P-002203,12.954038,77.577457,F-07-03,D-0031,28,P-002202,LT-8m-Steel,W-54,560078,
P-002204,12.953915,77.5774,F-07-03,D-0031,27,P-002200,LT-8m-Steel,W-74,560078,KSPDB-SD07-D-0031-2204
P-002205,12.953881,77.577556,F-07-03,D-0031,29,P-002203,LT-9m-PCC,W-76,560078,
P-002206,12.953838,77.577481,F-07-03,D-0031,28,P-002201,LT-8m-PCC,W-52,560078,KSPDB-SD07-D-0031-2206
P-002207,12.986337,77.578525,F-07-03,D-0032,,,LT-9m-PCC,W-49,560078,
P-002208,12.986182,77.578646,F-07-03,D-0032,,,LT-9m-PCC,W-25,560078,KSPDB-SD07-D-0032-2208
P-002209,12.986344,77.578515,F-07-03,D-0032,,,LT-9m-PCC,W-44,560078,KSPDB-SD07-D-0032-2209
P-002210,12.986274,77.578769,F-07-03,D-0032,,,LT-8m-PCC,W-47,560078,KSPDB-SD07-D-0032-2210
P-002211,12.986226,77.578345,F-07-03,D-0032,,,LT-8m-PCC,W-42,560078,KSPDB-SD07-D-0032-2211
P-002212,12.985988,77.578701,F-07-03,D-0032,,,LT-8m-PCC,W-93,560078,KSPDB-SD07-D-0032-2212
P-002213,12.98616,77.578376,F-07-03,D-0032,,,LT-8m-PCC,W-67,560078,KSPDB-SD07-D-0032-2213
P-002214,12.986195,77.578829,F-07-03,D-0032,,,LT-8m-Steel,W-74,560078,KSPDB-SD07-D-0032-2214
P-002215,12.98598,77.57888,F-07-03,D-0032,,,LT-8m-PCC,W-80,560078,KSPDB-SD07-D-0032-2215
P-002216,12.986083,77.578855,F-07-03,D-0032,,,LT-8m-Steel,W-97,,KSPDB-SD07-D-0032-2216
P-002217,12.986241,77.578706,F-07-03,D-0032,,,LT-8m-PCC,W-75,560078,KSPDB-SD07-D-0032-2217
P-002218,12.986215,77.578359,F-07-03,D-0032,,,LT-8m-Steel,W-47,560078,KSPDB-SD07-D-0032-2218
P-002219,12.986425,77.578564,F-07-03,D-0032,,,LT-8m-PCC,W-69,560078,KSPDB-SD07-D-0032-2219
P-002220,12.986224,77.578844,F-07-03,D-0032,,,LT-8m-PCC,W-58,560078,KSPDB-SD07-D-0032-2220
P-002221,12.986317,77.578387,F-07-03,D-0032,,,LT-8m-PCC,W-39,560078,KSPDB-SD07-D-0032-2221
P-002222,12.986263,77.578869,F-07-03,D-0032,,,LT-8m-PCC,W-33,560078,KSPDB-SD07-D-0032-2222
P-002223,12.986232,77.579036,F-07-03,D-0032,,,LT-9m-PCC,W-67,560078,KSPDB-SD07-D-0032-2223
P-002224,12.986126,77.578392,F-07-03,D-0032,,,LT-8m-PCC,W-11,560078,KSPDB-SD07-D-0032-2224
P-002225,12.986051,77.578911,F-07-03,D-0032,,,LT-8m-Steel,W-14,560078,KSPDB-SD07-D-0032-2225
P-002226,12.986264,77.578772,F-07-03,D-0032,,,LT-8m-Steel,W-19,560078,
P-002227,12.98599,77.578876,F-07-03,D-0032,,,LT-8m-Steel,W-81,560078,KSPDB-SD07-D-0032-2227
P-002228,12.986156,77.578845,F-07-03,D-0032,,,LT-8m-PCC,W-54,560078,KSPDB-SD07-D-0032-2228
P-002229,12.985826,77.578944,F-07-03,D-0032,,,LT-8m-PCC,W-36,560078,KSPDB-SD07-D-0032-2229
P-002230,12.986069,77.578743,F-07-03,D-0032,,,LT-8m-PCC,W-60,560078,KSPDB-SD07-D-0032-2230
P-002231,12.986165,77.57863,F-07-03,D-0032,,,LT-8m-PCC,W-33,560078,KSPDB-SD07-D-0032-2231
P-002232,12.986011,77.578807,F-07-03,D-0032,,,LT-9m-PCC,W-56,560078,KSPDB-SD07-D-0032-2232
P-002233,12.98577,77.578788,F-07-03,D-0032,,,LT-8m-Steel,W-48,560078,KSPDB-SD07-D-0032-2233
P-002234,12.98603,77.578639,F-07-03,D-0032,,,LT-9m-PCC,W-67,560078,KSPDB-SD07-D-0032-2234
P-002235,12.986348,77.578496,F-07-03,D-0032,,,LT-8m-PCC,W-14,560078,KSPDB-SD07-D-0032-2235
P-002236,12.986099,77.578707,F-07-03,D-0032,,,LT-8m-Steel,W-81,560078,KSPDB-SD07-D-0032-2236
P-002237,12.986106,77.578494,F-07-03,D-0032,,,LT-8m-PCC,W-78,560078,KSPDB-SD07-D-0032-2237
P-002238,12.986259,77.578418,F-07-03,D-0032,,,LT-8m-PCC,W-40,560078,KSPDB-SD07-D-0032-2238
P-002239,12.986101,77.578333,F-07-03,D-0032,,,LT-8m-Steel,W-78,560078,KSPDB-SD07-D-0032-2239
P-002240,12.985934,77.578496,F-07-03,D-0032,,,LT-8m-PCC,W-93,560078,KSPDB-SD07-D-0032-2240
P-002241,12.986212,77.578486,F-07-03,D-0032,,,LT-8m-PCC,W-89,560078,KSPDB-SD07-D-0032-2241
P-002242,12.986156,77.57829,F-07-03,D-0032,,,LT-8m-PCC,W-43,560078,KSPDB-SD07-D-0032-2242
P-002243,12.985989,77.578666,F-07-03,D-0032,,,LT-8m-Steel,W-96,560078,KSPDB-SD07-D-0032-2243
P-002244,12.986033,77.578364,F-07-03,D-0032,,,LT-8m-PCC,W-21,560078,KSPDB-SD07-D-0032-2244
P-002245,12.986047,77.578562,F-07-03,D-0032,,,LT-9m-PCC,W-83,560078,KSPDB-SD07-D-0032-2245
P-002246,12.985986,77.57842,F-07-03,D-0032,,,LT-8m-PCC,W-93,560078,KSPDB-SD07-D-0032-2246
P-002247,12.985997,77.578214,F-07-03,D-0032,,,LT-8m-Steel,W-45,560078,KSPDB-SD07-D-0032-2247
P-002248,12.985932,77.578469,F-07-03,D-0032,,,LT-8m-Steel,W-65,560078,KSPDB-SD07-D-0032-2248
P-002249,12.985888,77.57813,F-07-03,D-0032,,,LT-8m-Steel,W-79,560078,KSPDB-SD07-D-0032-2249
P-002250,12.986051,77.5783,F-07-03,D-0032,,,LT-8m-PCC,W-65,560078,KSPDB-SD07-D-0032-2250
P-002251,12.986117,77.578623,F-07-03,D-0032,,,LT-9m-PCC,W-92,560078,KSPDB-SD07-D-0032-2251
P-002252,12.985955,77.57814,F-07-03,D-0032,,,LT-8m-PCC,W-72,560078,KSPDB-SD07-D-0032-2252
P-002253,12.986244,77.578454,F-07-03,D-0032,,,LT-8m-Steel,W-29,560078,KSPDB-SD07-D-0032-2253
P-002254,12.985993,77.578508,F-07-03,D-0032,,,LT-9m-PCC,W-24,560078,KSPDB-SD07-D-0032-2254
P-002255,12.986063,77.578311,F-07-03,D-0032,,,LT-8m-Steel,W-83,560078,KSPDB-SD07-D-0032-2255
P-002256,12.986099,77.578731,F-07-03,D-0032,,,LT-8m-PCC,W-73,560078,KSPDB-SD07-D-0032-2256
P-002257,12.985978,77.57808,F-07-03,D-0032,,,LT-9m-PCC,W-64,560078,KSPDB-SD07-D-0032-2257
P-002258,12.986124,77.578268,F-07-03,D-0032,,,LT-8m-PCC,W-52,560078,KSPDB-SD07-D-0032-2258
P-002259,12.985827,77.578203,F-07-03,D-0032,,,LT-9m-PCC,W-49,560078,
P-002260,12.986042,77.578251,F-07-03,D-0032,,,LT-8m-Steel,W-32,560078,KSPDB-SD07-D-0032-2260
P-002261,12.986208,77.578074,F-07-03,D-0032,,,LT-8m-Steel,W-46,560078,KSPDB-SD07-D-0032-2261
P-002262,12.986242,77.578296,F-07-03,D-0032,,,LT-9m-PCC,W-10,560078,
P-002263,12.98623,77.578351,F-07-03,D-0032,,,LT-8m-Steel,W-18,560078,KSPDB-SD07-D-0032-2263
P-002264,12.986028,77.578425,F-07-03,D-0032,,,LT-8m-Steel,W-27,560078,KSPDB-SD07-D-0032-2264
P-002265,12.985945,77.57833,F-07-03,D-0032,,,LT-9m-PCC,W-38,560078,KSPDB-SD07-D-0032-2265
P-002266,12.98627,77.578453,F-07-03,D-0032,,,LT-8m-PCC,W-25,560078,KSPDB-SD07-D-0032-2266
P-002267,12.98628,77.578328,F-07-03,D-0032,,,LT-8m-PCC,W-39,560078,KSPDB-SD07-D-0032-2267
P-002268,12.985996,77.578509,F-07-03,D-0032,,,LT-9m-PCC,W-76,560078,KSPDB-SD07-D-0032-2268
P-002269,12.985818,77.578452,F-07-03,D-0032,,,LT-8m-Steel,W-47,560078,KSPDB-SD07-D-0032-2269
P-002270,12.985861,77.578429,F-07-03,D-0032,,,LT-8m-PCC,W-36,560078,KSPDB-SD07-D-0032-2270
P-002271,12.986189,77.578487,F-07-03,D-0032,,,LT-9m-PCC,W-99,560078,KSPDB-SD07-D-0032-2271
P-002272,12.985671,77.57838,F-07-03,D-0032,,,LT-8m-PCC,W-59,560078,KSPDB-SD07-D-0032-2272
P-002273,12.972077,77.585865,F-07-01,D-0033,,,LT-8m-Steel,W-20,560078,KSPDB-SD07-D-0033-2273
P-002274,12.972094,77.586054,F-07-01,D-0033,,,LT-8m-PCC,W-15,560078,KSPDB-SD07-D-0033-2274
P-002275,12.972233,77.585829,F-07-01,D-0033,,,LT-8m-PCC,W-91,560078,KSPDB-SD07-D-0033-2275
P-002276,12.972058,77.585681,F-07-01,D-0033,,,LT-9m-PCC,W-22,560078,KSPDB-SD07-D-0033-2276
P-002277,12.971935,77.585906,F-07-01,D-0033,,,LT-8m-PCC,W-80,560078,KSPDB-SD07-D-0033-2277
P-002278,12.972075,77.585939,F-07-01,D-0033,,,LT-8m-Steel,W-17,560078,KSPDB-SD07-D-0033-2278
P-002279,12.971768,77.585952,F-07-01,D-0033,,,LT-8m-Steel,W-83,560078,KSPDB-SD07-D-0033-2279
P-002280,12.971896,77.585677,F-07-01,D-0033,,,LT-8m-Steel,W-70,560078,KSPDB-SD07-D-0033-2280
P-002281,12.972092,77.585743,F-07-01,D-0033,,,LT-8m-Steel,W-64,560078,KSPDB-SD07-D-0033-2281
P-002282,12.971911,77.586072,F-07-01,D-0033,,,LT-8m-Steel,W-62,560078,KSPDB-SD07-D-0033-2282
P-002283,12.971952,77.585804,F-07-01,D-0033,,,LT-8m-PCC,W-36,560078,KSPDB-SD07-D-0033-2283
P-002284,12.971944,77.586179,F-07-01,D-0033,,,LT-8m-PCC,W-19,560078,
P-002285,12.971743,77.585678,F-07-01,D-0033,,,LT-9m-PCC,W-37,560078,KSPDB-SD07-D-0033-2285
P-002286,12.971836,77.585969,F-07-01,D-0033,,,LT-8m-Steel,W-23,560078,KSPDB-SD07-D-0033-2286
P-002287,12.971836,77.586186,F-07-01,D-0033,,,LT-9m-PCC,W-57,560078,KSPDB-SD07-D-0033-2287
P-002288,12.97203,77.586052,F-07-01,D-0033,,,LT-8m-Steel,W-23,560078,
P-002289,12.971815,77.586126,F-07-01,D-0033,,,LT-8m-Steel,W-82,560078,KSPDB-SD07-D-0033-2289
P-002290,12.971745,77.585905,F-07-01,D-0033,,,LT-8m-Steel,W-56,560078,KSPDB-SD07-D-0033-2290
P-002291,12.972012,77.586131,F-07-01,D-0033,,,LT-9m-PCC,W-36,560078,KSPDB-SD07-D-0033-2291
P-002292,12.971732,77.586111,F-07-01,D-0033,,,LT-9m-PCC,W-29,560078,KSPDB-SD07-D-0033-2292
P-002293,12.971791,77.586016,F-07-01,D-0033,,,LT-8m-Steel,W-64,560078,KSPDB-SD07-D-0033-2293
P-002294,12.971963,77.586053,F-07-01,D-0033,,,LT-9m-PCC,W-77,560078,KSPDB-SD07-D-0033-2294
P-002295,12.971645,77.586149,F-07-01,D-0033,,,LT-8m-Steel,W-95,560078,KSPDB-SD07-D-0033-2295
P-002296,12.97185,77.585939,F-07-01,D-0033,,,LT-8m-PCC,W-18,560078,
P-002297,12.971858,77.585748,F-07-01,D-0033,,,LT-8m-Steel,W-71,560078,
P-002298,12.971759,77.586309,F-07-01,D-0033,,,LT-9m-PCC,W-15,560078,KSPDB-SD07-D-0033-2298
P-002299,12.971505,77.586324,F-07-01,D-0033,,,LT-8m-Steel,W-84,560078,KSPDB-SD07-D-0033-2299
P-002300,12.971877,77.586105,F-07-01,D-0033,,,LT-8m-Steel,W-99,560078,KSPDB-SD07-D-0033-2300
P-002301,12.971592,77.586286,F-07-01,D-0033,,,LT-8m-PCC,W-37,560078,KSPDB-SD07-D-0033-2301
P-002302,12.971519,77.586341,F-07-01,D-0033,,,LT-8m-PCC,W-68,560078,KSPDB-SD07-D-0033-2302
P-002303,12.971815,77.586089,F-07-01,D-0033,,,LT-9m-PCC,W-86,560078,
P-002304,12.971731,77.586091,F-07-01,D-0033,,,LT-8m-PCC,W-94,560078,KSPDB-SD07-D-0033-2304
P-002305,12.971679,77.586251,F-07-01,D-0033,,,LT-8m-PCC,W-34,560078,KSPDB-SD07-D-0033-2305
P-002306,12.971641,77.586498,F-07-01,D-0033,,,LT-8m-Steel,W-72,560078,KSPDB-SD07-D-0033-2306
P-002307,12.971625,77.586617,F-07-01,D-0033,,,LT-9m-PCC,W-43,560078,KSPDB-SD07-D-0033-2307
P-002308,12.971997,77.586012,F-07-01,D-0033,,,LT-9m-PCC,W-38,560078,
P-002309,12.97176,77.586123,F-07-01,D-0033,,,LT-8m-Steel,W-75,560078,KSPDB-SD07-D-0033-2309
P-002310,12.972009,77.586023,F-07-01,D-0033,,,LT-9m-PCC,W-35,560078,KSPDB-SD07-D-0033-2310
P-002311,12.971664,77.5865,F-07-01,D-0033,,,LT-8m-PCC,W-91,560078,KSPDB-SD07-D-0033-2311
P-002312,12.971504,77.586813,F-07-01,D-0033,,,LT-9m-PCC,W-78,560078,KSPDB-SD07-D-0033-2312
P-002313,12.97147,77.586748,F-07-01,D-0033,,,LT-9m-PCC,W-33,560078,KSPDB-SD07-D-0033-2313
P-002314,12.972041,77.585891,F-07-01,D-0033,,,LT-8m-PCC,W-52,560078,KSPDB-SD07-D-0033-2314
P-002315,12.971561,77.586319,F-07-01,D-0033,,,LT-8m-PCC,W-13,560078,KSPDB-SD07-D-0033-2315
P-002316,12.971365,77.586199,F-07-01,D-0033,,,LT-8m-PCC,W-98,560078,KSPDB-SD07-D-0033-2316
P-002317,12.971522,77.586926,F-07-01,D-0033,,,LT-9m-PCC,W-29,560078,KSPDB-SD07-D-0033-2317
P-002318,12.971482,77.586844,F-07-01,D-0033,,,LT-8m-Steel,W-15,560078,KSPDB-SD07-D-0033-2318
P-002319,12.971877,77.585928,F-07-01,D-0033,,,LT-8m-Steel,W-40,560078,KSPDB-SD07-D-0033-2319
P-002320,12.971553,77.586209,F-07-01,D-0033,,,LT-8m-Steel,W-30,560078,KSPDB-SD07-D-0033-2320
P-002321,12.971372,77.586157,F-07-01,D-0033,,,LT-9m-PCC,W-96,560078,KSPDB-SD07-D-0033-2321
P-002322,12.971503,77.586034,F-07-01,D-0033,,,LT-8m-PCC,W-37,560078,KSPDB-SD07-D-0033-2322
P-002323,12.971502,77.58626,F-07-01,D-0033,,,LT-9m-PCC,W-56,560078,KSPDB-SD07-D-0033-2323
P-002324,12.971691,77.586226,F-07-01,D-0033,,,LT-8m-PCC,W-51,560078,KSPDB-SD07-D-0033-2324
P-002325,12.971501,77.586286,F-07-01,D-0033,,,LT-9m-PCC,W-89,560078,
P-002326,12.97146,77.586079,F-07-01,D-0033,,,LT-9m-PCC,W-38,560078,KSPDB-SD07-D-0033-2326
P-002327,12.971541,77.586093,F-07-01,D-0033,,,LT-8m-PCC,W-94,560078,KSPDB-SD07-D-0033-2327
P-002328,12.971328,77.586108,F-07-01,D-0033,,,LT-9m-PCC,W-28,,KSPDB-SD07-D-0033-2328
P-002329,12.971387,77.586095,F-07-01,D-0033,,,LT-8m-PCC,W-75,560078,
P-002330,12.971588,77.586166,F-07-01,D-0033,,,LT-8m-PCC,W-17,560078,KSPDB-SD07-D-0033-2330
P-002331,12.971746,77.585968,F-07-01,D-0033,,,LT-8m-PCC,W-87,560078,KSPDB-SD07-D-0033-2331
P-002332,12.971744,77.585963,F-07-01,D-0033,,,LT-8m-Steel,W-28,560078,KSPDB-SD07-D-0033-2332
P-002333,12.971834,77.585886,F-07-01,D-0033,,,LT-8m-PCC,W-53,560078,
P-002334,12.971397,77.586272,F-07-01,D-0033,,,LT-9m-PCC,W-61,560078,KSPDB-SD07-D-0033-2334
P-002335,12.971384,77.58647,F-07-01,D-0033,,,LT-9m-PCC,W-91,560078,KSPDB-SD07-D-0033-2335
P-002336,12.971652,77.586084,F-07-01,D-0033,,,LT-8m-PCC,W-60,560078,KSPDB-SD07-D-0033-2336
P-002337,12.971556,77.585943,F-07-01,D-0033,,,LT-8m-PCC,W-27,560078,KSPDB-SD07-D-0033-2337
P-002338,12.971989,77.58599,F-07-01,D-0033,,,LT-8m-Steel,W-73,560078,KSPDB-SD07-D-0033-2338
P-002339,12.971773,77.586078,F-07-01,D-0033,,,LT-9m-PCC,W-93,560078,
P-002340,12.971654,77.585851,F-07-01,D-0033,,,LT-8m-Steel,W-81,560078,KSPDB-SD07-D-0033-2340
P-002341,12.971787,77.586237,F-07-01,D-0033,,,LT-9m-PCC,W-40,560078,KSPDB-SD07-D-0033-2341
P-002342,12.972184,77.585823,F-07-01,D-0033,,,LT-8m-Steel,W-18,560078,KSPDB-SD07-D-0033-2342
P-002343,12.972026,77.585767,F-07-01,D-0033,,,LT-8m-Steel,W-89,560078,KSPDB-SD07-D-0033-2343
P-002344,12.972045,77.585813,F-07-01,D-0033,,,LT-8m-Steel,W-86,560078,KSPDB-SD07-D-0033-2344
P-002345,12.971739,77.586188,F-07-01,D-0033,,,LT-8m-PCC,W-92,560078,KSPDB-SD07-D-0033-2345
P-002346,12.971693,77.586284,F-07-01,D-0033,,,LT-8m-Steel,W-65,560078,KSPDB-SD07-D-0033-2346
P-002347,12.972072,77.585581,F-07-01,D-0033,,,LT-9m-PCC,W-83,560078,KSPDB-SD07-D-0033-2347
P-002348,12.971981,77.585633,F-07-01,D-0033,,,LT-8m-PCC,W-77,560078,KSPDB-SD07-D-0033-2348
P-002349,12.972176,77.585811,F-07-01,D-0033,,,LT-8m-Steel,W-36,560078,KSPDB-SD07-D-0033-2349
P-002350,12.972049,77.585576,F-07-01,D-0033,,,LT-9m-PCC,W-15,560078,KSPDB-SD07-D-0033-2350
P-002351,12.971963,77.585559,F-07-01,D-0033,,,LT-9m-PCC,W-53,560078,KSPDB-SD07-D-0033-2351
P-002352,12.972068,77.585688,F-07-01,D-0033,,,LT-8m-Steel,W-43,,KSPDB-SD07-D-0033-2352
P-002353,12.9719,77.585667,F-07-01,D-0033,,,LT-8m-Steel,W-47,560078,KSPDB-SD07-D-0033-2353
P-002354,12.971803,77.585369,F-07-01,D-0033,,,LT-8m-Steel,W-26,560078,KSPDB-SD07-D-0033-2354
P-002355,12.972072,77.585612,F-07-01,D-0033,,,LT-8m-PCC,W-44,560078,KSPDB-SD07-D-0033-2355
P-002356,12.957421,77.594203,F-07-05,D-0034,,,LT-8m-Steel,W-94,560078,KSPDB-SD07-D-0034-2356
P-002357,12.957298,77.594024,F-07-05,D-0034,,,LT-8m-Steel,W-28,560078,
P-002358,12.957563,77.59422,F-07-05,D-0034,,,LT-8m-PCC,W-62,560078,
P-002359,12.957478,77.594287,F-07-05,D-0034,,,LT-9m-PCC,W-37,560078,KSPDB-SD07-D-0034-2359
P-002360,12.957458,77.59433,F-07-05,D-0034,,,LT-9m-PCC,W-42,560078,KSPDB-SD07-D-0034-2360
P-002361,12.957262,77.59406,F-07-05,D-0034,,,LT-9m-PCC,W-30,560078,KSPDB-SD07-D-0034-2361
P-002362,12.957488,77.594044,F-07-05,D-0034,,,LT-8m-PCC,W-45,560078,KSPDB-SD07-D-0034-2362
P-002363,12.957432,77.594438,F-07-05,D-0034,,,LT-8m-PCC,W-57,560078,KSPDB-SD07-D-0034-2363
P-002364,12.957614,77.594252,F-07-05,D-0034,,,LT-8m-Steel,W-27,560078,KSPDB-SD07-D-0034-2364
P-002365,12.957557,77.594321,F-07-05,D-0034,,,LT-8m-PCC,W-64,560078,KSPDB-SD07-D-0034-2365
P-002366,12.95745,77.593982,F-07-05,D-0034,,,LT-9m-PCC,W-18,560078,KSPDB-SD07-D-0034-2366
P-002367,12.95749,77.593872,F-07-05,D-0034,,,LT-8m-Steel,W-26,560078,KSPDB-SD07-D-0034-2367
P-002368,12.95752,77.594132,F-07-05,D-0034,,,LT-8m-Steel,W-54,560078,KSPDB-SD07-D-0034-2368
P-002369,12.957652,77.594391,F-07-05,D-0034,,,LT-9m-PCC,W-44,560078,KSPDB-SD07-D-0034-2369
P-002370,12.957614,77.594088,F-07-05,D-0034,,,LT-9m-PCC,W-96,560078,KSPDB-SD07-D-0034-2370
P-002371,12.957349,77.59398,F-07-05,D-0034,,,LT-8m-Steel,W-86,560078,KSPDB-SD07-D-0034-2371
P-002372,12.95778,77.594453,F-07-05,D-0034,,,LT-9m-PCC,W-76,560078,KSPDB-SD07-D-0034-2372
P-002373,12.95744,77.593998,F-07-05,D-0034,,,LT-8m-PCC,W-76,560078,KSPDB-SD07-D-0034-2373
P-002374,12.957419,77.594057,F-07-05,D-0034,,,LT-8m-PCC,W-43,560078,KSPDB-SD07-D-0034-2374
P-002375,12.957167,77.59406,F-07-05,D-0034,,,LT-8m-Steel,W-49,560078,
P-002376,12.957415,77.594026,F-07-05,D-0034,,,LT-9m-PCC,W-23,560078,KSPDB-SD07-D-0034-2376
P-002377,12.957961,77.594482,F-07-05,D-0034,,,LT-8m-PCC,W-41,560078,KSPDB-SD07-D-0034-2377
P-002378,12.957376,77.594028,F-07-05,D-0034,,,LT-9m-PCC,W-71,560078,KSPDB-SD07-D-0034-2378
P-002379,12.958154,77.59438,F-07-05,D-0034,,,LT-9m-PCC,W-35,560078,KSPDB-SD07-D-0034-2379
P-002380,12.958183,77.594579,F-07-05,D-0034,,,LT-8m-PCC,W-54,560078,
P-002381,12.957489,77.59395,F-07-05,D-0034,,,LT-8m-PCC,W-50,560078,KSPDB-SD07-D-0034-2381
P-002382,12.957975,77.59438,F-07-05,D-0034,,,LT-8m-Steel,W-67,560078,KSPDB-SD07-D-0034-2382
P-002383,12.958377,77.594581,F-07-05,D-0034,,,LT-8m-PCC,W-54,560078,KSPDB-SD07-D-0034-2383
P-002384,12.958413,77.594498,F-07-05,D-0034,,,LT-9m-PCC,W-23,560078,KSPDB-SD07-D-0034-2384
P-002385,12.958198,77.594727,F-07-05,D-0034,,,LT-9m-PCC,W-45,560078,KSPDB-SD07-D-0034-2385
P-002386,12.957379,77.594127,F-07-05,D-0034,,,LT-8m-Steel,W-42,560078,KSPDB-SD07-D-0034-2386
P-002387,12.958233,77.594389,F-07-05,D-0034,,,LT-9m-PCC,W-19,560078,KSPDB-SD07-D-0034-2387
P-002388,12.957274,77.594194,F-07-05,D-0034,,,LT-8m-Steel,W-96,560078,KSPDB-SD07-D-0034-2388
P-002389,12.958217,77.594444,F-07-05,D-0034,,,LT-9m-PCC,W-18,560078,KSPDB-SD07-D-0034-2389
P-002390,12.957398,77.594193,F-07-05,D-0034,,,LT-8m-PCC,W-71,560078,KSPDB-SD07-D-0034-2390
P-002391,12.958083,77.594203,F-07-05,D-0034,,,LT-8m-PCC,W-38,560078,KSPDB-SD07-D-0034-2391
P-002392,12.958235,77.59442,F-07-05,D-0034,,,LT-9m-PCC,W-67,560078,KSPDB-SD07-D-0034-2392
P-002393,12.958163,77.594251,F-07-05,D-0034,,,LT-8m-PCC,W-65,560078,KSPDB-SD07-D-0034-2393
P-002394,12.958192,77.594263,F-07-05,D-0034,,,LT-9m-PCC,W-13,560078,KSPDB-SD07-D-0034-2394
P-002395,12.958003,77.594218,F-07-05,D-0034,,,LT-9m-PCC,W-67,560078,KSPDB-SD07-D-0034-2395
P-002396,12.958329,77.594214,F-07-05,D-0034,,,LT-8m-PCC,W-23,,
P-002397,12.958,77.594175,F-07-05,D-0034,,,LT-8m-Steel,W-50,560078,KSPDB-SD07-D-0034-2397
P-002398,12.95822,77.594226,F-07-05,D-0034,,,LT-9m-PCC,W-27,560078,KSPDB-SD07-D-0034-2398
P-002399,12.958052,77.594322,F-07-05,D-0034,,,LT-8m-PCC,W-51,560078,KSPDB-SD07-D-0034-2399
P-002400,12.9584,77.594142,F-07-05,D-0034,,,LT-9m-PCC,W-88,560078,KSPDB-SD07-D-0034-2400
P-002401,12.958271,77.59404,F-07-05,D-0034,,,LT-9m-PCC,W-83,560078,KSPDB-SD07-D-0034-2401
P-002402,12.95842,77.594042,F-07-05,D-0034,,,LT-8m-Steel,W-93,560078,KSPDB-SD07-D-0034-2402
P-002403,12.958204,77.594062,F-07-05,D-0034,,,LT-8m-PCC,W-87,560078,
P-002404,12.958089,77.593958,F-07-05,D-0034,,,LT-8m-Steel,W-74,560078,KSPDB-SD07-D-0034-2404
P-002405,12.958324,77.593922,F-07-05,D-0034,,,LT-8m-PCC,W-45,560078,KSPDB-SD07-D-0034-2405
P-002406,12.958404,77.594116,F-07-05,D-0034,,,LT-9m-PCC,W-80,560078,KSPDB-SD07-D-0034-2406
P-002407,12.958468,77.593888,F-07-05,D-0034,,,LT-8m-Steel,W-36,560078,
P-002408,12.958438,77.593892,F-07-05,D-0034,,,LT-8m-PCC,W-72,560078,
P-002409,12.958204,77.593786,F-07-05,D-0034,,,LT-8m-PCC,W-65,560078,KSPDB-SD07-D-0034-2409
P-002410,12.958658,77.593707,F-07-05,D-0034,,,LT-8m-PCC,W-72,560078,KSPDB-SD07-D-0034-2410
P-002411,12.958597,77.593763,F-07-05,D-0034,,,LT-9m-PCC,W-42,560078,KSPDB-SD07-D-0034-2411
P-002412,12.958151,77.593608,F-07-05,D-0034,,,LT-8m-PCC,W-81,560078,KSPDB-SD07-D-0034-2412
P-002413,12.975863,77.602734,F-07-04,D-0035,,,LT-8m-PCC,W-61,560078,KSPDB-SD07-D-0035-2413
P-002414,12.976011,77.6026,F-07-04,D-0035,,,LT-9m-PCC,W-71,560078,KSPDB-SD07-D-0035-2414
P-002415,12.975921,77.602676,F-07-04,D-0035,,,LT-8m-Steel,W-10,560078,KSPDB-SD07-D-0035-2415
P-002416,12.976024,77.602545,F-07-04,D-0035,,,LT-8m-Steel,W-23,560078,KSPDB-SD07-D-0035-2416
P-002417,12.975877,77.602518,F-07-04,D-0035,,,LT-8m-Steel,W-95,560078,KSPDB-SD07-D-0035-2417
P-002418,12.975911,77.602524,F-07-04,D-0035,,,LT-8m-Steel,W-57,560078,KSPDB-SD07-D-0035-2418
P-002419,12.976016,77.602599,F-07-04,D-0035,,,LT-8m-PCC,W-99,560078,KSPDB-SD07-D-0035-2419
P-002420,12.976085,77.60281,F-07-04,D-0035,,,LT-9m-PCC,W-95,560078,KSPDB-SD07-D-0035-2420
P-002421,12.975733,77.602355,F-07-04,D-0035,,,LT-8m-PCC,W-16,560078,
P-002422,12.975679,77.60247,F-07-04,D-0035,,,LT-8m-PCC,W-88,560078,KSPDB-SD07-D-0035-2422
P-002423,12.976071,77.602558,F-07-04,D-0035,,,LT-9m-PCC,W-62,560078,KSPDB-SD07-D-0035-2423
P-002424,12.97616,77.602552,F-07-04,D-0035,,,LT-8m-PCC,W-89,560078,KSPDB-SD07-D-0035-2424
P-002425,12.976019,77.602365,F-07-04,D-0035,,,LT-9m-PCC,W-67,560078,KSPDB-SD07-D-0035-2425
P-002426,12.976241,77.602476,F-07-04,D-0035,,,LT-9m-PCC,W-56,560078,KSPDB-SD07-D-0035-2426
P-002427,12.976119,77.602665,F-07-04,D-0035,,,LT-9m-PCC,W-30,560078,KSPDB-SD07-D-0035-2427
P-002428,12.976334,77.602602,F-07-04,D-0035,,,LT-8m-Steel,W-58,560078,KSPDB-SD07-D-0035-2428
P-002429,12.976285,77.602687,F-07-04,D-0035,,,LT-8m-Steel,W-95,560078,
P-002430,12.976013,77.602337,F-07-04,D-0035,,,LT-9m-PCC,W-68,,KSPDB-SD07-D-0035-2430
P-002431,12.975929,77.602363,F-07-04,D-0035,,,LT-8m-Steel,W-49,560078,KSPDB-SD07-D-0035-2431
P-002432,12.976029,77.602458,F-07-04,D-0035,,,LT-8m-Steel,W-33,560078,KSPDB-SD07-D-0035-2432
P-002433,12.975963,77.602436,F-07-04,D-0035,,,LT-9m-PCC,W-53,560078,
P-002434,12.975889,77.602636,F-07-04,D-0035,,,LT-8m-PCC,W-86,560078,KSPDB-SD07-D-0035-2434
P-002435,12.975995,77.602471,F-07-04,D-0035,,,LT-9m-PCC,W-34,560078,KSPDB-SD07-D-0035-2435
P-002436,12.976048,77.602367,F-07-04,D-0035,,,LT-9m-PCC,W-59,560078,KSPDB-SD07-D-0035-2436
P-002437,12.976144,77.602538,F-07-04,D-0035,,,LT-8m-Steel,W-29,560078,KSPDB-SD07-D-0035-2437
P-002438,12.976066,77.60264,F-07-04,D-0035,,,LT-8m-PCC,W-25,560078,KSPDB-SD07-D-0035-2438
P-002439,12.976306,77.602626,F-07-04,D-0035,,,LT-8m-Steel,W-76,560078,KSPDB-SD07-D-0035-2439
P-002440,12.975851,77.602341,F-07-04,D-0035,,,LT-8m-PCC,W-42,560078,KSPDB-SD07-D-0035-2440
P-002441,12.975903,77.602387,F-07-04,D-0035,,,LT-9m-PCC,W-10,560078,KSPDB-SD07-D-0035-2441
P-002442,12.976318,77.602599,F-07-04,D-0035,,,LT-9m-PCC,W-54,560078,KSPDB-SD07-D-0035-2442
P-002443,12.976369,77.602449,F-07-04,D-0035,,,LT-8m-PCC,W-21,560078,KSPDB-SD07-D-0035-2443
P-002444,12.976126,77.602426,F-07-04,D-0035,,,LT-9m-PCC,W-95,560078,KSPDB-SD07-D-0035-2444
P-002445,12.976058,77.60224,F-07-04,D-0035,,,LT-9m-PCC,W-63,560078,KSPDB-SD07-D-0035-2445
P-002446,12.976177,77.602743,F-07-04,D-0035,,,LT-8m-PCC,W-16,560078,KSPDB-SD07-D-0035-2446
P-002447,12.976036,77.602631,F-07-04,D-0035,,,LT-9m-PCC,W-69,560078,
P-002448,12.976229,77.602428,F-07-04,D-0035,,,LT-8m-PCC,W-87,,KSPDB-SD07-D-0035-2448
P-002449,12.976076,77.602293,F-07-04,D-0035,,,LT-8m-PCC,W-92,560078,KSPDB-SD07-D-0035-2449
P-002450,12.975892,77.602139,F-07-04,D-0035,,,LT-8m-Steel,W-85,560078,KSPDB-SD07-D-0035-2450
P-002451,12.976067,77.602241,F-07-04,D-0035,,,LT-8m-PCC,W-83,560078,KSPDB-SD07-D-0035-2451
P-002452,12.976398,77.602283,F-07-04,D-0035,,,LT-8m-PCC,W-15,560078,KSPDB-SD07-D-0035-2452
P-002453,12.975763,77.602284,F-07-04,D-0035,,,LT-8m-Steel,W-89,560078,
P-002454,12.976036,77.602199,F-07-04,D-0035,,,LT-8m-Steel,W-85,560078,KSPDB-SD07-D-0035-2454
P-002455,12.975887,77.602312,F-07-04,D-0035,,,LT-9m-PCC,W-86,560078,KSPDB-SD07-D-0035-2455
P-002456,12.976116,77.602137,F-07-04,D-0035,,,LT-8m-Steel,W-66,560078,KSPDB-SD07-D-0035-2456
P-002457,12.976169,77.602028,F-07-04,D-0035,,,LT-8m-Steel,W-10,560078,KSPDB-SD07-D-0035-2457
P-002458,12.975961,77.601944,F-07-04,D-0035,,,LT-8m-Steel,W-10,560078,KSPDB-SD07-D-0035-2458
P-002459,12.976097,77.602233,F-07-04,D-0035,,,LT-8m-PCC,W-41,560078,KSPDB-SD07-D-0035-2459
P-002460,12.976071,77.601883,F-07-04,D-0035,,,LT-8m-PCC,W-89,560078,KSPDB-SD07-D-0035-2460
P-002461,12.97616,77.601824,F-07-04,D-0035,,,LT-9m-PCC,W-66,560078,KSPDB-SD07-D-0035-2461
P-002462,12.976089,77.601851,F-07-04,D-0035,,,LT-8m-Steel,W-47,560078,
P-002463,12.976136,77.601935,F-07-04,D-0035,,,LT-9m-PCC,W-74,560078,KSPDB-SD07-D-0035-2463
P-002464,12.976003,77.602005,F-07-04,D-0035,,,LT-8m-PCC,W-36,560078,
P-002465,12.976089,77.601795,F-07-04,D-0035,,,LT-8m-Steel,W-56,560078,KSPDB-SD07-D-0035-2465
P-002466,12.975919,77.601881,F-07-04,D-0035,,,LT-8m-PCC,W-86,560078,KSPDB-SD07-D-0035-2466
P-002467,12.976117,77.601712,F-07-04,D-0035,,,LT-8m-PCC,W-83,560078,KSPDB-SD07-D-0035-2467
P-002468,12.976015,77.601907,F-07-04,D-0035,,,LT-8m-PCC,W-85,560078,KSPDB-SD07-D-0035-2468
P-002469,12.975927,77.601881,F-07-04,D-0035,,,LT-9m-PCC,W-31,560078,KSPDB-SD07-D-0035-2469
P-002470,12.976235,77.601968,F-07-04,D-0035,,,LT-8m-PCC,W-63,560078,KSPDB-SD07-D-0035-2470
P-002471,12.976093,77.601872,F-07-04,D-0035,,,LT-9m-PCC,W-22,560078,KSPDB-SD07-D-0035-2471
P-002472,12.975992,77.601903,F-07-04,D-0035,,,LT-8m-Steel,W-94,560078,KSPDB-SD07-D-0035-2472
P-002473,12.975925,77.601795,F-07-04,D-0035,,,LT-8m-Steel,W-63,560078,KSPDB-SD07-D-0035-2473
P-002474,12.975989,77.601782,F-07-04,D-0035,,,LT-8m-PCC,W-91,560078,KSPDB-SD07-D-0035-2474
P-002475,12.976104,77.601907,F-07-04,D-0035,,,LT-8m-Steel,W-75,560078,KSPDB-SD07-D-0035-2475
P-002476,12.975939,77.601778,F-07-04,D-0035,,,LT-8m-Steel,W-79,560078,KSPDB-SD07-D-0035-2476
P-002477,12.975985,77.601636,F-07-04,D-0035,,,LT-8m-PCC,W-49,560078,KSPDB-SD07-D-0035-2477
P-002478,12.976019,77.601807,F-07-04,D-0035,,,LT-8m-PCC,W-28,560078,KSPDB-SD07-D-0035-2478
P-002479,12.975896,77.601606,F-07-04,D-0035,,,LT-8m-PCC,W-76,560078,KSPDB-SD07-D-0035-2479
P-002480,12.975809,77.601661,F-07-04,D-0035,,,LT-8m-Steel,W-13,560078,KSPDB-SD07-D-0035-2480
P-002481,12.975937,77.601696,F-07-04,D-0035,,,LT-8m-Steel,W-75,560078,KSPDB-SD07-D-0035-2481
P-002482,12.976121,77.601538,F-07-04,D-0035,,,LT-8m-Steel,W-19,560078,KSPDB-SD07-D-0035-2482
P-002483,12.975764,77.601522,F-07-04,D-0035,,,LT-8m-PCC,W-13,560078,KSPDB-SD07-D-0035-2483
P-002484,12.975917,77.601546,F-07-04,D-0035,,,LT-9m-PCC,W-90,560078,KSPDB-SD07-D-0035-2484
P-002485,12.975937,77.601417,F-07-04,D-0035,,,LT-8m-PCC,W-87,560078,KSPDB-SD07-D-0035-2485
P-002486,12.975962,77.601265,F-07-04,D-0035,,,LT-9m-PCC,W-50,560078,KSPDB-SD07-D-0035-2486
P-002487,12.975926,77.601317,F-07-04,D-0035,,,LT-8m-PCC,W-36,560078,KSPDB-SD07-D-0035-2487
P-002488,12.976018,77.601657,F-07-04,D-0035,,,LT-8m-Steel,W-83,560078,KSPDB-SD07-D-0035-2488
P-002489,12.97604,77.601393,F-07-04,D-0035,,,LT-8m-Steel,W-20,560078,KSPDB-SD07-D-0035-2489
P-002490,12.97579,77.601298,F-07-04,D-0035,,,LT-8m-Steel,W-11,560078,KSPDB-SD07-D-0035-2490
P-002491,12.97589,77.601305,F-07-04,D-0035,,,LT-8m-Steel,W-56,,
P-002492,12.976102,77.60141,F-07-04,D-0035,,,LT-8m-PCC,W-48,560078,KSPDB-SD07-D-0035-2492
P-002493,12.975951,77.601468,F-07-04,D-0035,,,LT-8m-Steel,W-48,560078,KSPDB-SD07-D-0035-2493
P-002494,12.975833,77.601189,F-07-04,D-0035,,,LT-8m-Steel,W-51,560078,
P-002495,12.975837,77.601152,F-07-04,D-0035,,,LT-8m-Steel,W-51,560078,KSPDB-SD07-D-0035-2495
P-002496,12.976141,77.601322,F-07-04,D-0035,,,LT-8m-Steel,W-18,560078,KSPDB-SD07-D-0035-2496
P-002497,12.975712,77.60117,F-07-04,D-0035,,,LT-8m-Steel,W-61,560078,KSPDB-SD07-D-0035-2497
P-002498,12.976119,77.601411,F-07-04,D-0035,,,LT-8m-Steel,W-65,560078,
P-002499,12.975776,77.601286,F-07-04,D-0035,,,LT-8m-Steel,W-31,560078,KSPDB-SD07-D-0035-2499
P-002500,12.975717,77.601426,F-07-04,D-0035,,,LT-9m-PCC,W-45,560078,KSPDB-SD07-D-0035-2500
P-002501,12.976244,77.601219,F-07-04,D-0035,,,LT-8m-PCC,W-97,560078,KSPDB-SD07-D-0035-2501
P-002502,12.9761,77.60126,F-07-04,D-0035,,,LT-9m-PCC,W-65,560078,KSPDB-SD07-D-0035-2502
P-002503,12.976159,77.60107,F-07-04,D-0035,,,LT-8m-PCC,W-73,560078,KSPDB-SD07-D-0035-2503
P-002504,12.982523,77.577294,F-07-02,D-0036,,,LT-8m-PCC,W-56,560078,KSPDB-SD07-D-0036-2504
P-002505,12.982365,77.57714,F-07-02,D-0036,,,LT-9m-PCC,W-75,560078,KSPDB-SD07-D-0036-2505
P-002506,12.982316,77.577228,F-07-02,D-0036,,,LT-9m-PCC,W-39,560078,KSPDB-SD07-D-0036-2506
P-002507,12.982509,77.577199,F-07-02,D-0036,,,LT-8m-PCC,W-97,560078,KSPDB-SD07-D-0036-2507
P-002508,12.982658,77.577041,F-07-02,D-0036,,,LT-8m-Steel,W-95,560078,KSPDB-SD07-D-0036-2508
P-002509,12.982473,77.577342,F-07-02,D-0036,,,LT-8m-PCC,W-58,560078,KSPDB-SD07-D-0036-2509
P-002510,12.982324,77.577057,F-07-02,D-0036,,,LT-8m-Steel,W-13,560078,KSPDB-SD07-D-0036-2510
P-002511,12.982802,77.576964,F-07-02,D-0036,,,LT-9m-PCC,W-68,560078,KSPDB-SD07-D-0036-2511
P-002512,12.982509,77.577012,F-07-02,D-0036,,,LT-9m-PCC,W-60,560078,KSPDB-SD07-D-0036-2512
P-002513,12.982495,77.577513,F-07-02,D-0036,,,LT-8m-Steel,W-62,560078,KSPDB-SD07-D-0036-2513
P-002514,12.982484,77.577466,F-07-02,D-0036,,,LT-9m-PCC,W-58,560078,KSPDB-SD07-D-0036-2514
P-002515,12.98224,77.577047,F-07-02,D-0036,,,LT-9m-PCC,W-17,560078,KSPDB-SD07-D-0036-2515
P-002516,12.982418,77.577095,F-07-02,D-0036,,,LT-8m-PCC,W-25,560078,KSPDB-SD07-D-0036-2516
P-002517,12.982594,77.577569,F-07-02,D-0036,,,LT-9m-PCC,W-69,560078,KSPDB-SD07-D-0036-2517
P-002518,12.98244,77.576934,F-07-02,D-0036,,,LT-8m-Steel,W-77,560078,KSPDB-SD07-D-0036-2518
P-002519,12.982621,77.577698,F-07-02,D-0036,,,LT-9m-PCC,W-58,560078,KSPDB-SD07-D-0036-2519
P-002520,12.98222,77.576938,F-07-02,D-0036,,,LT-8m-PCC,W-98,560078,KSPDB-SD07-D-0036-2520
P-002521,12.982443,77.577037,F-07-02,D-0036,,,LT-8m-Steel,W-55,560078,KSPDB-SD07-D-0036-2521
P-002522,12.982604,77.577621,F-07-02,D-0036,,,LT-9m-PCC,W-15,560078,KSPDB-SD07-D-0036-2522
P-002523,12.982502,77.57711,F-07-02,D-0036,,,LT-8m-Steel,W-96,560078,KSPDB-SD07-D-0036-2523
P-002524,12.98258,77.576998,F-07-02,D-0036,,,LT-8m-PCC,W-73,560078,KSPDB-SD07-D-0036-2524
P-002525,12.982383,77.57713,F-07-02,D-0036,,,LT-8m-Steel,W-84,560078,KSPDB-SD07-D-0036-2525
P-002526,12.982532,77.577121,F-07-02,D-0036,,,LT-8m-Steel,W-98,560078,
P-002527,12.982569,77.577778,F-07-02,D-0036,,,LT-8m-PCC,W-35,560078,KSPDB-SD07-D-0036-2527
P-002528,12.982437,77.576979,F-07-02,D-0036,,,LT-8m-Steel,W-41,560078,KSPDB-SD07-D-0036-2528
P-002529,12.982547,77.577179,F-07-02,D-0036,,,LT-9m-PCC,W-65,560078,KSPDB-SD07-D-0036-2529
P-002530,12.98246,77.577856,F-07-02,D-0036,,,LT-9m-PCC,W-26,560078,KSPDB-SD07-D-0036-2530
P-002531,12.982547,77.577059,F-07-02,D-0036,,,LT-8m-PCC,W-20,560078,KSPDB-SD07-D-0036-2531
P-002532,12.982415,77.576951,F-07-02,D-0036,,,LT-8m-PCC,W-48,560078,KSPDB-SD07-D-0036-2532
P-002533,12.982436,77.576826,F-07-02,D-0036,,,LT-8m-Steel,W-24,560078,KSPDB-SD07-D-0036-2533
P-002534,12.982399,77.577207,F-07-02,D-0036,,,LT-8m-PCC,W-21,560078,KSPDB-SD07-D-0036-2534
P-002535,12.982623,77.576997,F-07-02,D-0036,,,LT-8m-PCC,W-63,560078,KSPDB-SD07-D-0036-2535
P-002536,12.982407,77.576941,F-07-02,D-0036,,,LT-9m-PCC,W-14,560078,KSPDB-SD07-D-0036-2536
P-002537,12.982545,77.576938,F-07-02,D-0036,,,LT-8m-PCC,W-34,560078,KSPDB-SD07-D-0036-2537
P-002538,12.982633,77.576835,F-07-02,D-0036,,,LT-9m-PCC,W-10,560078,KSPDB-SD07-D-0036-2538
P-002539,12.982275,77.576781,F-07-02,D-0036,,,LT-8m-PCC,W-87,560078,
P-002540,12.982399,77.576898,F-07-02,D-0036,,,LT-9m-PCC,W-73,560078,KSPDB-SD07-D-0036-2540
P-002541,12.982101,77.576853,F-07-02,D-0036,,,LT-8m-PCC,W-80,560078,KSPDB-SD07-D-0036-2541
P-002542,12.982018,77.576814,F-07-02,D-0036,,,LT-8m-PCC,W-86,560078,
P-002543,12.982345,77.576916,F-07-02,D-0036,,,LT-9m-PCC,W-83,560078,KSPDB-SD07-D-0036-2543
P-002544,12.982417,77.576867,F-07-02,D-0036,,,LT-9m-PCC,W-56,560078,KSPDB-SD07-D-0036-2544
P-002545,12.982578,77.576917,F-07-02,D-0036,,,LT-8m-Steel,W-62,560078,KSPDB-SD07-D-0036-2545
P-002546,12.982062,77.57676,F-07-02,D-0036,,,LT-8m-Steel,W-60,,KSPDB-SD07-D-0036-2546
P-002547,12.982228,77.576731,F-07-02,D-0036,,,LT-8m-PCC,W-11,560078,
P-002548,12.982154,77.576601,F-07-02,D-0036,,,LT-8m-Steel,W-76,560078,KSPDB-SD07-D-0036-2548
P-002549,12.982327,77.576694,F-07-02,D-0036,,,LT-8m-PCC,W-99,560078,KSPDB-SD07-D-0036-2549
P-002550,12.982368,77.576811,F-07-02,D-0036,,,LT-8m-PCC,W-92,560078,KSPDB-SD07-D-0036-2550
P-002551,12.982393,77.576772,F-07-02,D-0036,,,LT-8m-PCC,W-16,560078,KSPDB-SD07-D-0036-2551
P-002552,12.982345,77.576523,F-07-02,D-0036,,,LT-8m-PCC,W-99,560078,KSPDB-SD07-D-0036-2552
P-002553,12.982436,77.576556,F-07-02,D-0036,,,LT-9m-PCC,W-55,560078,KSPDB-SD07-D-0036-2553
P-002554,12.982402,77.576802,F-07-02,D-0036,,,LT-8m-PCC,W-31,560078,KSPDB-SD07-D-0036-2554
P-002555,12.98254,77.576953,F-07-02,D-0036,,,LT-9m-PCC,W-22,560078,KSPDB-SD07-D-0036-2555
P-002556,12.9824,77.576764,F-07-02,D-0036,,,LT-9m-PCC,W-42,560078,KSPDB-SD07-D-0036-2556
P-002557,12.982563,77.576682,F-07-02,D-0036,,,LT-8m-PCC,W-45,,
P-002558,12.982261,77.576743,F-07-02,D-0036,,,LT-8m-PCC,W-99,560078,KSPDB-SD07-D-0036-2558
P-002559,12.982238,77.576677,F-07-02,D-0036,,,LT-8m-Steel,W-91,560078,KSPDB-SD07-D-0036-2559
P-002560,12.97168,77.589763,F-07-05,D-0037,,,LT-8m-Steel,W-64,560078,KSPDB-SD07-D-0037-2560
P-002561,12.97165,77.589787,F-07-05,D-0037,,,LT-9m-PCC,W-10,560078,
P-002562,12.971837,77.589854,F-07-05,D-0037,,,LT-9m-PCC,W-56,,KSPDB-SD07-D-0037-2562
P-002563,12.971874,77.589888,F-07-05,D-0037,,,LT-8m-PCC,W-76,560078,KSPDB-SD07-D-0037-2563
P-002564,12.971676,77.589812,F-07-05,D-0037,,,LT-8m-Steel,W-83,560078,KSPDB-SD07-D-0037-2564
P-002565,12.971862,77.589838,F-07-05,D-0037,,,LT-8m-PCC,W-64,560078,KSPDB-SD07-D-0037-2565
P-002566,12.971787,77.589957,F-07-05,D-0037,,,LT-9m-PCC,W-79,560078,KSPDB-SD07-D-0037-2566
P-002567,12.97187,77.58973,F-07-05,D-0037,,,LT-9m-PCC,W-83,560078,KSPDB-SD07-D-0037-2567
P-002568,12.971882,77.590025,F-07-05,D-0037,,,LT-8m-PCC,W-32,560078,
P-002569,12.971678,77.589815,F-07-05,D-0037,,,LT-8m-PCC,W-46,560078,KSPDB-SD07-D-0037-2569
P-002570,12.971815,77.589655,F-07-05,D-0037,,,LT-8m-Steel,W-91,560078,KSPDB-SD07-D-0037-2570
P-002571,12.971607,77.589887,F-07-05,D-0037,,,LT-8m-PCC,W-44,560078,KSPDB-SD07-D-0037-2571
P-002572,12.971581,77.589677,F-07-05,D-0037,,,LT-8m-PCC,W-61,560078,KSPDB-SD07-D-0037-2572
P-002573,12.971598,77.58959,F-07-05,D-0037,,,LT-8m-Steel,W-40,560078,KSPDB-SD07-D-0037-2573
P-002574,12.971546,77.589631,F-07-05,D-0037,,,LT-8m-Steel,W-28,560078,KSPDB-SD07-D-0037-2574
P-002575,12.971718,77.589671,F-07-05,D-0037,,,LT-9m-PCC,W-95,560078,KSPDB-SD07-D-0037-2575
P-002576,12.971916,77.589731,F-07-05,D-0037,,,LT-8m-PCC,W-91,560078,KSPDB-SD07-D-0037-2576
P-002577,12.971418,77.589534,F-07-05,D-0037,,,LT-9m-PCC,W-73,560078,KSPDB-SD07-D-0037-2577
P-002578,12.97159,77.589447,F-07-05,D-0037,,,LT-9m-PCC,W-73,560078,KSPDB-SD07-D-0037-2578
P-002579,12.97193,77.589542,F-07-05,D-0037,,,LT-8m-PCC,W-23,560078,KSPDB-SD07-D-0037-2579
P-002580,12.971313,77.589469,F-07-05,D-0037,,,LT-8m-PCC,W-18,560078,KSPDB-SD07-D-0037-2580
P-002581,12.97145,77.589509,F-07-05,D-0037,,,LT-8m-Steel,W-24,560078,KSPDB-SD07-D-0037-2581
P-002582,12.97213,77.589653,F-07-05,D-0037,,,LT-9m-PCC,W-64,560078,
P-002583,12.971501,77.589501,F-07-05,D-0037,,,LT-8m-Steel,W-24,560078,KSPDB-SD07-D-0037-2583
P-002584,12.971461,77.589667,F-07-05,D-0037,,,LT-8m-Steel,W-23,560078,KSPDB-SD07-D-0037-2584
P-002585,12.971366,77.589462,F-07-05,D-0037,,,LT-9m-PCC,W-57,,KSPDB-SD07-D-0037-2585
P-002586,12.97135,77.589621,F-07-05,D-0037,,,LT-9m-PCC,W-91,560078,KSPDB-SD07-D-0037-2586
P-002587,12.971329,77.58961,F-07-05,D-0037,,,LT-8m-Steel,W-87,,KSPDB-SD07-D-0037-2587
P-002588,12.971532,77.589444,F-07-05,D-0037,,,LT-8m-Steel,W-46,560078,KSPDB-SD07-D-0037-2588
P-002589,12.971608,77.589422,F-07-05,D-0037,,,LT-8m-Steel,W-62,560078,KSPDB-SD07-D-0037-2589
P-002590,12.971524,77.589709,F-07-05,D-0037,,,LT-9m-PCC,W-32,560078,KSPDB-SD07-D-0037-2590
P-002591,12.971366,77.589723,F-07-05,D-0037,,,LT-9m-PCC,W-94,560078,KSPDB-SD07-D-0037-2591
P-002592,12.971327,77.589537,F-07-05,D-0037,,,LT-8m-PCC,W-87,560078,
P-002593,12.971483,77.589556,F-07-05,D-0037,,,LT-9m-PCC,W-30,560078,KSPDB-SD07-D-0037-2593
P-002594,12.971551,77.589431,F-07-05,D-0037,,,LT-8m-Steel,W-35,560078,KSPDB-SD07-D-0037-2594
P-002595,12.971274,77.589781,F-07-05,D-0037,,,LT-9m-PCC,W-78,560078,KSPDB-SD07-D-0037-2595
P-002596,12.971393,77.589626,F-07-05,D-0037,,,LT-8m-PCC,W-60,560078,KSPDB-SD07-D-0037-2596
P-002597,12.97131,77.589658,F-07-05,D-0037,,,LT-9m-PCC,W-26,560078,KSPDB-SD07-D-0037-2597
P-002598,12.971666,77.589457,F-07-05,D-0037,,,LT-8m-Steel,W-69,560078,KSPDB-SD07-D-0037-2598
P-002599,12.971229,77.589593,F-07-05,D-0037,,,LT-8m-PCC,W-15,560078,KSPDB-SD07-D-0037-2599
P-002600,12.971189,77.589774,F-07-05,D-0037,,,LT-8m-Steel,W-11,560078,KSPDB-SD07-D-0037-2600
P-002601,12.97142,77.589611,F-07-05,D-0037,,,LT-9m-PCC,W-50,,KSPDB-SD07-D-0037-2601
P-002602,12.971279,77.589653,F-07-05,D-0037,,,LT-9m-PCC,W-46,,KSPDB-SD07-D-0037-2602
P-002603,12.971408,77.589767,F-07-05,D-0037,,,LT-8m-PCC,W-73,560078,KSPDB-SD07-D-0037-2603
P-002604,12.971416,77.589952,F-07-05,D-0037,,,LT-8m-Steel,W-52,560078,KSPDB-SD07-D-0037-2604
P-002605,12.971252,77.589967,F-07-05,D-0037,,,LT-8m-Steel,W-59,560078,KSPDB-SD07-D-0037-2605
P-002606,12.971527,77.589959,F-07-05,D-0037,,,LT-9m-PCC,W-76,560078,KSPDB-SD07-D-0037-2606
P-002607,12.971232,77.589918,F-07-05,D-0037,,,LT-9m-PCC,W-44,560078,KSPDB-SD07-D-0037-2607
P-002608,12.971415,77.589977,F-07-05,D-0037,,,LT-8m-Steel,W-83,560078,
P-002609,12.97124,77.589927,F-07-05,D-0037,,,LT-8m-Steel,W-76,560078,KSPDB-SD07-D-0037-2609
P-002610,12.971303,77.590058,F-07-05,D-0037,,,LT-8m-PCC,W-96,560078,KSPDB-SD07-D-0037-2610
P-002611,12.971266,77.590067,F-07-05,D-0037,,,LT-8m-PCC,W-57,560078,KSPDB-SD07-D-0037-2611
P-002612,12.971187,77.589848,F-07-05,D-0037,,,LT-8m-PCC,W-27,560078,KSPDB-SD07-D-0037-2612
P-002613,12.97115,77.589869,F-07-05,D-0037,,,LT-9m-PCC,W-12,560078,KSPDB-SD07-D-0037-2613
P-002614,12.97134,77.589902,F-07-05,D-0037,,,LT-8m-Steel,W-18,560078,
P-002615,12.97132,77.589997,F-07-05,D-0037,,,LT-8m-PCC,W-19,560078,KSPDB-SD07-D-0037-2615
P-002616,12.971127,77.590056,F-07-05,D-0037,,,LT-9m-PCC,W-86,560078,KSPDB-SD07-D-0037-2616
P-002617,12.971083,77.590094,F-07-05,D-0037,,,LT-8m-Steel,W-97,560078,KSPDB-SD07-D-0037-2617
P-002618,12.971238,77.589951,F-07-05,D-0037,,,LT-8m-Steel,W-76,,KSPDB-SD07-D-0037-2618
P-002619,12.971125,77.589973,F-07-05,D-0037,,,LT-9m-PCC,W-70,560078,KSPDB-SD07-D-0037-2619
P-002620,12.971307,77.589989,F-07-05,D-0037,,,LT-9m-PCC,W-37,560078,KSPDB-SD07-D-0037-2620
P-002621,12.97106,77.589796,F-07-05,D-0037,,,LT-8m-PCC,W-62,560078,KSPDB-SD07-D-0037-2621
P-002622,12.971084,77.59009,F-07-05,D-0037,,,LT-9m-PCC,W-95,560078,KSPDB-SD07-D-0037-2622
P-002623,12.971088,77.589627,F-07-05,D-0037,,,LT-9m-PCC,W-19,560078,KSPDB-SD07-D-0037-2623
P-002624,12.970992,77.590017,F-07-05,D-0037,,,LT-8m-PCC,W-79,560078,KSPDB-SD07-D-0037-2624
P-002625,12.970985,77.589851,F-07-05,D-0037,,,LT-8m-PCC,W-43,560078,KSPDB-SD07-D-0037-2625
P-002626,12.971233,77.589655,F-07-05,D-0037,,,LT-9m-PCC,W-56,560078,KSPDB-SD07-D-0037-2626
P-002627,12.97121,77.589905,F-07-05,D-0037,,,LT-8m-PCC,W-60,560078,
P-002628,12.970965,77.589961,F-07-05,D-0037,,,LT-8m-Steel,W-55,560078,KSPDB-SD07-D-0037-2628
P-002629,12.970964,77.589951,F-07-05,D-0037,,,LT-8m-Steel,W-17,560078,KSPDB-SD07-D-0037-2629
P-002630,12.970994,77.589971,F-07-05,D-0037,,,LT-8m-Steel,W-51,560078,KSPDB-SD07-D-0037-2630
P-002631,12.9712,77.589843,F-07-05,D-0037,,,LT-9m-PCC,W-64,560078,KSPDB-SD07-D-0037-2631
P-002632,12.97129,77.589943,F-07-05,D-0037,,,LT-9m-PCC,W-43,560078,KSPDB-SD07-D-0037-2632
P-002633,12.971102,77.589727,F-07-05,D-0037,,,LT-8m-Steel,W-19,560078,KSPDB-SD07-D-0037-2633
P-002634,12.971275,77.589904,F-07-05,D-0037,,,LT-9m-PCC,W-15,560078,KSPDB-SD07-D-0037-2634
P-002635,12.971099,77.589873,F-07-05,D-0037,,,LT-8m-PCC,W-11,560078,KSPDB-SD07-D-0037-2635
P-002636,12.971363,77.590111,F-07-05,D-0037,,,LT-9m-PCC,W-74,560078,KSPDB-SD07-D-0037-2636
P-002637,12.971286,77.589787,F-07-05,D-0037,,,LT-9m-PCC,W-53,560078,KSPDB-SD07-D-0037-2637
P-002638,12.971285,77.58969,F-07-05,D-0037,,,LT-9m-PCC,W-75,560078,KSPDB-SD07-D-0037-2638
P-002639,12.971155,77.589749,F-07-05,D-0037,,,LT-8m-Steel,W-72,,
P-002640,12.971137,77.589676,F-07-05,D-0037,,,LT-8m-Steel,W-81,560078,KSPDB-SD07-D-0037-2640
P-002641,12.971409,77.589731,F-07-05,D-0037,,,LT-9m-PCC,W-64,560078,KSPDB-SD07-D-0037-2641
P-002642,12.971518,77.589649,F-07-05,D-0037,,,LT-9m-PCC,W-74,560078,KSPDB-SD07-D-0037-2642
P-002643,12.952762,77.603848,F-07-03,D-0038,,,LT-8m-PCC,W-25,560078,KSPDB-SD07-D-0038-2643
P-002644,12.952751,77.603899,F-07-03,D-0038,,,LT-9m-PCC,W-12,560078,KSPDB-SD07-D-0038-2644
P-002645,12.952766,77.603976,F-07-03,D-0038,,,LT-8m-Steel,W-66,560078,KSPDB-SD07-D-0038-2645
P-002646,12.952912,77.603994,F-07-03,D-0038,,,LT-8m-PCC,W-88,560078,KSPDB-SD07-D-0038-2646
P-002647,12.952591,77.603983,F-07-03,D-0038,,,LT-9m-PCC,W-42,560078,KSPDB-SD07-D-0038-2647
P-002648,12.952653,77.603706,F-07-03,D-0038,,,LT-8m-PCC,W-47,560078,
P-002649,12.952763,77.603814,F-07-03,D-0038,,,LT-8m-Steel,W-10,560078,KSPDB-SD07-D-0038-2649
P-002650,12.952653,77.603912,F-07-03,D-0038,,,LT-8m-PCC,W-43,560078,KSPDB-SD07-D-0038-2650
P-002651,12.9527,77.603755,F-07-03,D-0038,,,LT-8m-PCC,W-30,560078,KSPDB-SD07-D-0038-2651
P-002652,12.952785,77.603791,F-07-03,D-0038,,,LT-9m-PCC,W-99,560078,KSPDB-SD07-D-0038-2652
P-002653,12.952799,77.603676,F-07-03,D-0038,,,LT-8m-PCC,W-78,560078,KSPDB-SD07-D-0038-2653
P-002654,12.952804,77.603742,F-07-03,D-0038,,,LT-9m-PCC,W-58,560078,KSPDB-SD07-D-0038-2654
P-002655,12.952587,77.603798,F-07-03,D-0038,,,LT-9m-PCC,W-72,560078,KSPDB-SD07-D-0038-2655
P-002656,12.952869,77.603741,F-07-03,D-0038,,,LT-8m-PCC,W-52,560078,KSPDB-SD07-D-0038-2656
P-002657,12.952724,77.60386,F-07-03,D-0038,,,LT-9m-PCC,W-60,560078,
P-002658,12.952694,77.603924,F-07-03,D-0038,,,LT-8m-Steel,W-96,,KSPDB-SD07-D-0038-2658
P-002659,12.952959,77.603583,F-07-03,D-0038,,,LT-9m-PCC,W-66,560078,KSPDB-SD07-D-0038-2659
P-002660,12.952901,77.603893,F-07-03,D-0038,,,LT-8m-PCC,W-68,560078,KSPDB-SD07-D-0038-2660
P-002661,12.953068,77.603717,F-07-03,D-0038,,,LT-8m-PCC,W-51,560078,KSPDB-SD07-D-0038-2661
P-002662,12.952891,77.603631,F-07-03,D-0038,,,LT-9m-PCC,W-91,560078,KSPDB-SD07-D-0038-2662
P-002663,12.952872,77.603419,F-07-03,D-0038,,,LT-8m-PCC,W-97,560078,KSPDB-SD07-D-0038-2663
P-002664,12.953053,77.60343,F-07-03,D-0038,,,LT-9m-PCC,W-90,560078,KSPDB-SD07-D-0038-2664
P-002665,12.953218,77.603629,F-07-03,D-0038,,,LT-9m-PCC,W-78,560078,KSPDB-SD07-D-0038-2665
P-002666,12.952691,77.603223,F-07-03,D-0038,,,LT-8m-PCC,W-55,560078,KSPDB-SD07-D-0038-2666
P-002667,12.952761,77.603193,F-07-03,D-0038,,,LT-9m-PCC,W-39,560078,KSPDB-SD07-D-0038-2667
P-002668,12.952663,77.603256,F-07-03,D-0038,,,LT-8m-PCC,W-67,560078,KSPDB-SD07-D-0038-2668
P-002669,12.952861,77.603243,F-07-03,D-0038,,,LT-9m-PCC,W-87,560078,KSPDB-SD07-D-0038-2669
P-002670,12.952951,77.603279,F-07-03,D-0038,,,LT-8m-PCC,W-68,560078,KSPDB-SD07-D-0038-2670
P-002671,12.952595,77.603301,F-07-03,D-0038,,,LT-8m-Steel,W-38,560078,
P-002672,12.952797,77.603348,F-07-03,D-0038,,,LT-8m-Steel,W-38,560078,KSPDB-SD07-D-0038-2672
P-002673,12.952516,77.603293,F-07-03,D-0038,,,LT-9m-PCC,W-47,560078,
P-002674,12.952916,77.603212,F-07-03,D-0038,,,LT-8m-PCC,W-82,560078,KSPDB-SD07-D-0038-2674
P-002675,12.952636,77.603339,F-07-03,D-0038,,,LT-8m-PCC,W-29,560078,KSPDB-SD07-D-0038-2675
P-002676,12.952351,77.603481,F-07-03,D-0038,,,LT-8m-Steel,W-62,560078,
P-002677,12.952311,77.60344,F-07-03,D-0038,,,LT-9m-PCC,W-12,560078,KSPDB-SD07-D-0038-2677
P-002678,12.952711,77.603354,F-07-03,D-0038,,,LT-9m-PCC,W-30,560078,KSPDB-SD07-D-0038-2678
P-002679,12.952768,77.60341,F-07-03,D-0038,,,LT-9m-PCC,W-16,560078,KSPDB-SD07-D-0038-2679
P-002680,12.952801,77.603263,F-07-03,D-0038,,,LT-8m-Steel,W-66,560078,KSPDB-SD07-D-0038-2680
P-002681,12.952507,77.603539,F-07-03,D-0038,,,LT-8m-Steel,W-19,560078,KSPDB-SD07-D-0038-2681
P-002682,12.952587,77.60349,F-07-03,D-0038,,,LT-8m-Steel,W-42,560078,KSPDB-SD07-D-0038-2682
P-002683,12.952516,77.60332,F-07-03,D-0038,,,LT-9m-PCC,W-28,560078,KSPDB-SD07-D-0038-2683
P-002684,12.952727,77.603577,F-07-03,D-0038,,,LT-9m-PCC,W-64,560078,KSPDB-SD07-D-0038-2684
P-002685,12.952929,77.603232,F-07-03,D-0038,,,LT-8m-PCC,W-49,560078,KSPDB-SD07-D-0038-2685
P-002686,12.952594,77.603626,F-07-03,D-0038,,,LT-9m-PCC,W-33,560078,KSPDB-SD07-D-0038-2686
P-002687,12.952528,77.603464,F-07-03,D-0038,,,LT-8m-Steel,W-63,560078,KSPDB-SD07-D-0038-2687
P-002688,12.952457,77.603284,F-07-03,D-0038,,,LT-8m-Steel,W-18,560078,KSPDB-SD07-D-0038-2688
P-002689,12.952643,77.603803,F-07-03,D-0038,,,LT-8m-PCC,W-36,560078,
P-002690,12.952512,77.603425,F-07-03,D-0038,,,LT-8m-Steel,W-36,560078,KSPDB-SD07-D-0038-2690
P-002691,12.952557,77.603516,F-07-03,D-0038,,,LT-9m-PCC,W-26,560078,KSPDB-SD07-D-0038-2691
P-002692,12.952839,77.603977,F-07-03,D-0038,,,LT-8m-PCC,W-62,560078,KSPDB-SD07-D-0038-2692
P-002693,12.952635,77.603436,F-07-03,D-0038,,,LT-9m-PCC,W-69,560078,KSPDB-SD07-D-0038-2693
P-002694,12.95277,77.603428,F-07-03,D-0038,,,LT-8m-PCC,W-42,560078,KSPDB-SD07-D-0038-2694
P-002695,12.968799,77.599971,F-07-01,D-0039,,,LT-8m-Steel,W-29,560078,
P-002696,12.968765,77.600079,F-07-01,D-0039,,,LT-9m-PCC,W-49,560078,KSPDB-SD07-D-0039-2696
P-002697,12.968943,77.599897,F-07-01,D-0039,,,LT-9m-PCC,W-47,560078,KSPDB-SD07-D-0039-2697
P-002698,12.968836,77.599902,F-07-01,D-0039,,,LT-8m-PCC,W-74,560078,KSPDB-SD07-D-0039-2698
P-002699,12.968714,77.599822,F-07-01,D-0039,,,LT-8m-PCC,W-81,560078,KSPDB-SD07-D-0039-2699
P-002700,12.968918,77.599867,F-07-01,D-0039,,,LT-8m-Steel,W-65,560078,KSPDB-SD07-D-0039-2700
P-002701,12.969105,77.599884,F-07-01,D-0039,,,LT-8m-Steel,W-64,560078,KSPDB-SD07-D-0039-2701
P-002702,12.969282,77.599907,F-07-01,D-0039,,,LT-9m-PCC,W-33,560078,KSPDB-SD07-D-0039-2702
P-002703,12.96911,77.599799,F-07-01,D-0039,,,LT-8m-PCC,W-79,560078,KSPDB-SD07-D-0039-2703
P-002704,12.969451,77.599826,F-07-01,D-0039,,,LT-8m-PCC,W-21,560078,KSPDB-SD07-D-0039-2704
P-002705,12.969127,77.600083,F-07-01,D-0039,,,LT-9m-PCC,W-86,560078,KSPDB-SD07-D-0039-2705
P-002706,12.969212,77.599863,F-07-01,D-0039,,,LT-8m-Steel,W-77,560078,KSPDB-SD07-D-0039-2706
P-002707,12.969224,77.599916,F-07-01,D-0039,,,LT-8m-Steel,W-15,560078,KSPDB-SD07-D-0039-2707
P-002708,12.969283,77.599767,F-07-01,D-0039,,,LT-9m-PCC,W-64,560078,KSPDB-SD07-D-0039-2708
P-002709,12.969266,77.599935,F-07-01,D-0039,,,LT-8m-PCC,W-95,560078,KSPDB-SD07-D-0039-2709
P-002710,12.969368,77.599644,F-07-01,D-0039,,,LT-8m-Steel,W-54,560078,KSPDB-SD07-D-0039-2710
P-002711,12.96922,77.599762,F-07-01,D-0039,,,LT-8m-Steel,W-83,560078,KSPDB-SD07-D-0039-2711
P-002712,12.969285,77.599632,F-07-01,D-0039,,,LT-8m-PCC,W-84,560078,KSPDB-SD07-D-0039-2712
P-002713,12.969344,77.599679,F-07-01,D-0039,,,LT-9m-PCC,W-78,560078,KSPDB-SD07-D-0039-2713
P-002714,12.9691,77.599832,F-07-01,D-0039,,,LT-8m-PCC,W-43,560078,KSPDB-SD07-D-0039-2714
P-002715,12.96927,77.599782,F-07-01,D-0039,,,LT-8m-PCC,W-46,560078,KSPDB-SD07-D-0039-2715
P-002716,12.969264,77.599628,F-07-01,D-0039,,,LT-9m-PCC,W-10,560078,KSPDB-SD07-D-0039-2716
P-002717,12.969105,77.599598,F-07-01,D-0039,,,LT-9m-PCC,W-72,560078,KSPDB-SD07-D-0039-2717
P-002718,12.969293,77.599685,F-07-01,D-0039,,,LT-9m-PCC,W-47,560078,KSPDB-SD07-D-0039-2718
P-002719,12.969301,77.599665,F-07-01,D-0039,,,LT-9m-PCC,W-27,560078,KSPDB-SD07-D-0039-2719
P-002720,12.969257,77.599976,F-07-01,D-0039,,,LT-8m-PCC,W-57,560078,KSPDB-SD07-D-0039-2720
P-002721,12.969455,77.599674,F-07-01,D-0039,,,LT-8m-PCC,W-71,560078,KSPDB-SD07-D-0039-2721
P-002722,12.96923,77.599545,F-07-01,D-0039,,,LT-9m-PCC,W-23,560078,KSPDB-SD07-D-0039-2722
P-002723,12.96949,77.599622,F-07-01,D-0039,,,LT-9m-PCC,W-58,560078,
P-002724,12.969181,77.599728,F-07-01,D-0039,,,LT-9m-PCC,W-17,560078,KSPDB-SD07-D-0039-2724
P-002725,12.969306,77.59945,F-07-01,D-0039,,,LT-9m-PCC,W-86,560078,KSPDB-SD07-D-0039-2725
P-002726,12.969331,77.599611,F-07-01,D-0039,,,LT-9m-PCC,W-58,560078,KSPDB-SD07-D-0039-2726
P-002727,12.969177,77.599658,F-07-01,D-0039,,,LT-9m-PCC,W-21,560078,KSPDB-SD07-D-0039-2727
P-002728,12.969471,77.599805,F-07-01,D-0039,,,LT-9m-PCC,W-94,560078,KSPDB-SD07-D-0039-2728
P-002729,12.969029,77.599849,F-07-01,D-0039,,,LT-8m-Steel,W-34,560078,KSPDB-SD07-D-0039-2729
P-002730,12.969165,77.599587,F-07-01,D-0039,,,LT-9m-PCC,W-96,560078,KSPDB-SD07-D-0039-2730
P-002731,12.969398,77.599788,F-07-01,D-0039,,,LT-8m-PCC,W-96,560078,KSPDB-SD07-D-0039-2731
P-002732,12.969434,77.599933,F-07-01,D-0039,,,LT-8m-Steel,W-43,560078,KSPDB-SD07-D-0039-2732
P-002733,12.969586,77.59975,F-07-01,D-0039,,,LT-8m-Steel,W-14,560078,KSPDB-SD07-D-0039-2733
P-002734,12.968983,77.599525,F-07-01,D-0039,,,LT-9m-PCC,W-91,560078,KSPDB-SD07-D-0039-2734
P-002735,12.969253,77.60012,F-07-01,D-0039,,,LT-9m-PCC,W-76,560078,KSPDB-SD07-D-0039-2735
P-002736,12.969173,77.599953,F-07-01,D-0039,,,LT-8m-PCC,W-93,560078,KSPDB-SD07-D-0039-2736
P-002737,12.969072,77.600079,F-07-01,D-0039,,,LT-8m-PCC,W-29,560078,KSPDB-SD07-D-0039-2737
P-002738,12.969178,77.599794,F-07-01,D-0039,,,LT-8m-Steel,W-19,560078,KSPDB-SD07-D-0039-2738
P-002739,12.969027,77.5999,F-07-01,D-0039,,,LT-8m-PCC,W-24,560078,KSPDB-SD07-D-0039-2739
P-002740,12.969136,77.600133,F-07-01,D-0039,,,LT-8m-Steel,W-60,560078,KSPDB-SD07-D-0039-2740
P-002741,12.969124,77.599851,F-07-01,D-0039,,,LT-9m-PCC,W-86,,KSPDB-SD07-D-0039-2741
P-002742,12.969116,77.599805,F-07-01,D-0039,,,LT-8m-Steel,W-60,560078,KSPDB-SD07-D-0039-2742
P-002743,12.969328,77.60009,F-07-01,D-0039,,,LT-8m-PCC,W-45,560078,KSPDB-SD07-D-0039-2743
P-002744,12.969003,77.599699,F-07-01,D-0039,,,LT-8m-Steel,W-51,560078,KSPDB-SD07-D-0039-2744
P-002745,12.96924,77.599944,F-07-01,D-0039,,,LT-8m-PCC,W-88,560078,KSPDB-SD07-D-0039-2745
P-002746,12.969124,77.599863,F-07-01,D-0039,,,LT-8m-PCC,W-78,560078,KSPDB-SD07-D-0039-2746
P-002747,12.96941,77.600004,F-07-01,D-0039,,,LT-8m-PCC,W-10,560078,KSPDB-SD07-D-0039-2747
P-002748,12.969137,77.599766,F-07-01,D-0039,,,LT-8m-PCC,W-72,560078,KSPDB-SD07-D-0039-2748
P-002749,12.969384,77.599861,F-07-01,D-0039,,,LT-9m-PCC,W-98,560078,KSPDB-SD07-D-0039-2749
P-002750,12.969039,77.599887,F-07-01,D-0039,,,LT-8m-Steel,W-40,560078,KSPDB-SD07-D-0039-2750
P-002751,12.969568,77.599717,F-07-01,D-0039,,,LT-9m-PCC,W-59,560078,KSPDB-SD07-D-0039-2751
P-002752,12.969108,77.599835,F-07-01,D-0039,,,LT-8m-Steel,W-92,560078,KSPDB-SD07-D-0039-2752
P-002753,12.969529,77.599681,F-07-01,D-0039,,,LT-8m-Steel,W-44,560078,KSPDB-SD07-D-0039-2753
P-002754,12.969457,77.59992,F-07-01,D-0039,,,LT-8m-Steel,W-59,560078,KSPDB-SD07-D-0039-2754
P-002755,12.969256,77.599717,F-07-01,D-0039,,,LT-9m-PCC,W-59,560078,KSPDB-SD07-D-0039-2755
P-002756,12.969366,77.599857,F-07-01,D-0039,,,LT-8m-Steel,W-99,560078,KSPDB-SD07-D-0039-2756
P-002757,12.969155,77.599618,F-07-01,D-0039,,,LT-8m-PCC,W-89,560078,KSPDB-SD07-D-0039-2757
P-002758,12.96899,77.599594,F-07-01,D-0039,,,LT-8m-Steel,W-59,560078,KSPDB-SD07-D-0039-2758
P-002759,12.969125,77.599641,F-07-01,D-0039,,,LT-8m-Steel,W-77,560078,KSPDB-SD07-D-0039-2759
P-002760,12.968986,77.599478,F-07-01,D-0039,,,LT-8m-Steel,W-50,560078,KSPDB-SD07-D-0039-2760
P-002761,12.969116,77.599672,F-07-01,D-0039,,,LT-8m-Steel,W-43,560078,KSPDB-SD07-D-0039-2761
P-002762,12.968883,77.599403,F-07-01,D-0039,,,LT-8m-PCC,W-81,560078,KSPDB-SD07-D-0039-2762
P-002763,12.969057,77.599598,F-07-01,D-0039,,,LT-9m-PCC,W-35,560078,KSPDB-SD07-D-0039-2763
P-002764,12.969263,77.599535,F-07-01,D-0039,,,LT-8m-PCC,W-38,560078,
P-002765,12.969148,77.599514,F-07-01,D-0039,,,LT-8m-PCC,W-65,560078,KSPDB-SD07-D-0039-2765
P-002766,12.969436,77.599603,F-07-01,D-0039,,,LT-8m-Steel,W-96,560078,KSPDB-SD07-D-0039-2766
P-002767,12.96916,77.599646,F-07-01,D-0039,,,LT-8m-Steel,W-12,560078,KSPDB-SD07-D-0039-2767
P-002768,12.969117,77.599723,F-07-01,D-0039,,,LT-9m-PCC,W-93,560078,KSPDB-SD07-D-0039-2768
P-002769,12.969165,77.599831,F-07-01,D-0039,,,LT-8m-Steel,W-88,560078,KSPDB-SD07-D-0039-2769
P-002770,12.969336,77.599669,F-07-01,D-0039,,,LT-8m-Steel,W-94,560078,KSPDB-SD07-D-0039-2770
P-002771,12.969278,77.599639,F-07-01,D-0039,,,LT-9m-PCC,W-31,560078,KSPDB-SD07-D-0039-2771
P-002772,12.969,77.599638,F-07-01,D-0039,,,LT-8m-PCC,W-79,560078,KSPDB-SD07-D-0039-2772
P-002773,12.969229,77.599768,F-07-01,D-0039,,,LT-9m-PCC,W-55,560078,KSPDB-SD07-D-0039-2773
P-002774,12.96952,77.599815,F-07-01,D-0039,,,LT-8m-Steel,W-89,560078,KSPDB-SD07-D-0039-2774
P-002775,12.969193,77.599826,F-07-01,D-0039,,,LT-8m-Steel,W-23,560078,KSPDB-SD07-D-0039-2775
P-002776,12.969399,77.599694,F-07-01,D-0039,,,LT-9m-PCC,W-70,560078,KSPDB-SD07-D-0039-2776
P-002777,12.969102,77.599616,F-07-01,D-0039,,,LT-8m-Steel,W-75,560078,KSPDB-SD07-D-0039-2777
P-002778,12.968998,77.599442,F-07-01,D-0039,,,LT-9m-PCC,W-56,560078,KSPDB-SD07-D-0039-2778
P-002779,12.969022,77.599714,F-07-01,D-0039,,,LT-8m-Steel,W-85,560078,KSPDB-SD07-D-0039-2779
P-002780,12.969173,77.599885,F-07-01,D-0039,,,LT-9m-PCC,W-52,560078,KSPDB-SD07-D-0039-2780
P-002781,12.969223,77.599746,F-07-01,D-0039,,,LT-9m-PCC,W-21,560078,KSPDB-SD07-D-0039-2781
P-002782,12.969272,77.599467,F-07-01,D-0039,,,LT-9m-PCC,W-39,560078,KSPDB-SD07-D-0039-2782
P-002783,12.969369,77.599764,F-07-01,D-0039,,,LT-8m-Steel,W-40,560078,KSPDB-SD07-D-0039-2783
P-002784,12.969263,77.599439,F-07-01,D-0039,,,LT-9m-PCC,W-60,560078,
P-002785,12.969461,77.599428,F-07-01,D-0039,,,LT-8m-Steel,W-35,560078,KSPDB-SD07-D-0039-2785
P-002786,12.969202,77.599478,F-07-01,D-0039,,,LT-9m-PCC,W-49,560078,KSPDB-SD07-D-0039-2786
P-002787,12.969191,77.599602,F-07-01,D-0039,,,LT-8m-PCC,W-60,560078,
P-002788,12.969383,77.599527,F-07-01,D-0039,,,LT-8m-PCC,W-91,560078,KSPDB-SD07-D-0039-2788
P-002789,12.969539,77.599411,F-07-01,D-0039,,,LT-9m-PCC,W-76,560078,KSPDB-SD07-D-0039-2789
P-002790,12.950084,77.594175,F-07-05,D-0040,,,LT-9m-PCC,W-80,560078,KSPDB-SD07-D-0040-2790
P-002791,12.950024,77.594197,F-07-05,D-0040,,,LT-8m-Steel,W-14,560078,KSPDB-SD07-D-0040-2791
P-002792,12.950204,77.594196,F-07-05,D-0040,,,LT-8m-Steel,W-54,560078,
P-002793,12.950335,77.594218,F-07-05,D-0040,,,LT-8m-Steel,W-29,560078,KSPDB-SD07-D-0040-2793
P-002794,12.949935,77.594084,F-07-05,D-0040,,,LT-9m-PCC,W-10,560078,KSPDB-SD07-D-0040-2794
P-002795,12.950275,77.594282,F-07-05,D-0040,,,LT-8m-Steel,W-71,560078,KSPDB-SD07-D-0040-2795
P-002796,12.950168,77.594141,F-07-05,D-0040,,,LT-9m-PCC,W-56,560078,KSPDB-SD07-D-0040-2796
P-002797,12.950189,77.594081,F-07-05,D-0040,,,LT-9m-PCC,W-12,560078,KSPDB-SD07-D-0040-2797
P-002798,12.950299,77.594404,F-07-05,D-0040,,,LT-8m-PCC,W-81,560078,
P-002799,12.949842,77.594101,F-07-05,D-0040,,,LT-8m-PCC,W-45,560078,KSPDB-SD07-D-0040-2799
P-002800,12.950121,77.594216,F-07-05,D-0040,,,LT-8m-PCC,W-33,560078,KSPDB-SD07-D-0040-2800
P-002801,12.950304,77.593961,F-07-05,D-0040,,,LT-9m-PCC,W-51,560078,KSPDB-SD07-D-0040-2801
P-002802,12.950186,77.594228,F-07-05,D-0040,,,LT-9m-PCC,W-71,560078,KSPDB-SD07-D-0040-2802
P-002803,12.949738,77.594147,F-07-05,D-0040,,,LT-9m-PCC,W-95,560078,KSPDB-SD07-D-0040-2803
P-002804,12.949842,77.593982,F-07-05,D-0040,,,LT-9m-PCC,W-44,560078,KSPDB-SD07-D-0040-2804
P-002805,12.95,77.59411,F-07-05,D-0040,,,LT-8m-Steel,W-44,560078,KSPDB-SD07-D-0040-2805
P-002806,12.949582,77.594268,F-07-05,D-0040,,,LT-8m-Steel,W-13,,KSPDB-SD07-D-0040-2806
P-002807,12.949913,77.594184,F-07-05,D-0040,,,LT-8m-PCC,W-28,560078,KSPDB-SD07-D-0040-2807
P-002808,12.949863,77.59422,F-07-05,D-0040,,,LT-8m-Steel,W-17,560078,KSPDB-SD07-D-0040-2808
P-002809,12.94969,77.594184,F-07-05,D-0040,,,LT-8m-PCC,W-59,,
P-002810,12.949748,77.594343,F-07-05,D-0040,,,LT-8m-Steel,W-80,560078,KSPDB-SD07-D-0040-2810
P-002811,12.949729,77.594387,F-07-05,D-0040,,,LT-8m-Steel,W-56,560078,KSPDB-SD07-D-0040-2811
P-002812,12.949755,77.594231,F-07-05,D-0040,,,LT-8m-Steel,W-52,560078,KSPDB-SD07-D-0040-2812
P-002813,12.949727,77.594088,F-07-05,D-0040,,,LT-9m-PCC,W-20,560078,KSPDB-SD07-D-0040-2813
P-002814,12.949656,77.593981,F-07-05,D-0040,,,LT-8m-Steel,W-58,560078,KSPDB-SD07-D-0040-2814
P-002815,12.949604,77.594397,F-07-05,D-0040,,,LT-9m-PCC,W-45,560078,KSPDB-SD07-D-0040-2815
P-002816,12.949953,77.594328,F-07-05,D-0040,,,LT-8m-Steel,W-32,560078,KSPDB-SD07-D-0040-2816
P-002817,12.949988,77.594401,F-07-05,D-0040,,,LT-8m-PCC,W-51,560078,KSPDB-SD07-D-0040-2817
P-002818,12.94954,77.594279,F-07-05,D-0040,,,LT-9m-PCC,W-76,560078,KSPDB-SD07-D-0040-2818
P-002819,12.949848,77.594127,F-07-05,D-0040,,,LT-8m-PCC,W-42,560078,KSPDB-SD07-D-0040-2819
P-002820,12.949898,77.594415,F-07-05,D-0040,,,LT-8m-Steel,W-24,560078,KSPDB-SD07-D-0040-2820
P-002821,12.950037,77.59435,F-07-05,D-0040,,,LT-8m-PCC,W-85,560078,KSPDB-SD07-D-0040-2821
P-002822,12.950147,77.59427,F-07-05,D-0040,,,LT-8m-PCC,W-55,560078,KSPDB-SD07-D-0040-2822
P-002823,12.950265,77.59411,F-07-05,D-0040,,,LT-9m-PCC,W-10,560078,KSPDB-SD07-D-0040-2823
P-002824,12.950031,77.594476,F-07-05,D-0040,,,LT-8m-PCC,W-89,560078,KSPDB-SD07-D-0040-2824
P-002825,12.949977,77.594188,F-07-05,D-0040,,,LT-8m-Steel,W-36,560078,KSPDB-SD07-D-0040-2825
P-002826,12.95034,77.594225,F-07-05,D-0040,,,LT-9m-PCC,W-93,560078,KSPDB-SD07-D-0040-2826
P-002827,12.950363,77.594071,F-07-05,D-0040,,,LT-8m-PCC,W-41,560078,KSPDB-SD07-D-0040-2827
P-002828,12.950128,77.594524,F-07-05,D-0040,,,LT-9m-PCC,W-56,560078,KSPDB-SD07-D-0040-2828
P-002829,12.950002,77.594384,F-07-05,D-0040,,,LT-8m-Steel,W-63,560078,KSPDB-SD07-D-0040-2829
P-002830,12.950322,77.594064,F-07-05,D-0040,,,LT-9m-PCC,W-24,560078,KSPDB-SD07-D-0040-2830
P-002831,12.950261,77.594198,F-07-05,D-0040,,,LT-8m-Steel,W-50,560078,KSPDB-SD07-D-0040-2831
P-002832,12.949989,77.594515,F-07-05,D-0040,,,LT-8m-PCC,W-73,560078,
P-002833,12.950237,77.594253,F-07-05,D-0040,,,LT-9m-PCC,W-10,560078,KSPDB-SD07-D-0040-2833
P-002834,12.950128,77.594168,F-07-05,D-0040,,,LT-8m-Steel,W-48,560078,KSPDB-SD07-D-0040-2834
P-002835,12.950209,77.594343,F-07-05,D-0040,,,LT-8m-Steel,W-79,560078,KSPDB-SD07-D-0040-2835
P-002836,12.950109,77.594315,F-07-05,D-0040,,,LT-9m-PCC,W-72,560078,KSPDB-SD07-D-0040-2836
P-002837,12.950082,77.594407,F-07-05,D-0040,,,LT-9m-PCC,W-92,560078,KSPDB-SD07-D-0040-2837
P-002838,12.950095,77.594261,F-07-05,D-0040,,,LT-8m-Steel,W-24,560078,KSPDB-SD07-D-0040-2838
P-002839,12.950025,77.594296,F-07-05,D-0040,,,LT-9m-PCC,W-91,560078,KSPDB-SD07-D-0040-2839
P-002840,12.950201,77.594175,F-07-05,D-0040,,,LT-9m-PCC,W-85,560078,KSPDB-SD07-D-0040-2840
P-002841,12.950147,77.594301,F-07-05,D-0040,,,LT-8m-PCC,W-94,560078,KSPDB-SD07-D-0040-2841
P-002842,12.950001,77.594303,F-07-05,D-0040,,,LT-9m-PCC,W-66,560078,KSPDB-SD07-D-0040-2842
P-002843,12.950127,77.594408,F-07-05,D-0040,,,LT-8m-PCC,W-91,560078,KSPDB-SD07-D-0040-2843
P-002844,12.94987,77.594388,F-07-05,D-0040,,,LT-9m-PCC,W-71,560078,KSPDB-SD07-D-0040-2844
P-002845,12.949839,77.594235,F-07-05,D-0040,,,LT-8m-PCC,W-17,560078,KSPDB-SD07-D-0040-2845
P-002846,12.949841,77.594461,F-07-05,D-0040,,,LT-9m-PCC,W-97,560078,KSPDB-SD07-D-0040-2846
P-002847,12.95016,77.594473,F-07-05,D-0040,,,LT-9m-PCC,W-55,560078,KSPDB-SD07-D-0040-2847
P-002848,12.949856,77.594353,F-07-05,D-0040,,,LT-8m-Steel,W-91,560078,KSPDB-SD07-D-0040-2848
P-002849,12.949688,77.594578,F-07-05,D-0040,,,LT-8m-Steel,W-27,560078,KSPDB-SD07-D-0040-2849
P-002850,12.949518,77.594468,F-07-05,D-0040,,,LT-8m-PCC,W-50,560078,
P-002851,12.950079,77.594405,F-07-05,D-0040,,,LT-9m-PCC,W-62,560078,
P-002852,12.950355,77.594511,F-07-05,D-0040,,,LT-9m-PCC,W-51,560078,KSPDB-SD07-D-0040-2852
P-002853,12.949688,77.594728,F-07-05,D-0040,,,LT-9m-PCC,W-43,560078,KSPDB-SD07-D-0040-2853
P-002854,12.9501,77.594553,F-07-05,D-0040,,,LT-9m-PCC,W-61,560078,KSPDB-SD07-D-0040-2854
P-002855,12.949663,77.594543,F-07-05,D-0040,,,LT-8m-PCC,W-77,560078,KSPDB-SD07-D-0040-2855
